solid OpenSCAD_Model
  facet normal 0.669364 0.322347 0.669362
    outer loop
      vertex 0.983732 8 -6.42095
      vertex 1.73754 7.67089 -7.01627
      vertex 1.57905 8 -7.01627
    endloop
  endfacet
  facet normal -0.463224 0.58084 -0.669364
    outer loop
      vertex 2.09367 7.5896 -4.98373
      vertex 2.37926 7.81736 -4.98373
      vertex 2.91562 7.55906 -5.57905
    endloop
  endfacet
  facet normal -0.742939 1.86894e-17 -0.669359
    outer loop
      vertex 2.91562 8 -5.57905
      vertex 2.37926 7.81736 -4.98373
      vertex 2.37926 8 -4.98373
    endloop
  endfacet
  facet normal -0.742939 7.74128e-18 -0.669359
    outer loop
      vertex 2.37926 7.81736 -4.98373
      vertex 2.91562 8 -5.57905
      vertex 2.91562 7.55906 -5.57905
    endloop
  endfacet
  facet normal 0.222524 0.974927 -0
    outer loop
      vertex 2.22614 7.00921 -6.42095
      vertex 1.36637 7.20545 -5.57905
      vertex 2.22614 7.00921 -5.57905
    endloop
  endfacet
  facet normal 0.222524 0.974927 0
    outer loop
      vertex 1.36637 7.20545 -5.57905
      vertex 2.22614 7.00921 -6.42095
      vertex 1.36637 7.20545 -6.42095
    endloop
  endfacet
  facet normal -1 0 0
    outer loop
      vertex 2.91562 7.55906 -6.42095
      vertex 2.91562 8 -5.57905
      vertex 2.91562 8 -6.42095
    endloop
  endfacet
  facet normal -1 -0 0
    outer loop
      vertex 2.91562 8 -5.57905
      vertex 2.91562 7.55906 -6.42095
      vertex 2.91562 7.55906 -5.57905
    endloop
  endfacet
  facet normal -0.742939 0 0.669359
    outer loop
      vertex 2.37926 7.81736 -7.01627
      vertex 2.91562 8 -6.42095
      vertex 2.37926 8 -7.01627
    endloop
  endfacet
  facet normal -0.742939 0 0.669359
    outer loop
      vertex 2.91562 8 -6.42095
      vertex 2.37926 7.81736 -7.01627
      vertex 2.91562 7.55906 -6.42095
    endloop
  endfacet
  facet normal 0.900968 0.433886 -1.13285e-17
    outer loop
      vertex 1.36637 7.20545 -5.57905
      vertex 0.983732 8 -6.42095
      vertex 0.983732 8 -5.57905
    endloop
  endfacet
  facet normal 0.900968 0.433886 -1.13285e-17
    outer loop
      vertex 0.983732 8 -6.42095
      vertex 1.36637 7.20545 -5.57905
      vertex 1.36637 7.20545 -6.42095
    endloop
  endfacet
  facet normal 0 0 -1
    outer loop
      vertex 2.09367 7.5896 -4.98373
      vertex 2.37926 8 -4.98373
      vertex 2.37926 7.81736 -4.98373
    endloop
  endfacet
  facet normal 0 0 -1
    outer loop
      vertex 1.73754 7.67089 -4.98373
      vertex 2.37926 8 -4.98373
      vertex 2.09367 7.5896 -4.98373
    endloop
  endfacet
  facet normal -0 0 -1
    outer loop
      vertex 2.37926 8 -4.98373
      vertex 1.73754 7.67089 -4.98373
      vertex 1.57905 8 -4.98373
    endloop
  endfacet
  facet normal 0.165331 0.724311 0.669357
    outer loop
      vertex 1.73754 7.67089 -7.01627
      vertex 2.22614 7.00921 -6.42095
      vertex 2.09367 7.5896 -7.01627
    endloop
  endfacet
  facet normal 0.165321 0.724309 0.669362
    outer loop
      vertex 1.36637 7.20545 -6.42095
      vertex 2.22614 7.00921 -6.42095
      vertex 1.73754 7.67089 -7.01627
    endloop
  endfacet
  facet normal -0.463224 0.58084 0.669364
    outer loop
      vertex 2.09367 7.5896 -7.01627
      vertex 2.91562 7.55906 -6.42095
      vertex 2.37926 7.81736 -7.01627
    endloop
  endfacet
  facet normal -0.623495 0.781827 0
    outer loop
      vertex 2.91562 7.55906 -6.42095
      vertex 2.22614 7.00921 -5.57905
      vertex 2.91562 7.55906 -5.57905
    endloop
  endfacet
  facet normal -0.623495 0.781827 0
    outer loop
      vertex 2.22614 7.00921 -5.57905
      vertex 2.91562 7.55906 -6.42095
      vertex 2.22614 7.00921 -6.42095
    endloop
  endfacet
  facet normal 0.669364 0.322351 0.669359
    outer loop
      vertex 0.983732 8 -6.42095
      vertex 1.36637 7.20545 -6.42095
      vertex 1.73754 7.67089 -7.01627
    endloop
  endfacet
  facet normal -0.463219 0.58085 0.669358
    outer loop
      vertex 2.09367 7.5896 -7.01627
      vertex 2.22614 7.00921 -6.42095
      vertex 2.91562 7.55906 -6.42095
    endloop
  endfacet
  facet normal 0.165321 0.724309 -0.669362
    outer loop
      vertex 1.36637 7.20545 -5.57905
      vertex 1.73754 7.67089 -4.98373
      vertex 2.22614 7.00921 -5.57905
    endloop
  endfacet
  facet normal 0 0 1
    outer loop
      vertex 2.37926 8 -7.01627
      vertex 2.09367 7.5896 -7.01627
      vertex 2.37926 7.81736 -7.01627
    endloop
  endfacet
  facet normal 0 0 1
    outer loop
      vertex 2.37926 8 -7.01627
      vertex 1.73754 7.67089 -7.01627
      vertex 2.09367 7.5896 -7.01627
    endloop
  endfacet
  facet normal 0 -0 1
    outer loop
      vertex 1.73754 7.67089 -7.01627
      vertex 2.37926 8 -7.01627
      vertex 1.57905 8 -7.01627
    endloop
  endfacet
  facet normal 0.669364 0.322351 -0.669359
    outer loop
      vertex 0.983732 8 -5.57905
      vertex 1.73754 7.67089 -4.98373
      vertex 1.36637 7.20545 -5.57905
    endloop
  endfacet
  facet normal 0.669364 0.322347 -0.669362
    outer loop
      vertex 0.983732 8 -5.57905
      vertex 1.57905 8 -4.98373
      vertex 1.73754 7.67089 -4.98373
    endloop
  endfacet
  facet normal 0.165331 0.724311 -0.669357
    outer loop
      vertex 1.73754 7.67089 -4.98373
      vertex 2.09367 7.5896 -4.98373
      vertex 2.22614 7.00921 -5.57905
    endloop
  endfacet
  facet normal -0.463219 0.58085 -0.669358
    outer loop
      vertex 2.09367 7.5896 -4.98373
      vertex 2.91562 7.55906 -5.57905
      vertex 2.22614 7.00921 -5.57905
    endloop
  endfacet
  facet normal 0.669363 0.322346 0.669363
    outer loop
      vertex -3.01627 8 -6.42095
      vertex -2.26246 7.67089 -7.01627
      vertex -2.42095 8 -7.01627
    endloop
  endfacet
  facet normal -0.463222 0.580837 -0.669368
    outer loop
      vertex -1.90633 7.5896 -4.98373
      vertex -1.62074 7.81736 -4.98373
      vertex -1.08437 7.55906 -5.57905
    endloop
  endfacet
  facet normal -0.742933 3.03365e-17 -0.669366
    outer loop
      vertex -1.08437 8 -5.57905
      vertex -1.62074 7.81736 -4.98373
      vertex -1.62074 8 -4.98373
    endloop
  endfacet
  facet normal -0.742933 1.25656e-17 -0.669366
    outer loop
      vertex -1.62074 7.81736 -4.98373
      vertex -1.08437 8 -5.57905
      vertex -1.08437 7.55906 -5.57905
    endloop
  endfacet
  facet normal 0.222524 0.974927 -0
    outer loop
      vertex -1.77386 7.00921 -6.42095
      vertex -2.63363 7.20545 -5.57905
      vertex -1.77386 7.00921 -5.57905
    endloop
  endfacet
  facet normal 0.222524 0.974927 0
    outer loop
      vertex -2.63363 7.20545 -5.57905
      vertex -1.77386 7.00921 -6.42095
      vertex -2.63363 7.20545 -6.42095
    endloop
  endfacet
  facet normal -1 0 0
    outer loop
      vertex -1.08437 7.55906 -6.42095
      vertex -1.08437 8 -5.57905
      vertex -1.08437 8 -6.42095
    endloop
  endfacet
  facet normal -1 -0 0
    outer loop
      vertex -1.08437 8 -5.57905
      vertex -1.08437 7.55906 -6.42095
      vertex -1.08437 7.55906 -5.57905
    endloop
  endfacet
  facet normal -0.742933 0 0.669366
    outer loop
      vertex -1.62074 7.81736 -7.01627
      vertex -1.08437 8 -6.42095
      vertex -1.62074 8 -7.01627
    endloop
  endfacet
  facet normal -0.742933 0 0.669366
    outer loop
      vertex -1.08437 8 -6.42095
      vertex -1.62074 7.81736 -7.01627
      vertex -1.08437 7.55906 -6.42095
    endloop
  endfacet
  facet normal 0.900967 0.433888 -1.60241e-17
    outer loop
      vertex -2.63363 7.20545 -5.57905
      vertex -3.01627 8 -6.42095
      vertex -3.01627 8 -5.57905
    endloop
  endfacet
  facet normal 0.900967 0.433888 -1.60241e-17
    outer loop
      vertex -3.01627 8 -6.42095
      vertex -2.63363 7.20545 -5.57905
      vertex -2.63363 7.20545 -6.42095
    endloop
  endfacet
  facet normal 0 0 -1
    outer loop
      vertex -1.90633 7.5896 -4.98373
      vertex -1.62074 8 -4.98373
      vertex -1.62074 7.81736 -4.98373
    endloop
  endfacet
  facet normal 0 0 -1
    outer loop
      vertex -2.26246 7.67089 -4.98373
      vertex -1.62074 8 -4.98373
      vertex -1.90633 7.5896 -4.98373
    endloop
  endfacet
  facet normal -0 0 -1
    outer loop
      vertex -1.62074 8 -4.98373
      vertex -2.26246 7.67089 -4.98373
      vertex -2.42095 8 -4.98373
    endloop
  endfacet
  facet normal 0.165331 0.724311 0.669357
    outer loop
      vertex -2.26246 7.67089 -7.01627
      vertex -1.77386 7.00921 -6.42095
      vertex -1.90633 7.5896 -7.01627
    endloop
  endfacet
  facet normal 0.165321 0.724309 0.669362
    outer loop
      vertex -2.63363 7.20545 -6.42095
      vertex -1.77386 7.00921 -6.42095
      vertex -2.26246 7.67089 -7.01627
    endloop
  endfacet
  facet normal -0.463222 0.580837 0.669368
    outer loop
      vertex -1.90633 7.5896 -7.01627
      vertex -1.08437 7.55906 -6.42095
      vertex -1.62074 7.81736 -7.01627
    endloop
  endfacet
  facet normal -0.62349 0.781831 0
    outer loop
      vertex -1.08437 7.55906 -6.42095
      vertex -1.77386 7.00921 -5.57905
      vertex -1.08437 7.55906 -5.57905
    endloop
  endfacet
  facet normal -0.62349 0.781831 0
    outer loop
      vertex -1.77386 7.00921 -5.57905
      vertex -1.08437 7.55906 -6.42095
      vertex -1.77386 7.00921 -6.42095
    endloop
  endfacet
  facet normal 0.669363 0.322352 0.66936
    outer loop
      vertex -3.01627 8 -6.42095
      vertex -2.63363 7.20545 -6.42095
      vertex -2.26246 7.67089 -7.01627
    endloop
  endfacet
  facet normal -0.463215 0.580853 0.66936
    outer loop
      vertex -1.90633 7.5896 -7.01627
      vertex -1.77386 7.00921 -6.42095
      vertex -1.08437 7.55906 -6.42095
    endloop
  endfacet
  facet normal 0.165321 0.724309 -0.669362
    outer loop
      vertex -2.63363 7.20545 -5.57905
      vertex -2.26246 7.67089 -4.98373
      vertex -1.77386 7.00921 -5.57905
    endloop
  endfacet
  facet normal 0 0 1
    outer loop
      vertex -1.62074 8 -7.01627
      vertex -1.90633 7.5896 -7.01627
      vertex -1.62074 7.81736 -7.01627
    endloop
  endfacet
  facet normal 0 0 1
    outer loop
      vertex -1.62074 8 -7.01627
      vertex -2.26246 7.67089 -7.01627
      vertex -1.90633 7.5896 -7.01627
    endloop
  endfacet
  facet normal 0 -0 1
    outer loop
      vertex -2.26246 7.67089 -7.01627
      vertex -1.62074 8 -7.01627
      vertex -2.42095 8 -7.01627
    endloop
  endfacet
  facet normal 0.669363 0.322352 -0.66936
    outer loop
      vertex -3.01627 8 -5.57905
      vertex -2.26246 7.67089 -4.98373
      vertex -2.63363 7.20545 -5.57905
    endloop
  endfacet
  facet normal 0.669363 0.322346 -0.669363
    outer loop
      vertex -3.01627 8 -5.57905
      vertex -2.42095 8 -4.98373
      vertex -2.26246 7.67089 -4.98373
    endloop
  endfacet
  facet normal 0.165331 0.724311 -0.669357
    outer loop
      vertex -2.26246 7.67089 -4.98373
      vertex -1.90633 7.5896 -4.98373
      vertex -1.77386 7.00921 -5.57905
    endloop
  endfacet
  facet normal -0.463215 0.580853 -0.66936
    outer loop
      vertex -1.90633 7.5896 -4.98373
      vertex -1.08437 7.55906 -5.57905
      vertex -1.77386 7.00921 -5.57905
    endloop
  endfacet
  facet normal 0.831469 -0.555571 0
    outer loop
      vertex 7.8097 -4.45671 10
      vertex 7.27964 -5.25 0
      vertex 7.8097 -4.45671 -10
    endloop
  endfacet
  facet normal 0.831471 -0.555568 0
    outer loop
      vertex 7.26777 -5.26777 0.0428956
      vertex 7.8097 -4.45671 10
      vertex 7.26777 -5.26777 10
    endloop
  endfacet
  facet normal 0.831534 -0.555474 -1.10512e-05
    outer loop
      vertex 7.8097 -4.45671 10
      vertex 7.26777 -5.26777 0.0428956
      vertex 7.27964 -5.25 0
    endloop
  endfacet
  facet normal 0.831534 -0.555474 1.10512e-05
    outer loop
      vertex 7.26777 -5.26777 -0.0428956
      vertex 7.8097 -4.45671 -10
      vertex 7.27964 -5.25 0
    endloop
  endfacet
  facet normal 0.831471 -0.555568 -8.53823e-19
    outer loop
      vertex 7.8097 -4.45671 -10
      vertex 7.26777 -5.26777 -0.0428956
      vertex 7.26777 -5.26777 -10
    endloop
  endfacet
  facet normal 1 0 0
    outer loop
      vertex 8 5.5 10
      vertex 8 1.22151 -9
      vertex 8 5.5 -10
    endloop
  endfacet
  facet normal 1 0 0
    outer loop
      vertex 8 5.5 10
      vertex 8 0.957031 -9
      vertex 8 1.22151 -9
    endloop
  endfacet
  facet normal 1 -0 0
    outer loop
      vertex 8 -3.5 10
      vertex 8 0.957031 -9
      vertex 8 5.5 10
    endloop
  endfacet
  facet normal 1 0 0
    outer loop
      vertex 8 -3.5 -10
      vertex 8 0.957031 -9
      vertex 8 -3.5 10
    endloop
  endfacet
  facet normal 1 0 0
    outer loop
      vertex 8 0.957031 -9
      vertex 8 -3.5 -10
      vertex 8 0.957031 -10
    endloop
  endfacet
  facet normal 1 0 0
    outer loop
      vertex 8 5.5 -10
      vertex 8 1.22151 -9
      vertex 8 1.22151 -10
    endloop
  endfacet
  facet normal 0.195089 -0.980786 0
    outer loop
      vertex 5.5 -6 1.04289
      vertex 6.45671 -5.8097 10
      vertex 5.5 -6 10
    endloop
  endfacet
  facet normal 0.195089 -0.980786 0
    outer loop
      vertex 6.45671 -5.8097 10
      vertex 5.5 -6 1.04289
      vertex 6.45671 -5.8097 0.964068
    endloop
  endfacet
  facet normal 0.195089 -0.980786 -5.15358e-19
    outer loop
      vertex 6.45671 -5.8097 -10
      vertex 5.5 -6 -1.04289
      vertex 5.5 -6 -10
    endloop
  endfacet
  facet normal 0.195089 -0.980786 -5.10863e-19
    outer loop
      vertex 5.5 -6 -1.04289
      vertex 6.45671 -5.8097 -10
      vertex 6.45671 -5.8097 -0.964068
    endloop
  endfacet
  facet normal -0.195089 -0.980786 5.15358e-19
    outer loop
      vertex -6.45671 -5.8097 10
      vertex -5.5 -6 1.04289
      vertex -5.5 -6 10
    endloop
  endfacet
  facet normal -0.195089 -0.980786 5.10863e-19
    outer loop
      vertex -5.5 -6 1.04289
      vertex -6.45671 -5.8097 10
      vertex -6.45671 -5.8097 0.964068
    endloop
  endfacet
  facet normal -0.195089 -0.980786 0
    outer loop
      vertex -6.45671 -5.8097 -10
      vertex -5.5 -6 -1.04289
      vertex -6.45671 -5.8097 -0.964068
    endloop
  endfacet
  facet normal -0.195089 -0.980786 -0
    outer loop
      vertex -5.5 -6 -1.04289
      vertex -6.45671 -5.8097 -10
      vertex -5.5 -6 -10
    endloop
  endfacet
  facet normal 0.195089 0.980786 -0
    outer loop
      vertex 6.45671 7.8097 -10
      vertex 5.5 8 10
      vertex 6.45671 7.8097 10
    endloop
  endfacet
  facet normal 0.195089 0.980786 0
    outer loop
      vertex 5.5 8 10
      vertex 6.45671 7.8097 -10
      vertex 5.5 8 -10
    endloop
  endfacet
  facet normal 0 0 -1
    outer loop
      vertex -3.99863 -0.90271 -10
      vertex -5.38538 -0.0703125 -10
      vertex -3.99863 -0.0703125 -10
    endloop
  endfacet
  facet normal 0 0 -1
    outer loop
      vertex -5.82631 0.0381775 -10
      vertex -5.38538 0.19075 -10
      vertex -5.38538 -0.0703125 -10
    endloop
  endfacet
  facet normal 0 0 -1
    outer loop
      vertex -6.13823 0.938385 -10
      vertex -5.48711 1.22151 -10
      vertex -5.48711 0.957031 -10
    endloop
  endfacet
  facet normal 0 0 -1
    outer loop
      vertex -5.55661 -0.90271 -10
      vertex -5.38538 -0.0703125 -10
      vertex -3.99863 -0.90271 -10
    endloop
  endfacet
  facet normal 0 0 -1
    outer loop
      vertex -5.88997 -0.424057 -10
      vertex -5.38538 -0.0703125 -10
      vertex -5.55661 -0.90271 -10
    endloop
  endfacet
  facet normal -0 0 -1
    outer loop
      vertex -5.38538 0.19075 -10
      vertex -5.82631 0.0381775 -10
      vertex -5.86096 0.396637 -10
    endloop
  endfacet
  facet normal 0 0 -1
    outer loop
      vertex -5.38538 0.19075 -10
      vertex -5.86096 0.396637 -10
      vertex -5.48711 0.957031 -10
    endloop
  endfacet
  facet normal 0 0 -1
    outer loop
      vertex -5.96494 0.696701 -10
      vertex -5.48711 0.957031 -10
      vertex -5.86096 0.396637 -10
    endloop
  endfacet
  facet normal 0 0 -1
    outer loop
      vertex -6.13823 0.938385 -10
      vertex -5.48711 0.957031 -10
      vertex -5.96494 0.696701 -10
    endloop
  endfacet
  facet normal 0 0 -1
    outer loop
      vertex -5.48711 1.22151 -10
      vertex -6.13823 0.938385 -10
      vertex -6.37425 1.11545 -10
    endloop
  endfacet
  facet normal 0 0 -1
    outer loop
      vertex -6.66641 1.22169 -10
      vertex -5.48711 1.22151 -10
      vertex -6.37425 1.11545 -10
    endloop
  endfacet
  facet normal 0 0 -1
    outer loop
      vertex -5.48711 1.22151 -10
      vertex -8 5.5 -10
      vertex -5.5 8 -10
    endloop
  endfacet
  facet normal 0 0 -1
    outer loop
      vertex -5.48711 1.22151 -10
      vertex -6.66641 1.22169 -10
      vertex -8 5.5 -10
    endloop
  endfacet
  facet normal 0 0 -1
    outer loop
      vertex -8 5.5 -10
      vertex -6.66641 1.22169 -10
      vertex -7.01471 1.25711 -10
    endloop
  endfacet
  facet normal 0 0 -1
    outer loop
      vertex -8 5.5 -10
      vertex -7.01471 1.25711 -10
      vertex -7.26259 1.24222 -10
    endloop
  endfacet
  facet normal 0 0 -1
    outer loop
      vertex -5.5 8 -10
      vertex -8 5.5 -10
      vertex -6.45671 7.8097 -10
    endloop
  endfacet
  facet normal 0 0 -1
    outer loop
      vertex -8 5.5 -10
      vertex -7.26259 1.24222 -10
      vertex -7.47734 1.19759 -10
    endloop
  endfacet
  facet normal 0 0 -1
    outer loop
      vertex -8 5.5 -10
      vertex -7.47734 1.19759 -10
      vertex -7.65892 1.12318 -10
    endloop
  endfacet
  facet normal 0 0 -1
    outer loop
      vertex -6.45671 7.8097 -10
      vertex -8 5.5 -10
      vertex -7.26777 7.26777 -10
    endloop
  endfacet
  facet normal 0 0 -1
    outer loop
      vertex -8 5.5 -10
      vertex -7.65892 1.12318 -10
      vertex -7.81133 1.01601 -10
    endloop
  endfacet
  facet normal 0 0 -1
    outer loop
      vertex -8 5.5 -10
      vertex -7.81133 1.01601 -10
      vertex -7.93848 0.873032 -10
    endloop
  endfacet
  facet normal 0 0 -1
    outer loop
      vertex -8 5.5 -10
      vertex -7.93848 0.873032 -10
      vertex -8 0.765094 -10
    endloop
  endfacet
  facet normal 0 0 -1
    outer loop
      vertex -7.26777 7.26777 -10
      vertex -8 5.5 -10
      vertex -7.8097 6.45671 -10
    endloop
  endfacet
  facet normal 0 0 -1
    outer loop
      vertex -5.38538 0.19075 -10
      vertex -3.99863 0.957031 -10
      vertex -3.99863 0.19075 -10
    endloop
  endfacet
  facet normal -0 0 -1
    outer loop
      vertex -3.99863 0.957031 -10
      vertex -5.38538 0.19075 -10
      vertex -5.48711 0.957031 -10
    endloop
  endfacet
  facet normal 0 0 -1
    outer loop
      vertex -5.5 -6 -10
      vertex -2.76369 -5.35483 -10
      vertex -2.68187 -5.87139 -10
    endloop
  endfacet
  facet normal 0 0 -1
    outer loop
      vertex -2.10662 -1.76767 -10
      vertex -3.28758 -1.16718 -10
      vertex -2.9146 -1.16718 -10
    endloop
  endfacet
  facet normal 0 0 -1
    outer loop
      vertex -2.76369 -4.64517 -10
      vertex -3.67484 -1.16718 -10
      vertex -3.28758 -1.16718 -10
    endloop
  endfacet
  facet normal -0 0 -1
    outer loop
      vertex -2.76369 -5.35483 -10
      vertex -5.5 -6 -10
      vertex -2.81989 -5 -10
    endloop
  endfacet
  facet normal 0 0 -1
    outer loop
      vertex -5.5 -6 -10
      vertex -2.68187 -5.87139 -10
      vertex -2.61635 -6 -10
    endloop
  endfacet
  facet normal -0 0 -1
    outer loop
      vertex -2.76369 -4.64517 -10
      vertex -5.5 -6 -10
      vertex -5.55661 -1.16718 -10
    endloop
  endfacet
  facet normal 0 0 -1
    outer loop
      vertex -2.76369 -4.64517 -10
      vertex -5.55661 -1.16718 -10
      vertex -3.67484 -1.16718 -10
    endloop
  endfacet
  facet normal 0 0 -1
    outer loop
      vertex -6.07927 -0.794586 -10
      vertex -5.55661 -0.90271 -10
      vertex -5.55661 -1.16718 -10
    endloop
  endfacet
  facet normal 0 0 -1
    outer loop
      vertex -6.45671 -5.8097 -10
      vertex -5.55661 -1.16718 -10
      vertex -5.5 -6 -10
    endloop
  endfacet
  facet normal -0 0 -1
    outer loop
      vertex -5.38538 -0.0703125 -10
      vertex -5.84222 -0.203949 -10
      vertex -5.82631 0.0381775 -10
    endloop
  endfacet
  facet normal 0 0 -1
    outer loop
      vertex -5.38538 -0.0703125 -10
      vertex -5.88997 -0.424057 -10
      vertex -5.84222 -0.203949 -10
    endloop
  endfacet
  facet normal 0 0 -1
    outer loop
      vertex -5.55661 -0.90271 -10
      vertex -5.96956 -0.622131 -10
      vertex -5.88997 -0.424057 -10
    endloop
  endfacet
  facet normal 0 0 -1
    outer loop
      vertex -5.55661 -0.90271 -10
      vertex -6.07927 -0.794586 -10
      vertex -5.96956 -0.622131 -10
    endloop
  endfacet
  facet normal 0 0 -1
    outer loop
      vertex -5.55661 -1.16718 -10
      vertex -6.21744 -0.937836 -10
      vertex -6.07927 -0.794586 -10
    endloop
  endfacet
  facet normal 0 0 -1
    outer loop
      vertex -5.55661 -1.16718 -10
      vertex -6.38405 -1.05191 -10
      vertex -6.21744 -0.937836 -10
    endloop
  endfacet
  facet normal 0 0 -1
    outer loop
      vertex -7.26777 -5.26777 -10
      vertex -5.55661 -1.16718 -10
      vertex -6.45671 -5.8097 -10
    endloop
  endfacet
  facet normal 0 -0 -1
    outer loop
      vertex -6.57637 -1.13478 -10
      vertex -5.55661 -1.16718 -10
      vertex -8 -3.5 -10
    endloop
  endfacet
  facet normal 0 0 -1
    outer loop
      vertex -5.55661 -1.16718 -10
      vertex -6.57637 -1.13478 -10
      vertex -6.38405 -1.05191 -10
    endloop
  endfacet
  facet normal 0 0 -1
    outer loop
      vertex -6.57637 -1.13478 -10
      vertex -8 -3.5 -10
      vertex -6.79169 -1.18451 -10
    endloop
  endfacet
  facet normal 0 0 -1
    outer loop
      vertex -6.79169 -1.18451 -10
      vertex -8 -3.5 -10
      vertex -7.02998 -1.20108 -10
    endloop
  endfacet
  facet normal 0 0 -1
    outer loop
      vertex -7.8097 -4.45671 -10
      vertex -5.55661 -1.16718 -10
      vertex -7.26777 -5.26777 -10
    endloop
  endfacet
  facet normal -0 0 -1
    outer loop
      vertex -7.02998 -1.20108 -10
      vertex -8 -3.5 -10
      vertex -7.23953 -1.1893 -10
    endloop
  endfacet
  facet normal -0 0 -1
    outer loop
      vertex -7.23953 -1.1893 -10
      vertex -8 -3.5 -10
      vertex -7.43872 -1.15399 -10
    endloop
  endfacet
  facet normal -0 0 -1
    outer loop
      vertex -7.43872 -1.15399 -10
      vertex -8 -3.5 -10
      vertex -7.62755 -1.09512 -10
    endloop
  endfacet
  facet normal 0 0 -1
    outer loop
      vertex -5.55661 -1.16718 -10
      vertex -7.8097 -4.45671 -10
      vertex -8 -3.5 -10
    endloop
  endfacet
  facet normal -0 0 -1
    outer loop
      vertex -7.62755 -1.09512 -10
      vertex -8 -3.5 -10
      vertex -7.80171 -1.0148 -10
    endloop
  endfacet
  facet normal -0 0 -1
    outer loop
      vertex -7.80171 -1.0148 -10
      vertex -8 -3.5 -10
      vertex -7.95683 -0.915054 -10
    endloop
  endfacet
  facet normal -0 0 -1
    outer loop
      vertex -7.95683 -0.915054 -10
      vertex -8 -3.5 -10
      vertex -8 -0.877259 -10
    endloop
  endfacet
  facet normal 0 0 -1
    outer loop
      vertex -1.65749 -2.71866 -10
      vertex -1.5 -2.27668 -10
      vertex -1.5 -2.63842 -10
    endloop
  endfacet
  facet normal 0 0 -1
    outer loop
      vertex -1.65749 -2.71866 -10
      vertex -2.10662 -1.76767 -10
      vertex -1.5 -2.27668 -10
    endloop
  endfacet
  facet normal 0 0 -1
    outer loop
      vertex -2.28134 -3.34251 -10
      vertex -2.10662 -1.76767 -10
      vertex -1.65749 -2.71866 -10
    endloop
  endfacet
  facet normal 0 0 -1
    outer loop
      vertex -3.28758 -1.16718 -10
      vertex -2.28134 -3.34251 -10
      vertex -2.44444 -3.66261 -10
    endloop
  endfacet
  facet normal 0 0 -1
    outer loop
      vertex -3.28758 -1.16718 -10
      vertex -2.10662 -1.76767 -10
      vertex -2.28134 -3.34251 -10
    endloop
  endfacet
  facet normal 0 0 -1
    outer loop
      vertex -2.10662 -1.76767 -10
      vertex -2.9146 -1.16718 -10
      vertex -2.58415 -0.940555 -10
    endloop
  endfacet
  facet normal 0 0 -1
    outer loop
      vertex -3.28758 -1.16718 -10
      vertex -2.44444 -3.66261 -10
      vertex -2.68187 -4.12861 -10
    endloop
  endfacet
  facet normal 0 0 -1
    outer loop
      vertex -3.28758 -1.16718 -10
      vertex -2.68187 -4.12861 -10
      vertex -2.76369 -4.64517 -10
    endloop
  endfacet
  facet normal 0 0 -1
    outer loop
      vertex -5.5 -6 -10
      vertex -2.76369 -4.64517 -10
      vertex -2.81989 -5 -10
    endloop
  endfacet
  facet normal -0 0 -1
    outer loop
      vertex -2.58415 -0.940555 -10
      vertex -2.9146 -1.16718 -10
      vertex -2.62563 -0.705322 -10
    endloop
  endfacet
  facet normal 0 0 -1
    outer loop
      vertex -2.70112 -0.277225 -10
      vertex -2.77832 -0.0915985 -10
      vertex -2.73158 -0.104476 -10
    endloop
  endfacet
  facet normal 0 0 -1
    outer loop
      vertex -2.70112 -0.277225 -10
      vertex -2.92099 -0.0153046 -10
      vertex -2.77832 -0.0915985 -10
    endloop
  endfacet
  facet normal 0 0 -1
    outer loop
      vertex -3.28758 -1.16718 -10
      vertex -2.92099 -0.0153046 -10
      vertex -2.70112 -0.277225 -10
    endloop
  endfacet
  facet normal -0 0 -1
    outer loop
      vertex -3.12369 0.221085 -10
      vertex -3.67484 -1.16718 -10
      vertex -3.17538 0.37027 -10
    endloop
  endfacet
  facet normal -0 0 -1
    outer loop
      vertex -3.03751 0.0907288 -10
      vertex -3.67484 -1.16718 -10
      vertex -3.12369 0.221085 -10
    endloop
  endfacet
  facet normal 0 0 -1
    outer loop
      vertex -3.67484 -1.16718 -10
      vertex -3.03751 0.0907288 -10
      vertex -3.28758 -1.16718 -10
    endloop
  endfacet
  facet normal -0 0 -1
    outer loop
      vertex -2.92099 -0.0153046 -10
      vertex -3.28758 -1.16718 -10
      vertex -3.03751 0.0907288 -10
    endloop
  endfacet
  facet normal -0 0 -1
    outer loop
      vertex -2.75 1.15758 -10
      vertex -2.80629 1.14127 -10
      vertex -2.75 2 -10
    endloop
  endfacet
  facet normal 0 0 -1
    outer loop
      vertex 2.78758 1.22151 -10
      vertex 4.03548 0.221085 -10
      vertex 3.76237 -1.16718 -10
    endloop
  endfacet
  facet normal -0 0 -1
    outer loop
      vertex 4.12166 0.0907288 -10
      vertex 3.76237 -1.16718 -10
      vertex 4.03548 0.221085 -10
    endloop
  endfacet
  facet normal -0 0 -1
    outer loop
      vertex 4.23817 -0.0153046 -10
      vertex 3.76237 -1.16718 -10
      vertex 4.12166 0.0907288 -10
    endloop
  endfacet
  facet normal 0 0 -1
    outer loop
      vertex 3.76237 -1.16718 -10
      vertex 4.23817 -0.0153046 -10
      vertex 3.87158 -1.16718 -10
    endloop
  endfacet
  facet normal -0 0 -1
    outer loop
      vertex 4.38084 -0.0915985 -10
      vertex 3.87158 -1.16718 -10
      vertex 4.23817 -0.0153046 -10
    endloop
  endfacet
  facet normal 0 0 -1
    outer loop
      vertex 3.87158 -1.16718 -10
      vertex 4.38084 -0.0915985 -10
      vertex 4.54971 -0.138123 -10
    endloop
  endfacet
  facet normal 0 0 -1
    outer loop
      vertex 7.8097 -4.45671 -10
      vertex 5.60928 -1.16718 -10
      vertex 8 -3.5 -10
    endloop
  endfacet
  facet normal 0 0 -1
    outer loop
      vertex 8 -3.5 -10
      vertex 7.06856 -1.16718 -10
      vertex 7.39066 -1.16718 -10
    endloop
  endfacet
  facet normal 0 0 -1
    outer loop
      vertex 5.60928 -1.16718 -10
      vertex 7.26777 -5.26777 -10
      vertex 6.45671 -5.8097 -10
    endloop
  endfacet
  facet normal 0 0 -1
    outer loop
      vertex 8 -3.5 -10
      vertex 5.93309 -1.16718 -10
      vertex 7.06856 -1.16718 -10
    endloop
  endfacet
  facet normal 0 -0 -1
    outer loop
      vertex 6.24803 0.957031 -10
      vertex 7.06856 -1.16718 -10
      vertex 5.93309 -1.16718 -10
    endloop
  endfacet
  facet normal 0 0 -1
    outer loop
      vertex 5.93309 1.22151 -10
      vertex 6.24803 0.957031 -10
      vertex 5.93309 -1.16718 -10
    endloop
  endfacet
  facet normal 0 0 -1
    outer loop
      vertex 7.06856 -1.16718 -10
      vertex 6.24803 0.957031 -10
      vertex 7.06856 0.957031 -10
    endloop
  endfacet
  facet normal 0 0 -1
    outer loop
      vertex 8 -3.5 -10
      vertex 5.60928 -1.16718 -10
      vertex 5.93309 -1.16718 -10
    endloop
  endfacet
  facet normal 0 0 -1
    outer loop
      vertex 5.5 -6 -10
      vertex 5.60928 -1.16718 -10
      vertex 6.45671 -5.8097 -10
    endloop
  endfacet
  facet normal 0 0 -1
    outer loop
      vertex 2.68187 -4.12861 -10
      vertex 5.60928 -1.16718 -10
      vertex 5.5 -6 -10
    endloop
  endfacet
  facet normal 0 -0 -1
    outer loop
      vertex 4.86507 -0.17543 -10
      vertex 5.60928 -1.16718 -10
      vertex 4.24457 -1.16718 -10
    endloop
  endfacet
  facet normal 0 0 -1
    outer loop
      vertex 5.60928 -1.16718 -10
      vertex 4.86507 -0.17543 -10
      vertex 5.60928 -0.17543 -10
    endloop
  endfacet
  facet normal -0 0 -1
    outer loop
      vertex 5.60928 -1.16718 -10
      vertex 2.68187 -4.12861 -10
      vertex 4.24457 -1.16718 -10
    endloop
  endfacet
  facet normal 0 0 -1
    outer loop
      vertex 2.44444 -3.66261 -10
      vertex 4.24457 -1.16718 -10
      vertex 2.68187 -4.12861 -10
    endloop
  endfacet
  facet normal -0 0 -1
    outer loop
      vertex 4.24457 -1.16718 -10
      vertex 2.44444 -3.66261 -10
      vertex 3.87158 -1.16718 -10
    endloop
  endfacet
  facet normal 0 0 -1
    outer loop
      vertex 2.68187 -4.12861 -10
      vertex 5.5 -6 -10
      vertex 2.76369 -4.64517 -10
    endloop
  endfacet
  facet normal 0 0 -1
    outer loop
      vertex 2.76369 -4.64517 -10
      vertex 5.5 -6 -10
      vertex 2.81989 -5 -10
    endloop
  endfacet
  facet normal 0 0 -1
    outer loop
      vertex 5.5 -6 -10
      vertex 2.76369 -5.35483 -10
      vertex 2.81989 -5 -10
    endloop
  endfacet
  facet normal 0 0 -1
    outer loop
      vertex 5.5 -6 -10
      vertex 2.68187 -5.87139 -10
      vertex 2.76369 -5.35483 -10
    endloop
  endfacet
  facet normal 0 -0 -1
    outer loop
      vertex 2.68187 -5.87139 -10
      vertex 5.5 -6 -10
      vertex 2.61635 -6 -10
    endloop
  endfacet
  facet normal 0 0 -1
    outer loop
      vertex 5.60928 -1.16718 -10
      vertex 7.8097 -4.45671 -10
      vertex 7.26777 -5.26777 -10
    endloop
  endfacet
  facet normal 0 0 -1
    outer loop
      vertex 8 -3.5 -10
      vertex 7.39066 -1.16718 -10
      vertex 8 0.957031 -10
    endloop
  endfacet
  facet normal -0 0 -1
    outer loop
      vertex 8 0.957031 -10
      vertex 7.39066 -1.16718 -10
      vertex 7.39066 0.957031 -10
    endloop
  endfacet
  facet normal 0 0 -1
    outer loop
      vertex 6.24803 1.22151 -10
      vertex 8 5.5 -10
      vertex 8 1.22151 -10
    endloop
  endfacet
  facet normal 0 0 -1
    outer loop
      vertex 5.93309 1.22151 -10
      vertex 8 5.5 -10
      vertex 6.24803 1.22151 -10
    endloop
  endfacet
  facet normal 0 0 -1
    outer loop
      vertex 4.80911 1.22151 -10
      vertex 8 5.5 -10
      vertex 5.93309 1.22151 -10
    endloop
  endfacet
  facet normal 0 0 -1
    outer loop
      vertex 2.10662 3.76767 -10
      vertex 8 5.5 -10
      vertex 2.58415 2.94055 -10
    endloop
  endfacet
  facet normal 0 0 -1
    outer loop
      vertex 6.24803 0.957031 -10
      vertex 5.93309 1.22151 -10
      vertex 6.24803 1.22151 -10
    endloop
  endfacet
  facet normal 0 0 -1
    outer loop
      vertex 8 5.5 -10
      vertex 5.5 8 -10
      vertex 7.8097 6.45671 -10
    endloop
  endfacet
  facet normal 0 0 -1
    outer loop
      vertex 7.8097 6.45671 -10
      vertex 5.5 8 -10
      vertex 7.26777 7.26777 -10
    endloop
  endfacet
  facet normal 0 0 -1
    outer loop
      vertex 8 5.5 -10
      vertex 4.80911 1.22151 -10
      vertex 2.58415 2.94055 -10
    endloop
  endfacet
  facet normal 0 0 -1
    outer loop
      vertex 2.58415 2.94055 -10
      vertex 4.80911 1.22151 -10
      vertex 4.56055 1.20145 -10
    endloop
  endfacet
  facet normal 0 0 -1
    outer loop
      vertex 2.75 2 -10
      vertex 4.56055 1.20145 -10
      vertex 4.35287 1.14127 -10
    endloop
  endfacet
  facet normal 0 0 -1
    outer loop
      vertex 2.75 2 -10
      vertex 4.35287 1.14127 -10
      vertex 4.18608 1.04095 -10
    endloop
  endfacet
  facet normal 0 0 -1
    outer loop
      vertex 2.78758 1.22151 -10
      vertex 4.18608 1.04095 -10
      vertex 4.06412 0.904861 -10
    endloop
  endfacet
  facet normal 0 0 -1
    outer loop
      vertex 2.78758 1.22151 -10
      vertex 4.06412 0.904861 -10
      vertex 3.99094 0.737305 -10
    endloop
  endfacet
  facet normal 0 0 -1
    outer loop
      vertex 4.03548 0.221085 -10
      vertex 2.78758 1.22151 -10
      vertex 3.98378 0.37027 -10
    endloop
  endfacet
  facet normal 0 0 -1
    outer loop
      vertex 3.98378 0.37027 -10
      vertex 2.78758 1.22151 -10
      vertex 3.96654 0.538284 -10
    endloop
  endfacet
  facet normal 0 0 -1
    outer loop
      vertex 2.78758 1.22151 -10
      vertex 3.99094 0.737305 -10
      vertex 3.96654 0.538284 -10
    endloop
  endfacet
  facet normal 0 0 -1
    outer loop
      vertex 4.18608 1.04095 -10
      vertex 2.78758 1.22151 -10
      vertex 2.75 2 -10
    endloop
  endfacet
  facet normal 0 0 -1
    outer loop
      vertex 2.75 2 -10
      vertex 2.78758 1.22151 -10
      vertex 2.75 1.22151 -10
    endloop
  endfacet
  facet normal 0 0 -1
    outer loop
      vertex 4.56055 1.20145 -10
      vertex 2.75 2 -10
      vertex 2.58415 2.94055 -10
    endloop
  endfacet
  facet normal 0 0 -1
    outer loop
      vertex 7.26777 7.26777 -10
      vertex 5.5 8 -10
      vertex 6.45671 7.8097 -10
    endloop
  endfacet
  facet normal -0 0 -1
    outer loop
      vertex 8 5.5 -10
      vertex 2.10662 3.76767 -10
      vertex 5.5 8 -10
    endloop
  endfacet
  facet normal 0 0 -1
    outer loop
      vertex 1.375 4.38157 -10
      vertex 5.5 8 -10
      vertex 2.10662 3.76767 -10
    endloop
  endfacet
  facet normal 0 0 -1
    outer loop
      vertex 0.477532 4.70822 -10
      vertex 5.5 8 -10
      vertex 1.375 4.38157 -10
    endloop
  endfacet
  facet normal 0 0 -1
    outer loop
      vertex -0.477532 4.70822 -10
      vertex 5.5 8 -10
      vertex 0.477532 4.70822 -10
    endloop
  endfacet
  facet normal 0 0 -1
    outer loop
      vertex -5.5 8 -10
      vertex -0.477532 4.70822 -10
      vertex -1.375 4.38157 -10
    endloop
  endfacet
  facet normal 0 0 -1
    outer loop
      vertex -2.97308 1.04095 -10
      vertex -2.75 2 -10
      vertex -2.80629 1.14127 -10
    endloop
  endfacet
  facet normal 0 0 -1
    outer loop
      vertex -3.67484 1.22151 -10
      vertex -2.75 2 -10
      vertex -2.97308 1.04095 -10
    endloop
  endfacet
  facet normal 0 0 -1
    outer loop
      vertex -3.67484 1.22151 -10
      vertex -2.97308 1.04095 -10
      vertex -3.09505 0.904861 -10
    endloop
  endfacet
  facet normal 0 0 -1
    outer loop
      vertex -3.67484 1.22151 -10
      vertex -3.09505 0.904861 -10
      vertex -3.16823 0.737305 -10
    endloop
  endfacet
  facet normal 0 0 -1
    outer loop
      vertex -3.67484 1.22151 -10
      vertex -3.17538 0.37027 -10
      vertex -3.67484 -1.16718 -10
    endloop
  endfacet
  facet normal 0 0 -1
    outer loop
      vertex -3.17538 0.37027 -10
      vertex -3.67484 1.22151 -10
      vertex -3.19263 0.538284 -10
    endloop
  endfacet
  facet normal 0 0 -1
    outer loop
      vertex -3.19263 0.538284 -10
      vertex -3.67484 1.22151 -10
      vertex -3.16823 0.737305 -10
    endloop
  endfacet
  facet normal -0 0 -1
    outer loop
      vertex -2.75 2 -10
      vertex -3.67484 1.22151 -10
      vertex -2.58415 2.94055 -10
    endloop
  endfacet
  facet normal 0 0 -1
    outer loop
      vertex -5.48711 1.22151 -10
      vertex -2.58415 2.94055 -10
      vertex -3.67484 1.22151 -10
    endloop
  endfacet
  facet normal 0 0 -1
    outer loop
      vertex -5.5 8 -10
      vertex -2.58415 2.94055 -10
      vertex -5.48711 1.22151 -10
    endloop
  endfacet
  facet normal 0 0 -1
    outer loop
      vertex -2.58415 2.94055 -10
      vertex -5.5 8 -10
      vertex -2.10662 3.76767 -10
    endloop
  endfacet
  facet normal 0 0 -1
    outer loop
      vertex -0.477532 4.70822 -10
      vertex -5.5 8 -10
      vertex 5.5 8 -10
    endloop
  endfacet
  facet normal 0 0 -1
    outer loop
      vertex -2.10662 3.76767 -10
      vertex -5.5 8 -10
      vertex -1.375 4.38157 -10
    endloop
  endfacet
  facet normal -0 0 -1
    outer loop
      vertex 3.87158 -1.16718 -10
      vertex 2.44444 -3.66261 -10
      vertex 3.76237 -1.16718 -10
    endloop
  endfacet
  facet normal 0 0 -1
    outer loop
      vertex 2.28134 -3.34251 -10
      vertex 3.76237 -1.16718 -10
      vertex 2.44444 -3.66261 -10
    endloop
  endfacet
  facet normal -0 0 -1
    outer loop
      vertex 3.76237 -1.16718 -10
      vertex 2.28134 -3.34251 -10
      vertex 3.42671 -1.16718 -10
    endloop
  endfacet
  facet normal -0 0 -1
    outer loop
      vertex 3.15205 -0.468704 -10
      vertex 2.58415 -0.940555 -10
      vertex 2.66735 -0.468704 -10
    endloop
  endfacet
  facet normal 0 0 -1
    outer loop
      vertex 2.10662 -1.76767 -10
      vertex 3.42671 -1.16718 -10
      vertex 2.28134 -3.34251 -10
    endloop
  endfacet
  facet normal 0 0 -1
    outer loop
      vertex 3.42671 -1.16718 -10
      vertex 2.58415 -0.940555 -10
      vertex 3.15205 -0.468704 -10
    endloop
  endfacet
  facet normal -0 0 -1
    outer loop
      vertex 3.42671 -1.16718 -10
      vertex 2.10662 -1.76767 -10
      vertex 2.58415 -0.940555 -10
    endloop
  endfacet
  facet normal 0 0 -1
    outer loop
      vertex 1.65749 -2.71866 -10
      vertex 2.10662 -1.76767 -10
      vertex 2.28134 -3.34251 -10
    endloop
  endfacet
  facet normal 0 0 -1
    outer loop
      vertex 1.5 -2.27668 -10
      vertex 1.65749 -2.71866 -10
      vertex 1.5 -2.63842 -10
    endloop
  endfacet
  facet normal 0 0 -1
    outer loop
      vertex 1.65749 -2.71866 -10
      vertex 1.5 -2.27668 -10
      vertex 2.10662 -1.76767 -10
    endloop
  endfacet
  facet normal 0 0 -1
    outer loop
      vertex 3.05373 -0.21611 -10
      vertex 2.71189 -0.21611 -10
      vertex 2.75 0 -10
    endloop
  endfacet
  facet normal 0 0 -1
    outer loop
      vertex 3.05373 -0.21611 -10
      vertex 2.75 0 -10
      vertex 2.75 0.565152 -10
    endloop
  endfacet
  facet normal 0 0 -1
    outer loop
      vertex -7.18246 -0.930389 -10
      vertex -7.08083 -0.243225 -10
      vertex -7.02998 -0.938309 -10
    endloop
  endfacet
  facet normal 0 0 -1
    outer loop
      vertex -7.32797 -0.906662 -10
      vertex -7.08083 -0.243225 -10
      vertex -7.18246 -0.930389 -10
    endloop
  endfacet
  facet normal 0 0 -1
    outer loop
      vertex -7.46651 -0.867111 -10
      vertex -7.08083 -0.243225 -10
      vertex -7.32797 -0.906662 -10
    endloop
  endfacet
  facet normal 0 0 -1
    outer loop
      vertex -7.593 -0.813995 -10
      vertex -7.08083 -0.243225 -10
      vertex -7.46651 -0.867111 -10
    endloop
  endfacet
  facet normal 0 0 -1
    outer loop
      vertex -7.79456 -0.243225 -10
      vertex -7.593 -0.813995 -10
      vertex -7.70235 -0.749573 -10
    endloop
  endfacet
  facet normal 0 0 -1
    outer loop
      vertex -7.79456 -0.243225 -10
      vertex -7.70235 -0.749573 -10
      vertex -7.79456 -0.673859 -10
    endloop
  endfacet
  facet normal 0 0 -1
    outer loop
      vertex -7.593 -0.813995 -10
      vertex -7.79456 -0.243225 -10
      vertex -7.08083 -0.243225 -10
    endloop
  endfacet
  facet normal 0 0 -1
    outer loop
      vertex -7.08083 0.0279999 -10
      vertex -6.15518 0.0381775 -10
      vertex -6.18098 -0.242386 -10
    endloop
  endfacet
  facet normal -0 0 -1
    outer loop
      vertex -6.15518 0.0381775 -10
      vertex -7.08083 0.0279999 -10
      vertex -6.17947 0.318359 -10
    endloop
  endfacet
  facet normal 0 0 -1
    outer loop
      vertex -7.08083 -0.243225 -10
      vertex -6.18098 -0.242386 -10
      vertex -6.25839 -0.480576 -10
    endloop
  endfacet
  facet normal -0 0 -1
    outer loop
      vertex -6.17947 0.318359 -10
      vertex -7.08083 0.0279999 -10
      vertex -6.25238 0.553162 -10
    endloop
  endfacet
  facet normal 0 0 -1
    outer loop
      vertex -7.08083 -0.243225 -10
      vertex -6.25839 -0.480576 -10
      vertex -6.38742 -0.676376 -10
    endloop
  endfacet
  facet normal -0 0 -1
    outer loop
      vertex -6.25238 0.553162 -10
      vertex -7.08083 0.0279999 -10
      vertex -6.37387 0.742554 -10
    endloop
  endfacet
  facet normal 0 0 -1
    outer loop
      vertex -7.08083 -0.243225 -10
      vertex -6.38742 -0.676376 -10
      vertex -6.56206 -0.821899 -10
    endloop
  endfacet
  facet normal -0 0 -1
    outer loop
      vertex -6.37387 0.742554 -10
      vertex -7.08083 0.0279999 -10
      vertex -6.54134 0.881485 -10
    endloop
  endfacet
  facet normal 0 0 -1
    outer loop
      vertex -7.08083 -0.243225 -10
      vertex -6.56206 -0.821899 -10
      vertex -6.77625 -0.909195 -10
    endloop
  endfacet
  facet normal -0 0 -1
    outer loop
      vertex -6.54134 0.881485 -10
      vertex -7.08083 0.0279999 -10
      vertex -6.75212 0.964844 -10
    endloop
  endfacet
  facet normal 0 0 -1
    outer loop
      vertex -7.08083 -0.243225 -10
      vertex -6.77625 -0.909195 -10
      vertex -7.02998 -0.938309 -10
    endloop
  endfacet
  facet normal -0 0 -1
    outer loop
      vertex -6.18098 -0.242386 -10
      vertex -7.08083 -0.243225 -10
      vertex -7.08083 0.0279999 -10
    endloop
  endfacet
  facet normal -0 0 -1
    outer loop
      vertex -6.75212 0.964844 -10
      vertex -7.08083 0.0279999 -10
      vertex -7.00623 0.99263 -10
    endloop
  endfacet
  facet normal 0 0 -1
    outer loop
      vertex -7.08083 0.0279999 -10
      vertex -7.17398 0.982269 -10
      vertex -7.00623 0.99263 -10
    endloop
  endfacet
  facet normal 0 0 -1
    outer loop
      vertex -7.08083 0.0279999 -10
      vertex -7.32231 0.951187 -10
      vertex -7.17398 0.982269 -10
    endloop
  endfacet
  facet normal 0 0 -1
    outer loop
      vertex -7.08083 0.0279999 -10
      vertex -7.45125 0.899384 -10
      vertex -7.32231 0.951187 -10
    endloop
  endfacet
  facet normal 0 0 -1
    outer loop
      vertex -7.08083 0.0279999 -10
      vertex -7.56192 0.824982 -10
      vertex -7.45125 0.899384 -10
    endloop
  endfacet
  facet normal 0 0 -1
    outer loop
      vertex -7.08083 0.0279999 -10
      vertex -7.65544 0.726089 -10
      vertex -7.56192 0.824982 -10
    endloop
  endfacet
  facet normal 0 0 -1
    outer loop
      vertex -7.08083 0.0279999 -10
      vertex -7.73183 0.602707 -10
      vertex -7.65544 0.726089 -10
    endloop
  endfacet
  facet normal 0 0 -1
    outer loop
      vertex -8 0.0279999 -10
      vertex -7.73183 0.602707 -10
      vertex -7.08083 0.0279999 -10
    endloop
  endfacet
  facet normal -0 0 -1
    outer loop
      vertex -7.73183 0.602707 -10
      vertex -8 0.0279999 -10
      vertex -8 0.68228 -10
    endloop
  endfacet
  facet normal 0 0 -1
    outer loop
      vertex 5.60928 0.0805511 -10
      vertex 4.84131 0.962128 -10
      vertex 5.60928 0.962128 -10
    endloop
  endfacet
  facet normal 0 0 -1
    outer loop
      vertex 4.82776 0.0805511 -10
      vertex 4.84131 0.962128 -10
      vertex 5.60928 0.0805511 -10
    endloop
  endfacet
  facet normal 0 0 -1
    outer loop
      vertex 4.82776 0.0805511 -10
      vertex 4.67772 0.949982 -10
      vertex 4.84131 0.962128 -10
    endloop
  endfacet
  facet normal 0 0 -1
    outer loop
      vertex 4.67 0.0938416 -10
      vertex 4.67772 0.949982 -10
      vertex 4.82776 0.0805511 -10
    endloop
  endfacet
  facet normal 0 0 -1
    outer loop
      vertex 4.53806 0.133682 -10
      vertex 4.67772 0.949982 -10
      vertex 4.67 0.0938416 -10
    endloop
  endfacet
  facet normal 0 0 -1
    outer loop
      vertex 4.67772 0.949982 -10
      vertex 4.53806 0.133682 -10
      vertex 4.54182 0.913528 -10
    endloop
  endfacet
  facet normal 0 0 -1
    outer loop
      vertex 4.29204 0.534912 -10
      vertex 4.54182 0.913528 -10
      vertex 4.53806 0.133682 -10
    endloop
  endfacet
  facet normal 0 0 -1
    outer loop
      vertex 4.30757 0.402008 -10
      vertex 4.53806 0.133682 -10
      vertex 4.43192 0.200073 -10
    endloop
  endfacet
  facet normal 0 -0 -1
    outer loop
      vertex 4.30777 0.662903 -10
      vertex 4.54182 0.913528 -10
      vertex 4.29204 0.534912 -10
    endloop
  endfacet
  facet normal 0 0 -1
    outer loop
      vertex 4.30757 0.402008 -10
      vertex 4.43192 0.200073 -10
      vertex 4.3542 0.290405 -10
    endloop
  endfacet
  facet normal 0 0 -1
    outer loop
      vertex 4.54182 0.913528 -10
      vertex 4.30777 0.662903 -10
      vertex 4.43361 0.852783 -10
    endloop
  endfacet
  facet normal 0 0 -1
    outer loop
      vertex 4.53806 0.133682 -10
      vertex 4.30757 0.402008 -10
      vertex 4.29204 0.534912 -10
    endloop
  endfacet
  facet normal 0 0 -1
    outer loop
      vertex 4.43361 0.852783 -10
      vertex 4.30777 0.662903 -10
      vertex 4.35497 0.76886 -10
    endloop
  endfacet
  facet normal 0 0 -1
    outer loop
      vertex -2.86713 0.534912 -10
      vertex -2.75 0.826698 -10
      vertex -2.75 0.226518 -10
    endloop
  endfacet
  facet normal 0 0 -1
    outer loop
      vertex -2.85159 0.402008 -10
      vertex -2.75 0.226518 -10
      vertex -2.80496 0.290405 -10
    endloop
  endfacet
  facet normal 0 -0 -1
    outer loop
      vertex -2.85139 0.662903 -10
      vertex -2.75 0.826698 -10
      vertex -2.86713 0.534912 -10
    endloop
  endfacet
  facet normal 0 0 -1
    outer loop
      vertex -2.75 0.226518 -10
      vertex -2.85159 0.402008 -10
      vertex -2.86713 0.534912 -10
    endloop
  endfacet
  facet normal 0 0 -1
    outer loop
      vertex -2.75 0.826698 -10
      vertex -2.85139 0.662903 -10
      vertex -2.8042 0.76886 -10
    endloop
  endfacet
  facet normal 0.980786 -0.195089 -2.30806e-19
    outer loop
      vertex 7.8097 -4.45671 10
      vertex 8 -3.5 -10
      vertex 8 -3.5 10
    endloop
  endfacet
  facet normal 0.980786 -0.195089 -2.30806e-19
    outer loop
      vertex 8 -3.5 -10
      vertex 7.8097 -4.45671 10
      vertex 7.8097 -4.45671 -10
    endloop
  endfacet
  facet normal -1 0 0
    outer loop
      vertex -8 -3.5 -10
      vertex -8 -0.877259 -9
      vertex -8 -0.877259 -10
    endloop
  endfacet
  facet normal -1 0 0
    outer loop
      vertex -8 -0.877259 -9
      vertex -8 -1.18624 -3.45579
      vertex -8 -1.07009 -3.48607
    endloop
  endfacet
  facet normal -1 0 -0
    outer loop
      vertex -8 -1.4006 -3.32263
      vertex -8 -0.877259 -9
      vertex -8 -3.5 -10
    endloop
  endfacet
  facet normal -1 0 0
    outer loop
      vertex -8 -0.877259 -9
      vertex -8 -1.27227 -3.40737
      vertex -8 -1.18624 -3.45579
    endloop
  endfacet
  facet normal -1 0 0
    outer loop
      vertex -8 -0.877259 -9
      vertex -8 -1.4006 -3.32263
      vertex -8 -1.27227 -3.40737
    endloop
  endfacet
  facet normal -1 -0 0
    outer loop
      vertex -8 -1.4006 -3.32263
      vertex -8 -3.5 -10
      vertex -8 -2.29401 -2.73234
    endloop
  endfacet
  facet normal -1 -0 0
    outer loop
      vertex -8 -2.29401 -2.73234
      vertex -8 -3.5 -10
      vertex -8 -2.3022 -2.72431
    endloop
  endfacet
  facet normal -1 -0 0
    outer loop
      vertex -8 -2.3022 -2.72431
      vertex -8 -3.5 -10
      vertex -8 -2.98587 -1.85295
    endloop
  endfacet
  facet normal -1 -0 0
    outer loop
      vertex -8 -2.98587 -1.85295
      vertex -8 -3.5 -10
      vertex -8 -3.05672 -1.76196
    endloop
  endfacet
  facet normal -1 -0 0
    outer loop
      vertex -8 -3.05672 -1.76196
      vertex -8 -3.5 -10
      vertex -8 -3.42561 -0.702887
    endloop
  endfacet
  facet normal -1 -0 0
    outer loop
      vertex -8 -3.45794 -0.6095
      vertex -8 -3.5 -10
      vertex -8 -3.45794 0.6095
    endloop
  endfacet
  facet normal -1 -0 0
    outer loop
      vertex -8 -3.42561 -0.702887
      vertex -8 -3.5 -10
      vertex -8 -3.45794 -0.6095
    endloop
  endfacet
  facet normal -1 0 0
    outer loop
      vertex -8 0.0279999 -9
      vertex -8 0.68228 -9
      vertex -8 0.68228 -10
    endloop
  endfacet
  facet normal -1 0 -0
    outer loop
      vertex -8 0.350418 -3.7777
      vertex -8 0.68228 -9
      vertex -8 0.0279999 -9
    endloop
  endfacet
  facet normal -1 0 0
    outer loop
      vertex -8 0.68228 -9
      vertex -8 0.515698 -3.77453
      vertex -8 0.544017 -3.77396
    endloop
  endfacet
  facet normal -1 0 0
    outer loop
      vertex -8 0.68228 -9
      vertex -8 0.350418 -3.7777
      vertex -8 0.515698 -3.77453
    endloop
  endfacet
  facet normal -1 -0 0
    outer loop
      vertex -8 0.350418 -3.7777
      vertex -8 0.0279999 -9
      vertex -8 0.19797 -3.77453
    endloop
  endfacet
  facet normal -1 -0 0
    outer loop
      vertex -8 0.19797 -3.77453
      vertex -8 0.0279999 -9
      vertex -8 0.171962 -3.77396
    endloop
  endfacet
  facet normal -1 0 0
    outer loop
      vertex -8 0.0279999 -9
      vertex -8 0.68228 -10
      vertex -8 0.0279999 -10
    endloop
  endfacet
  facet normal -1 -0 0
    outer loop
      vertex -8 0.171962 -3.77396
      vertex -8 0.0279999 -9
      vertex -8 0.0491155 -3.76488
    endloop
  endfacet
  facet normal -1 0 0
    outer loop
      vertex -8 0.0279999 -9
      vertex -8 0.0272055 -3.76314
      vertex -8 0.0491155 -3.76488
    endloop
  endfacet
  facet normal -1 0 0
    outer loop
      vertex -8 -0.877259 -9
      vertex -8 0.0272055 -3.76314
      vertex -8 0.0279999 -9
    endloop
  endfacet
  facet normal -1 -0 0
    outer loop
      vertex -8 0.0272055 -3.76314
      vertex -8 -0.877259 -9
      vertex -8 -0.0538527 -3.7493
    endloop
  endfacet
  facet normal -1 -0 0
    outer loop
      vertex -8 -0.0538527 -3.7493
      vertex -8 -0.877259 -9
      vertex -8 -0.0689832 -3.7464
    endloop
  endfacet
  facet normal -1 -0 0
    outer loop
      vertex -8 -0.0689832 -3.7464
      vertex -8 -0.877259 -9
      vertex -8 -1.07009 -3.48607
    endloop
  endfacet
  facet normal -1 0 0
    outer loop
      vertex -8 5.5 -10
      vertex -8 4.20921 -0.585395
      vertex -8 5.5 10
    endloop
  endfacet
  facet normal -1 0 0
    outer loop
      vertex -8 5.5 -10
      vertex -8 3.92221 -1.46868
      vertex -8 4.20921 -0.585395
    endloop
  endfacet
  facet normal -1 0 0
    outer loop
      vertex -8 5.5 -10
      vertex -8 3.84679 -1.69924
      vertex -8 3.92221 -1.46868
    endloop
  endfacet
  facet normal -1 0 0
    outer loop
      vertex -8 5.5 -10
      vertex -8 3.30031 -2.45141
      vertex -8 3.84679 -1.69924
    endloop
  endfacet
  facet normal -1 0 0
    outer loop
      vertex -8 5.5 -10
      vertex -8 3.15703 -2.64769
      vertex -8 3.30031 -2.45141
    endloop
  endfacet
  facet normal -1 0 0
    outer loop
      vertex -8 5.5 -10
      vertex -8 2.96253 -2.78902
      vertex -8 3.15703 -2.64769
    endloop
  endfacet
  facet normal -1 0 0
    outer loop
      vertex -8 5.5 -10
      vertex -8 2.2068 -3.3381
      vertex -8 2.96253 -2.78902
    endloop
  endfacet
  facet normal -1 0 0
    outer loop
      vertex -8 0.765094 -9
      vertex -8 2.2068 -3.3381
      vertex -8 5.5 -10
    endloop
  endfacet
  facet normal -1 0 0
    outer loop
      vertex -8 2.2068 -3.3381
      vertex -8 0.765094 -9
      vertex -8 2.17696 -3.35021
    endloop
  endfacet
  facet normal -1 0 0
    outer loop
      vertex -8 2.17696 -3.35021
      vertex -8 0.765094 -9
      vertex -8 1.27235 -3.64413
    endloop
  endfacet
  facet normal -1 0 0
    outer loop
      vertex -8 1.27235 -3.64413
      vertex -8 0.765094 -9
      vertex -8 1.07655 -3.70734
    endloop
  endfacet
  facet normal -1 0 0
    outer loop
      vertex -8 1.07655 -3.70734
      vertex -8 0.765094 -9
      vertex -8 1.01926 -3.7255
    endloop
  endfacet
  facet normal -1 0 0
    outer loop
      vertex -8 1.01926 -3.7255
      vertex -8 0.765094 -9
      vertex -8 0.997914 -3.72946
    endloop
  endfacet
  facet normal -1 0 0
    outer loop
      vertex -8 0.997914 -3.72946
      vertex -8 0.765094 -9
      vertex -8 0.896578 -3.7464
    endloop
  endfacet
  facet normal -1 0 0
    outer loop
      vertex -8 0.765094 -9
      vertex -8 5.5 -10
      vertex -8 0.765094 -10
    endloop
  endfacet
  facet normal -1 0 0
    outer loop
      vertex -8 0.896578 -3.7464
      vertex -8 0.765094 -9
      vertex -8 0.869693 -3.7493
    endloop
  endfacet
  facet normal -1 0 0
    outer loop
      vertex -8 0.765094 -9
      vertex -8 0.732584 -3.76314
      vertex -8 0.869693 -3.7493
    endloop
  endfacet
  facet normal -1 0 0
    outer loop
      vertex -8 0.765094 -9
      vertex -8 0.703636 -3.76488
      vertex -8 0.732584 -3.76314
    endloop
  endfacet
  facet normal -1 0 0
    outer loop
      vertex -8 0.544017 -3.77396
      vertex -8 0.765094 -9
      vertex -8 0.68228 -9
    endloop
  endfacet
  facet normal -1 0 0
    outer loop
      vertex -8 0.765094 -9
      vertex -8 0.544017 -3.77396
      vertex -8 0.703636 -3.76488
    endloop
  endfacet
  facet normal -1 0 0
    outer loop
      vertex -8 4.20921 0.585395
      vertex -8 5.5 10
      vertex -8 4.20921 -0.585395
    endloop
  endfacet
  facet normal -1 0 0
    outer loop
      vertex -8 3.92221 1.46868
      vertex -8 5.5 10
      vertex -8 4.20921 0.585395
    endloop
  endfacet
  facet normal -1 0 0
    outer loop
      vertex -8 3.84679 1.69924
      vertex -8 5.5 10
      vertex -8 3.92221 1.46868
    endloop
  endfacet
  facet normal -1 0 0
    outer loop
      vertex -8 3.30031 2.45141
      vertex -8 5.5 10
      vertex -8 3.84679 1.69924
    endloop
  endfacet
  facet normal -1 0 0
    outer loop
      vertex -8 3.15703 2.64769
      vertex -8 5.5 10
      vertex -8 3.30031 2.45141
    endloop
  endfacet
  facet normal -1 0 0
    outer loop
      vertex -8 2.96253 2.78902
      vertex -8 5.5 10
      vertex -8 3.15703 2.64769
    endloop
  endfacet
  facet normal -1 0 0
    outer loop
      vertex -8 2.2068 3.3381
      vertex -8 5.5 10
      vertex -8 2.96253 2.78902
    endloop
  endfacet
  facet normal -1 0 0
    outer loop
      vertex -8 2.17696 3.35021
      vertex -8 5.5 10
      vertex -8 2.2068 3.3381
    endloop
  endfacet
  facet normal -1 0 0
    outer loop
      vertex -8 1.27235 3.64413
      vertex -8 5.5 10
      vertex -8 2.17696 3.35021
    endloop
  endfacet
  facet normal -1 0 0
    outer loop
      vertex -8 1.07655 3.70734
      vertex -8 5.5 10
      vertex -8 1.27235 3.64413
    endloop
  endfacet
  facet normal -1 0 0
    outer loop
      vertex -8 1.01926 3.7255
      vertex -8 5.5 10
      vertex -8 1.07655 3.70734
    endloop
  endfacet
  facet normal -1 0 0
    outer loop
      vertex -8 0.997914 3.72946
      vertex -8 5.5 10
      vertex -8 1.01926 3.7255
    endloop
  endfacet
  facet normal -1 0 0
    outer loop
      vertex -8 0.896578 3.7464
      vertex -8 5.5 10
      vertex -8 0.997914 3.72946
    endloop
  endfacet
  facet normal -1 0 0
    outer loop
      vertex -8 0.869693 3.7493
      vertex -8 5.5 10
      vertex -8 0.896578 3.7464
    endloop
  endfacet
  facet normal -1 0 0
    outer loop
      vertex -8 0.732584 3.76314
      vertex -8 5.5 10
      vertex -8 0.869693 3.7493
    endloop
  endfacet
  facet normal -1 0 0
    outer loop
      vertex -8 0.703636 3.76488
      vertex -8 5.5 10
      vertex -8 0.732584 3.76314
    endloop
  endfacet
  facet normal -1 0 0
    outer loop
      vertex -8 -3.5 10
      vertex -8 0.703636 3.76488
      vertex -8 0.544017 3.77396
    endloop
  endfacet
  facet normal -1 0 0
    outer loop
      vertex -8 -3.5 10
      vertex -8 0.544017 3.77396
      vertex -8 0.515698 3.77453
    endloop
  endfacet
  facet normal -1 0 0
    outer loop
      vertex -8 -3.5 10
      vertex -8 0.515698 3.77453
      vertex -8 0.350418 3.7777
    endloop
  endfacet
  facet normal -1 0 0
    outer loop
      vertex -8 -3.5 10
      vertex -8 0.350418 3.7777
      vertex -8 0.19797 3.77453
    endloop
  endfacet
  facet normal -1 0 0
    outer loop
      vertex -8 -3.5 10
      vertex -8 0.19797 3.77453
      vertex -8 0.171962 3.77396
    endloop
  endfacet
  facet normal -1 0 0
    outer loop
      vertex -8 -3.5 10
      vertex -8 0.171962 3.77396
      vertex -8 0.0491155 3.76488
    endloop
  endfacet
  facet normal -1 0 0
    outer loop
      vertex -8 -3.5 10
      vertex -8 0.0491155 3.76488
      vertex -8 0.0272055 3.76314
    endloop
  endfacet
  facet normal -1 0 0
    outer loop
      vertex -8 -3.5 10
      vertex -8 0.0272055 3.76314
      vertex -8 -0.0538527 3.7493
    endloop
  endfacet
  facet normal -1 0 0
    outer loop
      vertex -8 -3.5 10
      vertex -8 -0.0538527 3.7493
      vertex -8 -0.0689832 3.7464
    endloop
  endfacet
  facet normal -1 0 0
    outer loop
      vertex -8 -3.5 10
      vertex -8 -0.0689832 3.7464
      vertex -8 -1.07009 3.48607
    endloop
  endfacet
  facet normal -1 0 0
    outer loop
      vertex -8 -3.5 10
      vertex -8 -1.07009 3.48607
      vertex -8 -1.18624 3.45579
    endloop
  endfacet
  facet normal -1 0 0
    outer loop
      vertex -8 -3.5 10
      vertex -8 -1.18624 3.45579
      vertex -8 -1.27227 3.40737
    endloop
  endfacet
  facet normal -1 0 0
    outer loop
      vertex -8 -3.5 10
      vertex -8 -1.27227 3.40737
      vertex -8 -1.4006 3.32263
    endloop
  endfacet
  facet normal -1 0 0
    outer loop
      vertex -8 -3.5 10
      vertex -8 -1.4006 3.32263
      vertex -8 -2.29401 2.73234
    endloop
  endfacet
  facet normal -1 0 0
    outer loop
      vertex -8 0.703636 3.76488
      vertex -8 -3.5 10
      vertex -8 5.5 10
    endloop
  endfacet
  facet normal -1 0 0
    outer loop
      vertex -8 -2.3022 2.72431
      vertex -8 -3.5 10
      vertex -8 -2.29401 2.73234
    endloop
  endfacet
  facet normal -1 0 0
    outer loop
      vertex -8 -2.98587 1.85295
      vertex -8 -3.5 10
      vertex -8 -2.3022 2.72431
    endloop
  endfacet
  facet normal -1 0 0
    outer loop
      vertex -8 -3.05672 1.76196
      vertex -8 -3.5 10
      vertex -8 -2.98587 1.85295
    endloop
  endfacet
  facet normal -1 0 0
    outer loop
      vertex -8 -3.42561 0.702887
      vertex -8 -3.5 10
      vertex -8 -3.05672 1.76196
    endloop
  endfacet
  facet normal -1 0 0
    outer loop
      vertex -8 -3.45794 0.6095
      vertex -8 -3.5 10
      vertex -8 -3.42561 0.702887
    endloop
  endfacet
  facet normal -1 0 0
    outer loop
      vertex -8 -3.5 10
      vertex -8 -3.45794 0.6095
      vertex -8 -3.5 -10
    endloop
  endfacet
  facet normal -1 0 0
    outer loop
      vertex -8 -1.06618 -1.01627
      vertex -8 -0.452677 0.420951
      vertex -8 -0.452677 -0.420951
    endloop
  endfacet
  facet normal -1 0 0
    outer loop
      vertex -8 -1.06618 -1.01627
      vertex -8 -1.06618 1.01627
      vertex -8 -0.452677 0.420951
    endloop
  endfacet
  facet normal -1 0 0
    outer loop
      vertex -8 -2.45296 -0.420951
      vertex -8 -1.06618 -1.01627
      vertex -8 -1.89473 -1.01627
    endloop
  endfacet
  facet normal -1 0 0
    outer loop
      vertex -8 -1.06618 -1.01627
      vertex -8 -2.45296 -0.420951
      vertex -8 -1.06618 1.01627
    endloop
  endfacet
  facet normal -1 0 0
    outer loop
      vertex -8 -2.45296 0.420951
      vertex -8 -1.06618 1.01627
      vertex -8 -2.45296 -0.420951
    endloop
  endfacet
  facet normal -1 -0 0
    outer loop
      vertex -8 -1.06618 1.01627
      vertex -8 -2.45296 0.420951
      vertex -8 -1.89473 1.01627
    endloop
  endfacet
  facet normal -0.555568 -0.831471 9.40866e-19
    outer loop
      vertex -7.26777 -5.26777 10
      vertex -6.45671 -5.8097 0.964068
      vertex -6.45671 -5.8097 10
    endloop
  endfacet
  facet normal -0.555561 -0.831476 9.18833e-07
    outer loop
      vertex -7.26777 -5.26777 10
      vertex -6.74643 -5.61612 0.883883
      vertex -6.45671 -5.8097 0.964068
    endloop
  endfacet
  facet normal -0.555572 -0.831468 -1.97001e-18
    outer loop
      vertex -6.74643 -5.61612 0.883883
      vertex -7.26777 -5.26777 10
      vertex -7.26777 -5.26777 0.0428956
    endloop
  endfacet
  facet normal -0.555572 -0.831468 0
    outer loop
      vertex -7.26777 -5.26777 -10
      vertex -6.74643 -5.61612 -0.883883
      vertex -7.26777 -5.26777 -0.0428956
    endloop
  endfacet
  facet normal -0.555561 -0.831476 -9.18833e-07
    outer loop
      vertex -7.26777 -5.26777 -10
      vertex -6.45671 -5.8097 -0.964068
      vertex -6.74643 -5.61612 -0.883883
    endloop
  endfacet
  facet normal -0.555568 -0.831471 -0
    outer loop
      vertex -6.45671 -5.8097 -0.964068
      vertex -7.26777 -5.26777 -10
      vertex -6.45671 -5.8097 -10
    endloop
  endfacet
  facet normal -0.555568 0.831471 0
    outer loop
      vertex -6.45671 7.8097 -10
      vertex -7.26777 7.26777 10
      vertex -6.45671 7.8097 10
    endloop
  endfacet
  facet normal -0.555568 0.831471 0
    outer loop
      vertex -7.26777 7.26777 10
      vertex -6.45671 7.8097 -10
      vertex -7.26777 7.26777 -10
    endloop
  endfacet
  facet normal 0 -1 0
    outer loop
      vertex -1.77054 -6 -5.22143
      vertex -1.5 -6 -1.04289
      vertex -5.5 -6 -1.04289
    endloop
  endfacet
  facet normal 0 -1 -0
    outer loop
      vertex -1.5 -6 -1.04289
      vertex -1.77054 -6 -5.22143
      vertex -1.5 -6 -5.04412
    endloop
  endfacet
  facet normal 0 -1 0
    outer loop
      vertex -5.5 -6 -1.04289
      vertex -2.23389 -6 -5.52513
      vertex -1.77054 -6 -5.22143
    endloop
  endfacet
  facet normal 0 -1 0
    outer loop
      vertex -5.5 -6 -1.04289
      vertex -2.391 -6 -5.7202
      vertex -2.23389 -6 -5.52513
    endloop
  endfacet
  facet normal 0 -1 0
    outer loop
      vertex -5.5 -6 -1.04289
      vertex -2.94738 -6 -6.41103
      vertex -2.391 -6 -5.7202
    endloop
  endfacet
  facet normal 0 -1 0
    outer loop
      vertex -5.5 -6 -1.04289
      vertex -3.07768 -6 -6.7728
      vertex -2.94738 -6 -6.41103
    endloop
  endfacet
  facet normal 0 -1 0
    outer loop
      vertex -5.5 -6 -1.04289
      vertex -3.27691 -6 -7.38595
      vertex -3.07768 -6 -6.7728
    endloop
  endfacet
  facet normal 0 -1 0
    outer loop
      vertex -5.5 -6 -10
      vertex -3.27691 -6 -7.38595
      vertex -5.5 -6 -1.04289
    endloop
  endfacet
  facet normal 0 -1 0
    outer loop
      vertex -3.27691 -6 -7.38595
      vertex -5.5 -6 -10
      vertex -3.29852 -6 -7.45248
    endloop
  endfacet
  facet normal 0 -1 0
    outer loop
      vertex -5.5 -6 -10
      vertex -3.27691 -6 -8.61405
      vertex -3.29852 -6 -8.54752
    endloop
  endfacet
  facet normal 0 -1 -0
    outer loop
      vertex -3.29852 -6 -7.45248
      vertex -5.5 -6 -10
      vertex -3.29852 -6 -8.54752
    endloop
  endfacet
  facet normal 0 -1 -0
    outer loop
      vertex -3.27691 -6 -8.61405
      vertex -5.5 -6 -10
      vertex -3.07768 -6 -9.2272
    endloop
  endfacet
  facet normal 0 -1 0
    outer loop
      vertex -5.5 -6 -10
      vertex -2.94738 -6 -9.58897
      vertex -3.07768 -6 -9.2272
    endloop
  endfacet
  facet normal 0 -1 -0
    outer loop
      vertex -2.94738 -6 -9.58897
      vertex -5.5 -6 -10
      vertex -2.61635 -6 -10
    endloop
  endfacet
  facet normal 0 -1 0
    outer loop
      vertex 1.5 -6 1.04289
      vertex 5.5 -6 10
      vertex 1.5 -6 10
    endloop
  endfacet
  facet normal 0 -1 -0
    outer loop
      vertex 5.5 -6 10
      vertex 1.5 -6 1.04289
      vertex 5.5 -6 1.04289
    endloop
  endfacet
  facet normal 0 -1 0
    outer loop
      vertex 1.77054 -6 -5.22143
      vertex 1.5 -6 -1.04289
      vertex 1.5 -6 -5.04412
    endloop
  endfacet
  facet normal 0 -1 0
    outer loop
      vertex 1.5 -6 -1.04289
      vertex 1.77054 -6 -5.22143
      vertex 5.5 -6 -1.04289
    endloop
  endfacet
  facet normal 0 -1 0
    outer loop
      vertex 2.23389 -6 -5.52513
      vertex 5.5 -6 -1.04289
      vertex 1.77054 -6 -5.22143
    endloop
  endfacet
  facet normal 0 -1 0
    outer loop
      vertex 2.391 -6 -5.7202
      vertex 5.5 -6 -1.04289
      vertex 2.23389 -6 -5.52513
    endloop
  endfacet
  facet normal 0 -1 0
    outer loop
      vertex 2.94738 -6 -6.41103
      vertex 5.5 -6 -1.04289
      vertex 2.391 -6 -5.7202
    endloop
  endfacet
  facet normal 0 -1 0
    outer loop
      vertex 3.07768 -6 -6.7728
      vertex 5.5 -6 -1.04289
      vertex 2.94738 -6 -6.41103
    endloop
  endfacet
  facet normal 0 -1 0
    outer loop
      vertex 3.27691 -6 -7.38595
      vertex 5.5 -6 -1.04289
      vertex 3.07768 -6 -6.7728
    endloop
  endfacet
  facet normal 0 -1 0
    outer loop
      vertex 5.5 -6 -10
      vertex 3.27691 -6 -7.38595
      vertex 3.29852 -6 -7.45248
    endloop
  endfacet
  facet normal 0 -1 0
    outer loop
      vertex 5.5 -6 -10
      vertex 3.29852 -6 -7.45248
      vertex 3.29852 -6 -8.54752
    endloop
  endfacet
  facet normal 0 -1 0
    outer loop
      vertex 5.5 -6 -10
      vertex 3.27691 -6 -8.61405
      vertex 3.07768 -6 -9.2272
    endloop
  endfacet
  facet normal 0 -1 0
    outer loop
      vertex 3.27691 -6 -7.38595
      vertex 5.5 -6 -10
      vertex 5.5 -6 -1.04289
    endloop
  endfacet
  facet normal 0 -1 0
    outer loop
      vertex 3.27691 -6 -8.61405
      vertex 5.5 -6 -10
      vertex 3.29852 -6 -8.54752
    endloop
  endfacet
  facet normal 0 -1 0
    outer loop
      vertex 2.94738 -6 -9.58897
      vertex 5.5 -6 -10
      vertex 3.07768 -6 -9.2272
    endloop
  endfacet
  facet normal 0 -1 0
    outer loop
      vertex 5.5 -6 -10
      vertex 2.94738 -6 -9.58897
      vertex 2.61635 -6 -10
    endloop
  endfacet
  facet normal 0 -1 0
    outer loop
      vertex -5.5 -6 1.04289
      vertex -1.5 -6 10
      vertex -5.5 -6 10
    endloop
  endfacet
  facet normal 0 -1 -0
    outer loop
      vertex -1.5 -6 10
      vertex -5.5 -6 1.04289
      vertex -1.5 -6 1.04289
    endloop
  endfacet
  facet normal 0 1 0
    outer loop
      vertex -1.72411 8 -3.26593
      vertex 0.983732 8 -5.57905
      vertex -1.62074 8 -4.98373
    endloop
  endfacet
  facet normal 0 1 0
    outer loop
      vertex 0.983732 8 -5.57905
      vertex -1.08437 8 -5.57905
      vertex -1.62074 8 -4.98373
    endloop
  endfacet
  facet normal 0 1 -0
    outer loop
      vertex 0.983732 8 -6.42095
      vertex -1.08437 8 -5.57905
      vertex 0.983732 8 -5.57905
    endloop
  endfacet
  facet normal 0 1 0
    outer loop
      vertex 0.983732 8 -6.42095
      vertex -1.08437 8 -6.42095
      vertex -1.08437 8 -5.57905
    endloop
  endfacet
  facet normal 0 1 0
    outer loop
      vertex -1.62074 8 -7.01627
      vertex 0.983732 8 -6.42095
      vertex 1.57905 8 -7.01627
    endloop
  endfacet
  facet normal 0 1 0
    outer loop
      vertex 0.983732 8 -6.42095
      vertex -1.62074 8 -7.01627
      vertex -1.08437 8 -6.42095
    endloop
  endfacet
  facet normal 0 1 0
    outer loop
      vertex 5.5 8 10
      vertex 2.35596 8 9.58897
      vertex 1.93883 8 10
    endloop
  endfacet
  facet normal 0 1 0
    outer loop
      vertex 5.5 8 10
      vertex 2.75276 8 8.71465
      vertex 2.35596 8 9.58897
    endloop
  endfacet
  facet normal 0 1 0
    outer loop
      vertex 5.5 8 10
      vertex 2.81296 8 8.54752
      vertex 2.75276 8 8.71465
    endloop
  endfacet
  facet normal 0 1 0
    outer loop
      vertex 5.5 8 10
      vertex 2.81296 8 7.45248
      vertex 2.81296 8 8.54752
    endloop
  endfacet
  facet normal 0 1 0
    outer loop
      vertex 5.5 8 10
      vertex 2.75276 8 7.28535
      vertex 2.81296 8 7.45248
    endloop
  endfacet
  facet normal 0 1 0
    outer loop
      vertex 2.60237 8 2.5358
      vertex 2.75276 8 7.28535
      vertex 5.5 8 10
    endloop
  endfacet
  facet normal 0 1 0
    outer loop
      vertex 0.24196 8 5.20795
      vertex 0.516373 8 3.42241
      vertex 0 8 5.18011
    endloop
  endfacet
  facet normal 0 1 0
    outer loop
      vertex 0.649839 8 5.25489
      vertex 0.516373 8 3.42241
      vertex 0.24196 8 5.20795
    endloop
  endfacet
  facet normal 0 1 -0
    outer loop
      vertex 1.21234 8 3.36624
      vertex 0.649839 8 5.25489
      vertex 1.45035 8 5.52222
    endloop
  endfacet
  facet normal 0 1 0
    outer loop
      vertex 1.21234 8 3.36624
      vertex 1.45035 8 5.52222
      vertex 1.45308 8 5.52314
    endloop
  endfacet
  facet normal 0 1 0
    outer loop
      vertex 1.79382 8 3.19772
      vertex 1.45308 8 5.52314
      vertex 1.45691 8 5.52513
    endloop
  endfacet
  facet normal 0 1 -0
    outer loop
      vertex 2.26085 8 2.91687
      vertex 1.45691 8 5.52513
      vertex 2.35596 8 6.41103
    endloop
  endfacet
  facet normal 0 1 0
    outer loop
      vertex 2.75276 8 7.28535
      vertex 2.60237 8 2.5358
      vertex 2.35596 8 6.41103
    endloop
  endfacet
  facet normal 0 1 0
    outer loop
      vertex 0.649839 8 5.25489
      vertex 1.21234 8 3.36624
      vertex 0.516373 8 3.42241
    endloop
  endfacet
  facet normal 0 1 0
    outer loop
      vertex 1.45308 8 5.52314
      vertex 1.79382 8 3.19772
      vertex 1.21234 8 3.36624
    endloop
  endfacet
  facet normal 0 1 0
    outer loop
      vertex 1.45691 8 5.52513
      vertex 2.26085 8 2.91687
      vertex 1.79382 8 3.19772
    endloop
  endfacet
  facet normal 0 1 0
    outer loop
      vertex 2.35596 8 6.41103
      vertex 2.60237 8 2.5358
      vertex 2.26085 8 2.91687
    endloop
  endfacet
  facet normal 0 1 0
    outer loop
      vertex 5.5 8 10
      vertex 2.80728 8 2.06664
      vertex 2.60237 8 2.5358
    endloop
  endfacet
  facet normal 0 1 0
    outer loop
      vertex 5.5 8 10
      vertex 2.87558 8 1.50938
      vertex 2.80728 8 2.06664
    endloop
  endfacet
  facet normal 0 1 -0
    outer loop
      vertex 3.14145 8 -3.26593
      vertex 2.87558 8 1.50938
      vertex 5.5 8 10
    endloop
  endfacet
  facet normal 0 1 0
    outer loop
      vertex 1.7155 8 -0.254303
      vertex 3.14145 8 -3.26593
      vertex 1.24269 8 -0.384583
    endloop
  endfacet
  facet normal 0 1 0
    outer loop
      vertex 2.11502 8 -0.0406952
      vertex 3.14145 8 -3.26593
      vertex 1.7155 8 -0.254303
    endloop
  endfacet
  facet normal 0 1 0
    outer loop
      vertex 2.44124 8 0.256241
      vertex 3.14145 8 -3.26593
      vertex 2.11502 8 -0.0406952
    endloop
  endfacet
  facet normal 0 1 0
    outer loop
      vertex 2.68254 8 0.621231
      vertex 3.14145 8 -3.26593
      vertex 2.44124 8 0.256241
    endloop
  endfacet
  facet normal 0 1 0
    outer loop
      vertex 2.82733 8 1.03894
      vertex 3.14145 8 -3.26593
      vertex 2.68254 8 0.621231
    endloop
  endfacet
  facet normal 0 1 0
    outer loop
      vertex 2.87558 8 1.50938
      vertex 3.14145 8 -3.26593
      vertex 2.82733 8 1.03894
    endloop
  endfacet
  facet normal 0 1 -0
    outer loop
      vertex 2.37926 8 -4.98373
      vertex 2.09712 8 -3.26593
      vertex 3.14145 8 -3.26593
    endloop
  endfacet
  facet normal 0 1 0
    outer loop
      vertex 2.09712 8 -3.26593
      vertex 1.57905 8 -4.98373
      vertex -1.72411 8 -3.26593
    endloop
  endfacet
  facet normal 0 1 0
    outer loop
      vertex 2.09712 8 -3.26593
      vertex 2.37926 8 -4.98373
      vertex 1.57905 8 -4.98373
    endloop
  endfacet
  facet normal 0 1 0
    outer loop
      vertex 3.14145 8 -3.26593
      vertex 2.91562 8 -5.57905
      vertex 2.37926 8 -4.98373
    endloop
  endfacet
  facet normal 0 1 -0
    outer loop
      vertex 5.5 8 -10
      vertex 3.14145 8 -3.26593
      vertex 5.5 8 10
    endloop
  endfacet
  facet normal 0 1 0
    outer loop
      vertex 3.14145 8 -3.26593
      vertex 5.5 8 -10
      vertex 2.91562 8 -5.57905
    endloop
  endfacet
  facet normal 0 1 0
    outer loop
      vertex 5.5 8 -10
      vertex 1.57905 8 -7.01627
      vertex 2.37926 8 -7.01627
    endloop
  endfacet
  facet normal 0 1 0
    outer loop
      vertex 1.57905 8 -7.01627
      vertex 5.5 8 -10
      vertex -1.62074 8 -7.01627
    endloop
  endfacet
  facet normal 0 1 0
    outer loop
      vertex -5.5 8 -10
      vertex -1.62074 8 -7.01627
      vertex 5.5 8 -10
    endloop
  endfacet
  facet normal 0 1 0
    outer loop
      vertex 2.91562 8 -6.42095
      vertex 5.5 8 -10
      vertex 2.37926 8 -7.01627
    endloop
  endfacet
  facet normal 0 1 0
    outer loop
      vertex 2.91562 8 -5.57905
      vertex 5.5 8 -10
      vertex 2.91562 8 -6.42095
    endloop
  endfacet
  facet normal 0 1 -0
    outer loop
      vertex -2.35596 8 9.58897
      vertex -5.5 8 10
      vertex -1.93883 8 10
    endloop
  endfacet
  facet normal 0 1 -0
    outer loop
      vertex -2.75276 8 8.71465
      vertex -5.5 8 10
      vertex -2.35596 8 9.58897
    endloop
  endfacet
  facet normal 0 1 -0
    outer loop
      vertex -2.81296 8 8.54752
      vertex -5.5 8 10
      vertex -2.75276 8 8.71465
    endloop
  endfacet
  facet normal 0 1 -0
    outer loop
      vertex -2.81296 8 7.45248
      vertex -5.5 8 10
      vertex -2.81296 8 8.54752
    endloop
  endfacet
  facet normal 0 1 0
    outer loop
      vertex -2.75276 8 7.28535
      vertex -5.5 8 10
      vertex -2.81296 8 7.45248
    endloop
  endfacet
  facet normal 0 1 -0
    outer loop
      vertex -2.63074 8 3.42241
      vertex -2.75276 8 7.28535
      vertex -2.35596 8 6.41103
    endloop
  endfacet
  facet normal 0 1 0
    outer loop
      vertex 0.516373 8 3.42241
      vertex -0.24196 8 5.20795
      vertex 0 8 5.18011
    endloop
  endfacet
  facet normal 0 1 0
    outer loop
      vertex 0.516373 8 3.42241
      vertex -0.649839 8 5.25489
      vertex -0.24196 8 5.20795
    endloop
  endfacet
  facet normal 0 1 0
    outer loop
      vertex -2.63074 8 3.42241
      vertex -0.649839 8 5.25489
      vertex 0.516373 8 3.42241
    endloop
  endfacet
  facet normal 0 1 0
    outer loop
      vertex -0.649839 8 5.25489
      vertex -2.63074 8 3.42241
      vertex -1.45035 8 5.52222
    endloop
  endfacet
  facet normal 0 1 0
    outer loop
      vertex -1.45035 8 5.52222
      vertex -2.63074 8 3.42241
      vertex -1.45308 8 5.52314
    endloop
  endfacet
  facet normal 0 1 0
    outer loop
      vertex -1.45308 8 5.52314
      vertex -2.63074 8 3.42241
      vertex -1.45691 8 5.52513
    endloop
  endfacet
  facet normal 0 1 0
    outer loop
      vertex -1.45691 8 5.52513
      vertex -2.63074 8 3.42241
      vertex -2.35596 8 6.41103
    endloop
  endfacet
  facet normal 0 1 0
    outer loop
      vertex -2.75276 8 7.28535
      vertex -2.63074 8 3.42241
      vertex -5.5 8 10
    endloop
  endfacet
  facet normal 0 1 -0
    outer loop
      vertex -2.63074 8 -3.26593
      vertex -5.5 8 10
      vertex -2.63074 8 3.42241
    endloop
  endfacet
  facet normal 0 1 -0
    outer loop
      vertex 0.983732 8 -5.57905
      vertex -1.72411 8 -3.26593
      vertex 1.57905 8 -4.98373
    endloop
  endfacet
  facet normal 0 1 0
    outer loop
      vertex -2.42095 8 -4.98373
      vertex -1.72411 8 -3.26593
      vertex -1.62074 8 -4.98373
    endloop
  endfacet
  facet normal 0 1 0
    outer loop
      vertex -1.72411 8 -3.26593
      vertex -2.42095 8 -4.98373
      vertex -2.63074 8 -3.26593
    endloop
  endfacet
  facet normal 0 1 0
    outer loop
      vertex -3.01627 8 -5.57905
      vertex -2.63074 8 -3.26593
      vertex -2.42095 8 -4.98373
    endloop
  endfacet
  facet normal 0 1 0
    outer loop
      vertex -5.5 8 -10
      vertex -2.63074 8 -3.26593
      vertex -3.01627 8 -5.57905
    endloop
  endfacet
  facet normal 0 1 0
    outer loop
      vertex -5.5 8 -10
      vertex -3.01627 8 -5.57905
      vertex -3.01627 8 -6.42095
    endloop
  endfacet
  facet normal 0 1 0
    outer loop
      vertex -2.63074 8 -3.26593
      vertex -5.5 8 -10
      vertex -5.5 8 10
    endloop
  endfacet
  facet normal 0 1 0
    outer loop
      vertex -2.42095 8 -7.01627
      vertex -5.5 8 -10
      vertex -3.01627 8 -6.42095
    endloop
  endfacet
  facet normal 0 1 0
    outer loop
      vertex -1.62074 8 -7.01627
      vertex -5.5 8 -10
      vertex -2.42095 8 -7.01627
    endloop
  endfacet
  facet normal 0 1 0
    outer loop
      vertex -1.72411 8 -3.26593
      vertex 0.359711 8 -0.489029
      vertex 2.09712 8 -3.26593
    endloop
  endfacet
  facet normal 0 1 0
    outer loop
      vertex 0.359711 8 -0.489029
      vertex -1.72411 8 -3.26593
      vertex -1.72411 8 -0.489029
    endloop
  endfacet
  facet normal 0 1 -0
    outer loop
      vertex 0.464157 8 0.227753
      vertex 0.426208 8 2.69617
      vertex 0.884262 8 2.66214
    endloop
  endfacet
  facet normal 0 1 0
    outer loop
      vertex 1.27534 8 0.376495
      vertex 0.884262 8 2.66214
      vertex 1.26479 8 2.56009
    endloop
  endfacet
  facet normal 0 1 0
    outer loop
      vertex 1.92014 8 1.85832
      vertex 1.26479 8 2.56009
      vertex 1.56778 8 2.38998
    endloop
  endfacet
  facet normal 0 1 0
    outer loop
      vertex 1.92014 8 1.85832
      vertex 1.56778 8 2.38998
      vertex 1.78801 8 2.15501
    endloop
  endfacet
  facet normal 0 1 0
    outer loop
      vertex 1.26479 8 2.56009
      vertex 1.92014 8 1.85832
      vertex 1.96419 8 1.49994
    endloop
  endfacet
  facet normal 0 1 -0
    outer loop
      vertex 1.27534 8 0.376495
      vertex 1.26479 8 2.56009
      vertex 1.96419 8 1.49994
    endloop
  endfacet
  facet normal 0 1 0
    outer loop
      vertex 1.27534 8 0.376495
      vertex 1.96419 8 1.49994
      vertex 1.92067 8 1.12784
    endloop
  endfacet
  facet normal 0 1 0
    outer loop
      vertex 1.57254 8 0.562424
      vertex 1.92067 8 1.12784
      vertex 1.79012 8 0.815338
    endloop
  endfacet
  facet normal 0 1 0
    outer loop
      vertex 1.92067 8 1.12784
      vertex 1.57254 8 0.562424
      vertex 1.27534 8 0.376495
    endloop
  endfacet
  facet normal 0 1 0
    outer loop
      vertex 0.884262 8 2.66214
      vertex 1.27534 8 0.376495
      vertex 0.905884 8 0.264938
    endloop
  endfacet
  facet normal 0 1 0
    outer loop
      vertex 0.884262 8 2.66214
      vertex 0.905884 8 0.264938
      vertex 0.464157 8 0.227753
    endloop
  endfacet
  facet normal 0 1 0
    outer loop
      vertex -1.72411 8 0.227753
      vertex 0.426208 8 2.69617
      vertex 0.464157 8 0.227753
    endloop
  endfacet
  facet normal 0 1 0
    outer loop
      vertex 0.426208 8 2.69617
      vertex -1.72411 8 0.227753
      vertex -1.72411 8 2.69617
    endloop
  endfacet
  facet normal 0.555568 0.831471 -0
    outer loop
      vertex 7.26777 7.26777 -10
      vertex 6.45671 7.8097 10
      vertex 7.26777 7.26777 10
    endloop
  endfacet
  facet normal 0.555568 0.831471 0
    outer loop
      vertex 6.45671 7.8097 10
      vertex 7.26777 7.26777 -10
      vertex 6.45671 7.8097 -10
    endloop
  endfacet
  facet normal 0.831471 0.555568 4.2508e-19
    outer loop
      vertex 7.8097 6.45671 10
      vertex 7.26777 7.26777 -10
      vertex 7.26777 7.26777 10
    endloop
  endfacet
  facet normal 0.831471 0.555568 4.2508e-19
    outer loop
      vertex 7.26777 7.26777 -10
      vertex 7.8097 6.45671 10
      vertex 7.8097 6.45671 -10
    endloop
  endfacet
  facet normal 0.980786 0.195089 2.30806e-19
    outer loop
      vertex 8 5.5 10
      vertex 7.8097 6.45671 -10
      vertex 7.8097 6.45671 10
    endloop
  endfacet
  facet normal 0.980786 0.195089 2.30806e-19
    outer loop
      vertex 7.8097 6.45671 -10
      vertex 8 5.5 10
      vertex 8 5.5 -10
    endloop
  endfacet
  facet normal -0.195089 0.980786 0
    outer loop
      vertex -5.5 8 -10
      vertex -6.45671 7.8097 10
      vertex -5.5 8 10
    endloop
  endfacet
  facet normal -0.195089 0.980786 0
    outer loop
      vertex -6.45671 7.8097 10
      vertex -5.5 8 -10
      vertex -6.45671 7.8097 -10
    endloop
  endfacet
  facet normal -0.980786 -0.195089 2.30806e-19
    outer loop
      vertex -7.8097 -4.45671 -10
      vertex -8 -3.5 10
      vertex -8 -3.5 -10
    endloop
  endfacet
  facet normal -0.980786 -0.195089 2.30806e-19
    outer loop
      vertex -8 -3.5 10
      vertex -7.8097 -4.45671 -10
      vertex -7.8097 -4.45671 10
    endloop
  endfacet
  facet normal -0.831469 -0.555571 0
    outer loop
      vertex -7.8097 -4.45671 -10
      vertex -7.27964 -5.25 0
      vertex -7.8097 -4.45671 10
    endloop
  endfacet
  facet normal -0.831471 -0.555568 -0
    outer loop
      vertex -7.26777 -5.26777 -0.0428956
      vertex -7.8097 -4.45671 -10
      vertex -7.26777 -5.26777 -10
    endloop
  endfacet
  facet normal -0.831534 -0.555474 1.10512e-05
    outer loop
      vertex -7.8097 -4.45671 -10
      vertex -7.26777 -5.26777 -0.0428956
      vertex -7.27964 -5.25 0
    endloop
  endfacet
  facet normal -0.831534 -0.555474 -1.10512e-05
    outer loop
      vertex -7.26777 -5.26777 0.0428956
      vertex -7.8097 -4.45671 10
      vertex -7.27964 -5.25 0
    endloop
  endfacet
  facet normal -0.831471 -0.555568 8.53823e-19
    outer loop
      vertex -7.8097 -4.45671 10
      vertex -7.26777 -5.26777 0.0428956
      vertex -7.26777 -5.26777 10
    endloop
  endfacet
  facet normal 0.555568 -0.831471 -9.40866e-19
    outer loop
      vertex 7.26777 -5.26777 -10
      vertex 6.45671 -5.8097 -0.964068
      vertex 6.45671 -5.8097 -10
    endloop
  endfacet
  facet normal 0.555561 -0.831476 -9.18833e-07
    outer loop
      vertex 6.45671 -5.8097 -0.964068
      vertex 7.26777 -5.26777 -10
      vertex 6.74643 -5.61612 -0.883883
    endloop
  endfacet
  facet normal 0.555572 -0.831468 1.97001e-18
    outer loop
      vertex 6.74643 -5.61612 -0.883883
      vertex 7.26777 -5.26777 -10
      vertex 7.26777 -5.26777 -0.0428956
    endloop
  endfacet
  facet normal 0.555568 -0.831471 0
    outer loop
      vertex 6.45671 -5.8097 0.964068
      vertex 7.26777 -5.26777 10
      vertex 6.45671 -5.8097 10
    endloop
  endfacet
  facet normal 0.555561 -0.831476 9.18833e-07
    outer loop
      vertex 6.74643 -5.61612 0.883883
      vertex 7.26777 -5.26777 10
      vertex 6.45671 -5.8097 0.964068
    endloop
  endfacet
  facet normal 0.555572 -0.831468 0
    outer loop
      vertex 7.26777 -5.26777 10
      vertex 6.74643 -5.61612 0.883883
      vertex 7.26777 -5.26777 0.0428956
    endloop
  endfacet
  facet normal -0.831471 0.555568 -4.2508e-19
    outer loop
      vertex -7.8097 6.45671 -10
      vertex -7.26777 7.26777 10
      vertex -7.26777 7.26777 -10
    endloop
  endfacet
  facet normal -0.831471 0.555568 -4.2508e-19
    outer loop
      vertex -7.26777 7.26777 10
      vertex -7.8097 6.45671 -10
      vertex -7.8097 6.45671 10
    endloop
  endfacet
  facet normal -0.980786 0.195089 -2.30806e-19
    outer loop
      vertex -8 5.5 -10
      vertex -7.8097 6.45671 10
      vertex -7.8097 6.45671 -10
    endloop
  endfacet
  facet normal -0.980786 0.195089 -2.30806e-19
    outer loop
      vertex -7.8097 6.45671 10
      vertex -8 5.5 -10
      vertex -8 5.5 10
    endloop
  endfacet
  facet normal 0 0 1
    outer loop
      vertex -5.5 8 10
      vertex -2.61635 5 10
      vertex -2.61635 7 10
    endloop
  endfacet
  facet normal 0 0 1
    outer loop
      vertex -2.61635 5 10
      vertex -8 5.5 10
      vertex -2.75 2 10
    endloop
  endfacet
  facet normal 0 0 1
    outer loop
      vertex -2.61635 5 10
      vertex -5.5 8 10
      vertex -8 5.5 10
    endloop
  endfacet
  facet normal 0 0 1
    outer loop
      vertex -2.44444 7.33739 10
      vertex -5.5 8 10
      vertex -2.61635 7 10
    endloop
  endfacet
  facet normal 0 0 1
    outer loop
      vertex -2.28134 7.65749 10
      vertex -5.5 8 10
      vertex -2.44444 7.33739 10
    endloop
  endfacet
  facet normal -0 0 1
    outer loop
      vertex -5.5 8 10
      vertex -2.28134 7.65749 10
      vertex -1.93883 8 10
    endloop
  endfacet
  facet normal 0 0 1
    outer loop
      vertex -2.28134 4.34251 10
      vertex -2.10662 3.76767 10
      vertex -1.88905 3.95023 10
    endloop
  endfacet
  facet normal 0 0 1
    outer loop
      vertex -2.58415 2.94055 10
      vertex -2.28134 4.34251 10
      vertex -2.44444 4.66261 10
    endloop
  endfacet
  facet normal 0 0 1
    outer loop
      vertex -2.28134 4.34251 10
      vertex -2.58415 2.94055 10
      vertex -2.10662 3.76767 10
    endloop
  endfacet
  facet normal 0 0 1
    outer loop
      vertex -2.61635 5 10
      vertex -2.58415 2.94055 10
      vertex -2.44444 4.66261 10
    endloop
  endfacet
  facet normal 0 0 1
    outer loop
      vertex -2.58415 2.94055 10
      vertex -2.61635 5 10
      vertex -2.75 2 10
    endloop
  endfacet
  facet normal -0 0 1
    outer loop
      vertex -2.61635 7 10
      vertex 2.61635 5 10
      vertex 2.61635 7 10
    endloop
  endfacet
  facet normal 0 0 1
    outer loop
      vertex 2.61635 5 10
      vertex -2.61635 7 10
      vertex -2.61635 5 10
    endloop
  endfacet
  facet normal 0 0 1
    outer loop
      vertex 5.5 8 10
      vertex 8 5.5 10
      vertex 7.8097 6.45671 10
    endloop
  endfacet
  facet normal 0 0 1
    outer loop
      vertex 8 5.5 10
      vertex 2.75 2 10
      vertex 8 -3.5 10
    endloop
  endfacet
  facet normal 0 0 1
    outer loop
      vertex 5.5 8 10
      vertex 7.8097 6.45671 10
      vertex 7.26777 7.26777 10
    endloop
  endfacet
  facet normal -0 0 1
    outer loop
      vertex 2.75 0 10
      vertex 8 -3.5 10
      vertex 2.75 2 10
    endloop
  endfacet
  facet normal 0 0 1
    outer loop
      vertex 5.5 8 10
      vertex 7.26777 7.26777 10
      vertex 6.45671 7.8097 10
    endloop
  endfacet
  facet normal -0 0 1
    outer loop
      vertex 2.58415 -0.940555 10
      vertex 8 -3.5 10
      vertex 2.75 0 10
    endloop
  endfacet
  facet normal 0 0 1
    outer loop
      vertex 8 5.5 10
      vertex 5.5 8 10
      vertex 2.61635 5 10
    endloop
  endfacet
  facet normal -0 0 1
    outer loop
      vertex 2.10662 -1.76767 10
      vertex 8 -3.5 10
      vertex 2.58415 -0.940555 10
    endloop
  endfacet
  facet normal 0 0 1
    outer loop
      vertex 8 -3.5 10
      vertex 5.5 -6 10
      vertex 7.8097 -4.45671 10
    endloop
  endfacet
  facet normal 0 0 1
    outer loop
      vertex 2.61635 5 10
      vertex 5.5 8 10
      vertex 2.61635 7 10
    endloop
  endfacet
  facet normal 0 0 1
    outer loop
      vertex 5.5 8 10
      vertex 2.44444 7.33739 10
      vertex 2.61635 7 10
    endloop
  endfacet
  facet normal 0 0 1
    outer loop
      vertex 5.5 8 10
      vertex 2.28134 7.65749 10
      vertex 2.44444 7.33739 10
    endloop
  endfacet
  facet normal 0 -0 1
    outer loop
      vertex 2.28134 7.65749 10
      vertex 5.5 8 10
      vertex 1.93883 8 10
    endloop
  endfacet
  facet normal 0 0 1
    outer loop
      vertex 7.8097 -4.45671 10
      vertex 5.5 -6 10
      vertex 7.26777 -5.26777 10
    endloop
  endfacet
  facet normal 0 0 1
    outer loop
      vertex 7.26777 -5.26777 10
      vertex 5.5 -6 10
      vertex 6.45671 -5.8097 10
    endloop
  endfacet
  facet normal 0 0 1
    outer loop
      vertex 8 -3.5 10
      vertex 2.10662 -1.76767 10
      vertex 5.5 -6 10
    endloop
  endfacet
  facet normal -0 0 1
    outer loop
      vertex 1.5 -2.27668 10
      vertex 5.5 -6 10
      vertex 2.10662 -1.76767 10
    endloop
  endfacet
  facet normal 0 0 1
    outer loop
      vertex 5.5 -6 10
      vertex 1.5 -2.27668 10
      vertex 1.5 -6 10
    endloop
  endfacet
  facet normal 0 0 1
    outer loop
      vertex 8 5.5 10
      vertex 2.61635 5 10
      vertex 2.58415 2.94055 10
    endloop
  endfacet
  facet normal 0 0 1
    outer loop
      vertex 8 5.5 10
      vertex 2.58415 2.94055 10
      vertex 2.75 2 10
    endloop
  endfacet
  facet normal -0 0 1
    outer loop
      vertex 2.44444 4.66261 10
      vertex 2.58415 2.94055 10
      vertex 2.61635 5 10
    endloop
  endfacet
  facet normal -0 0 1
    outer loop
      vertex 2.28134 4.34251 10
      vertex 2.58415 2.94055 10
      vertex 2.44444 4.66261 10
    endloop
  endfacet
  facet normal 0 0 1
    outer loop
      vertex 2.28134 4.34251 10
      vertex 2.10662 3.76767 10
      vertex 2.58415 2.94055 10
    endloop
  endfacet
  facet normal 0 -0 1
    outer loop
      vertex 2.10662 3.76767 10
      vertex 2.28134 4.34251 10
      vertex 1.88905 3.95023 10
    endloop
  endfacet
  facet normal 0 0 1
    outer loop
      vertex -5.5 -6 10
      vertex -1.5 -2.27668 10
      vertex -2.10662 -1.76767 10
    endloop
  endfacet
  facet normal 0 0 1
    outer loop
      vertex -8 -3.5 10
      vertex -2.10662 -1.76767 10
      vertex -2.58415 -0.940555 10
    endloop
  endfacet
  facet normal 0 0 1
    outer loop
      vertex -2.75 2 10
      vertex -8 5.5 10
      vertex -2.75 0 10
    endloop
  endfacet
  facet normal 0 0 1
    outer loop
      vertex -8 -3.5 10
      vertex -2.75 0 10
      vertex -8 5.5 10
    endloop
  endfacet
  facet normal 0 0 1
    outer loop
      vertex -2.75 0 10
      vertex -8 -3.5 10
      vertex -2.58415 -0.940555 10
    endloop
  endfacet
  facet normal 0 0 1
    outer loop
      vertex -8 5.5 10
      vertex -5.5 8 10
      vertex -6.45671 7.8097 10
    endloop
  endfacet
  facet normal 0 0 1
    outer loop
      vertex -2.10662 -1.76767 10
      vertex -8 -3.5 10
      vertex -5.5 -6 10
    endloop
  endfacet
  facet normal 0 0 1
    outer loop
      vertex -8 5.5 10
      vertex -6.45671 7.8097 10
      vertex -7.26777 7.26777 10
    endloop
  endfacet
  facet normal 0 0 1
    outer loop
      vertex -1.5 -2.27668 10
      vertex -5.5 -6 10
      vertex -1.5 -6 10
    endloop
  endfacet
  facet normal 0 0 1
    outer loop
      vertex -8 5.5 10
      vertex -7.26777 7.26777 10
      vertex -7.8097 6.45671 10
    endloop
  endfacet
  facet normal 0 0 1
    outer loop
      vertex -5.5 -6 10
      vertex -8 -3.5 10
      vertex -6.45671 -5.8097 10
    endloop
  endfacet
  facet normal 0 0 1
    outer loop
      vertex -6.45671 -5.8097 10
      vertex -8 -3.5 10
      vertex -7.26777 -5.26777 10
    endloop
  endfacet
  facet normal 0 0 1
    outer loop
      vertex -7.26777 -5.26777 10
      vertex -8 -3.5 10
      vertex -7.8097 -4.45671 10
    endloop
  endfacet
  facet normal 1 0 0
    outer loop
      vertex -2.75 2 10
      vertex -2.75 1.98268 0.95673
      vertex -2.75 2 0.932235
    endloop
  endfacet
  facet normal 1 0 0
    outer loop
      vertex -2.75 2 10
      vertex -2.75 1.37531 1.81596
      vertex -2.75 1.98268 0.95673
    endloop
  endfacet
  facet normal 1 0 0
    outer loop
      vertex -2.75 2 10
      vertex -2.75 1.05599 2.01798
      vertex -2.75 1.37531 1.81596
    endloop
  endfacet
  facet normal 1 0 0
    outer loop
      vertex -2.75 2 10
      vertex -2.75 0.314027 2.17973
      vertex -2.75 1.05599 2.01798
    endloop
  endfacet
  facet normal 1 -0 0
    outer loop
      vertex -2.75 0 10
      vertex -2.75 0.314027 2.17973
      vertex -2.75 2 10
    endloop
  endfacet
  facet normal 1 0 0
    outer loop
      vertex -2.75 0.314027 2.17973
      vertex -2.75 0 10
      vertex -2.75 0 2.24818
    endloop
  endfacet
  facet normal 1 0 0
    outer loop
      vertex -2.75 0.826698 -9
      vertex -2.75 0 -2.24818
      vertex -2.75 0.226518 -9
    endloop
  endfacet
  facet normal 1 0 0
    outer loop
      vertex -2.75 0.226518 -9
      vertex -2.75 0 -2.24818
      vertex -2.75 0 -9
    endloop
  endfacet
  facet normal 1 -0 0
    outer loop
      vertex -2.75 1.05599 -2.01798
      vertex -2.75 1.15758 -9
      vertex -2.75 1.37531 -1.81596
    endloop
  endfacet
  facet normal 1 -0 0
    outer loop
      vertex -2.75 0.314027 -2.17973
      vertex -2.75 1.15758 -9
      vertex -2.75 1.05599 -2.01798
    endloop
  endfacet
  facet normal 1 0 0
    outer loop
      vertex -2.75 1.15758 -9
      vertex -2.75 0.314027 -2.17973
      vertex -2.75 0.826698 -9
    endloop
  endfacet
  facet normal 1 -0 0
    outer loop
      vertex -2.75 0 -2.24818
      vertex -2.75 0.826698 -9
      vertex -2.75 0.314027 -2.17973
    endloop
  endfacet
  facet normal 1 0 0
    outer loop
      vertex -2.75 0.826698 -9
      vertex -2.75 0.226518 -9
      vertex -2.75 0.826698 -10
    endloop
  endfacet
  facet normal 1 0 0
    outer loop
      vertex -2.75 0.826698 -10
      vertex -2.75 0.226518 -9
      vertex -2.75 0.226518 -10
    endloop
  endfacet
  facet normal 1 -0 0
    outer loop
      vertex -2.75 1.98268 -0.95673
      vertex -2.75 2 -10
      vertex -2.75 2 -0.932235
    endloop
  endfacet
  facet normal 1 -0 0
    outer loop
      vertex -2.75 1.37531 -1.81596
      vertex -2.75 2 -10
      vertex -2.75 1.98268 -0.95673
    endloop
  endfacet
  facet normal 1 -0 0
    outer loop
      vertex -2.75 1.15758 -9
      vertex -2.75 2 -10
      vertex -2.75 1.37531 -1.81596
    endloop
  endfacet
  facet normal 1 0 0
    outer loop
      vertex -2.75 2 -10
      vertex -2.75 1.15758 -9
      vertex -2.75 1.15758 -10
    endloop
  endfacet
  facet normal -0.866029 -0.499994 7.80536e-19
    outer loop
      vertex 2.58415 2.94055 -10
      vertex 2.10662 3.76767 6.39428
      vertex 2.10662 3.76767 -10
    endloop
  endfacet
  facet normal -0.865827 -0.500344 2.35518e-05
    outer loop
      vertex 2.10662 3.76767 6.39428
      vertex 2.58415 2.94055 -10
      vertex 2.11285 3.75689 6.41103
    endloop
  endfacet
  facet normal -0.866029 -0.499993 -0
    outer loop
      vertex 2.58415 2.94055 10
      vertex 2.28585 3.45723 7.45248
      vertex 2.58415 2.94055 -10
    endloop
  endfacet
  facet normal -0.866036 -0.499982 -4.41133e-07
    outer loop
      vertex 2.11285 3.75689 6.41103
      vertex 2.58415 2.94055 -10
      vertex 2.28585 3.45723 7.45248
    endloop
  endfacet
  facet normal -0.865811 -0.500371 2.94176e-19
    outer loop
      vertex 2.11285 3.75689 9.58897
      vertex 2.10662 3.76767 10
      vertex 2.10662 3.76767 9.60572
    endloop
  endfacet
  facet normal -0.866032 -0.499988 2.61408e-06
    outer loop
      vertex 2.58415 2.94055 10
      vertex 2.11285 3.75689 9.58897
      vertex 2.28585 3.45723 8.54752
    endloop
  endfacet
  facet normal -0.866029 -0.499994 -1.3206e-05
    outer loop
      vertex 2.11285 3.75689 9.58897
      vertex 2.58415 2.94055 10
      vertex 2.10662 3.76767 10
    endloop
  endfacet
  facet normal -0.866029 -0.499993 0
    outer loop
      vertex 2.28585 3.45723 7.45248
      vertex 2.58415 2.94055 10
      vertex 2.28585 3.45723 8.54752
    endloop
  endfacet
  facet normal 0.984806 -0.173657 0
    outer loop
      vertex -2.58415 2.94055 10
      vertex -2.72162 2.16096 0.625737
      vertex -2.58415 2.94055 -10
    endloop
  endfacet
  facet normal 0.984807 -0.173654 0
    outer loop
      vertex -2.75 2 0.932235
      vertex -2.58415 2.94055 10
      vertex -2.75 2 10
    endloop
  endfacet
  facet normal 0.984809 -0.173641 -1.35622e-06
    outer loop
      vertex -2.58415 2.94055 10
      vertex -2.75 2 0.932235
      vertex -2.72162 2.16096 0.625737
    endloop
  endfacet
  facet normal 0.984806 -0.173657 0
    outer loop
      vertex -2.72162 2.16096 -0.625737
      vertex -2.58415 2.94055 -10
      vertex -2.72162 2.16096 0.625737
    endloop
  endfacet
  facet normal 0.984809 -0.173641 1.35622e-06
    outer loop
      vertex -2.75 2 -0.932235
      vertex -2.58415 2.94055 -10
      vertex -2.72162 2.16096 -0.625737
    endloop
  endfacet
  facet normal 0.984807 -0.173654 7.86545e-19
    outer loop
      vertex -2.58415 2.94055 -10
      vertex -2.75 2 -0.932235
      vertex -2.75 2 -10
    endloop
  endfacet
  facet normal 0.865811 -0.500371 0
    outer loop
      vertex -2.10662 3.76767 10
      vertex -2.11285 3.75689 9.58897
      vertex -2.10662 3.76767 9.60572
    endloop
  endfacet
  facet normal 0.866029 -0.499994 -1.3206e-05
    outer loop
      vertex -2.58415 2.94055 10
      vertex -2.11285 3.75689 9.58897
      vertex -2.10662 3.76767 10
    endloop
  endfacet
  facet normal 0.866029 -0.499993 0
    outer loop
      vertex -2.28585 3.45723 8.54752
      vertex -2.58415 2.94055 10
      vertex -2.28585 3.45723 7.45248
    endloop
  endfacet
  facet normal 0.866032 -0.499988 2.61408e-06
    outer loop
      vertex -2.11285 3.75689 9.58897
      vertex -2.58415 2.94055 10
      vertex -2.28585 3.45723 8.54752
    endloop
  endfacet
  facet normal 0.865827 -0.500344 2.35518e-05
    outer loop
      vertex -2.58415 2.94055 -10
      vertex -2.10662 3.76767 6.39428
      vertex -2.11285 3.75689 6.41103
    endloop
  endfacet
  facet normal 0.866036 -0.499982 -4.41133e-07
    outer loop
      vertex -2.58415 2.94055 -10
      vertex -2.11285 3.75689 6.41103
      vertex -2.28585 3.45723 7.45248
    endloop
  endfacet
  facet normal 0.866029 -0.499993 0
    outer loop
      vertex -2.58415 2.94055 -10
      vertex -2.28585 3.45723 7.45248
      vertex -2.58415 2.94055 10
    endloop
  endfacet
  facet normal 0.866029 -0.499994 0
    outer loop
      vertex -2.10662 3.76767 6.39428
      vertex -2.58415 2.94055 -10
      vertex -2.10662 3.76767 -10
    endloop
  endfacet
  facet normal 0.984807 0.173653 -1.56328e-18
    outer loop
      vertex -2.58415 -0.940555 10
      vertex -2.75 0 2.24818
      vertex -2.75 0 10
    endloop
  endfacet
  facet normal 0.984809 0.173644 -1.1551e-06
    outer loop
      vertex -2.75 0 2.24818
      vertex -2.58415 -0.940555 10
      vertex -2.70293 -0.266955 2.1252
    endloop
  endfacet
  facet normal 0.984807 0.173651 -5.28331e-07
    outer loop
      vertex -2.70293 -0.266955 2.1252
      vertex -2.58415 -0.940555 10
      vertex -2.58457 -0.938198 1.81596
    endloop
  endfacet
  facet normal 0.984492 0.175429 2.85923e-21
    outer loop
      vertex -2.58457 -0.938198 1.81596
      vertex -2.58415 -0.940555 10
      vertex -2.58415 -0.940555 1.81353
    endloop
  endfacet
  facet normal 0.984806 0.173659 -7.95185e-07
    outer loop
      vertex -2.75 0 -2.24818
      vertex -2.62563 -0.705322 -9
      vertex -2.70112 -0.277225 -9
    endloop
  endfacet
  facet normal 0.984807 0.173651 4.07542e-07
    outer loop
      vertex -2.58457 -0.938198 -1.81596
      vertex -2.62563 -0.705322 -9
      vertex -2.70293 -0.266955 -2.1252
    endloop
  endfacet
  facet normal 0.984481 0.175491 6.19252e-05
    outer loop
      vertex -2.58415 -0.940555 -1.81353
      vertex -2.62563 -0.705322 -9
      vertex -2.58457 -0.938198 -1.81596
    endloop
  endfacet
  facet normal 0.984806 0.173657 -5.48616e-20
    outer loop
      vertex -2.62563 -0.705322 -9
      vertex -2.58415 -0.940555 -1.81353
      vertex -2.58415 -0.940555 -10
    endloop
  endfacet
  facet normal 0.984806 0.173657 0
    outer loop
      vertex -2.62563 -0.705322 -9
      vertex -2.58415 -0.940555 -10
      vertex -2.62563 -0.705322 -10
    endloop
  endfacet
  facet normal 0.984811 0.17363 0
    outer loop
      vertex -2.75 0 -2.24818
      vertex -2.73158 -0.104476 -9
      vertex -2.75 0 -9
    endloop
  endfacet
  facet normal 0.984809 0.173644 8.79319e-07
    outer loop
      vertex -2.62563 -0.705322 -9
      vertex -2.75 0 -2.24818
      vertex -2.70293 -0.266955 -2.1252
    endloop
  endfacet
  facet normal 0.984808 0.173646 -2.5531e-07
    outer loop
      vertex -2.75 0 -2.24818
      vertex -2.70112 -0.277225 -9
      vertex -2.73158 -0.104476 -9
    endloop
  endfacet
  facet normal 0.984808 0.173646 0
    outer loop
      vertex -2.73158 -0.104476 -9
      vertex -2.70112 -0.277225 -9
      vertex -2.73158 -0.104476 -10
    endloop
  endfacet
  facet normal 0.984808 0.173646 -1.60244e-18
    outer loop
      vertex -2.73158 -0.104476 -10
      vertex -2.70112 -0.277225 -9
      vertex -2.70112 -0.277225 -10
    endloop
  endfacet
  facet normal 0.866028 0.499996 -1.7288e-18
    outer loop
      vertex -2.10662 -1.76767 10
      vertex -2.58415 -0.940555 1.81353
      vertex -2.58415 -0.940555 10
    endloop
  endfacet
  facet normal 0.866024 0.500003 9.63706e-07
    outer loop
      vertex -2.58415 -0.940555 1.81353
      vertex -2.10662 -1.76767 10
      vertex -2.46382 -1.14897 1.3416
    endloop
  endfacet
  facet normal 0.866027 0.499997 0
    outer loop
      vertex -2.32686 -1.3862 0.625737
      vertex -2.10662 -1.76767 10
      vertex -2.32686 -1.3862 -0.625737
    endloop
  endfacet
  facet normal 0.866032 0.499988 -4.8696e-07
    outer loop
      vertex -2.46382 -1.14897 1.3416
      vertex -2.10662 -1.76767 10
      vertex -2.32686 -1.3862 0.625737
    endloop
  endfacet
  facet normal 0.866024 0.500003 -9.63706e-07
    outer loop
      vertex -2.10662 -1.76767 -10
      vertex -2.58415 -0.940555 -1.81353
      vertex -2.46382 -1.14897 -1.3416
    endloop
  endfacet
  facet normal 0.866032 0.499988 4.8696e-07
    outer loop
      vertex -2.10662 -1.76767 -10
      vertex -2.46382 -1.14897 -1.3416
      vertex -2.32686 -1.3862 -0.625737
    endloop
  endfacet
  facet normal 0.866028 0.499996 0
    outer loop
      vertex -2.58415 -0.940555 -1.81353
      vertex -2.10662 -1.76767 -10
      vertex -2.58415 -0.940555 -10
    endloop
  endfacet
  facet normal 0.866027 0.499997 -0
    outer loop
      vertex -2.10662 -1.76767 -10
      vertex -2.32686 -1.3862 -0.625737
      vertex -2.10662 -1.76767 10
    endloop
  endfacet
  facet normal 0 1 0
    outer loop
      vertex -0.477532 4.70822 4.81515
      vertex -0.419724 4.70822 4.80652
      vertex -0.456265 4.70822 4.81197
    endloop
  endfacet
  facet normal 0 -1 0
    outer loop
      vertex -0.477532 4.70822 -10
      vertex -0.0470695 4.70822 4.78734
      vertex -0.419724 4.70822 4.80652
    endloop
  endfacet
  facet normal 0 -1 -0
    outer loop
      vertex -0.0470695 4.70822 4.78734
      vertex -0.477532 4.70822 -10
      vertex 0 4.70822 4.78492
    endloop
  endfacet
  facet normal 0 -1 0
    outer loop
      vertex -0.477532 4.70822 -10
      vertex -0.419724 4.70822 4.80652
      vertex -0.477532 4.70822 4.81515
    endloop
  endfacet
  facet normal 0 1 0
    outer loop
      vertex 0.419724 4.70822 4.80652
      vertex 0.477532 4.70822 4.81515
      vertex 0.456265 4.70822 4.81197
    endloop
  endfacet
  facet normal 0 -1 0
    outer loop
      vertex 0.477532 4.70822 -10
      vertex 0.0470695 4.70822 4.78734
      vertex 0 4.70822 4.78492
    endloop
  endfacet
  facet normal 0 -1 0
    outer loop
      vertex 0.477532 4.70822 -10
      vertex 0 4.70822 4.78492
      vertex -0.477532 4.70822 -10
    endloop
  endfacet
  facet normal 0 -1 0
    outer loop
      vertex 0.0470695 4.70822 4.78734
      vertex 0.477532 4.70822 -10
      vertex 0.419724 4.70822 4.80652
    endloop
  endfacet
  facet normal 0 -1 0
    outer loop
      vertex 0.419724 4.70822 4.80652
      vertex 0.477532 4.70822 -10
      vertex 0.477532 4.70822 4.81515
    endloop
  endfacet
  facet normal -0.866028 0.499996 7.07638e-19
    outer loop
      vertex 2.10662 -1.76767 -10
      vertex 2.58415 -0.940555 10
      vertex 2.58415 -0.940555 -10
    endloop
  endfacet
  facet normal -0.866028 0.499996 7.07638e-19
    outer loop
      vertex 2.58415 -0.940555 10
      vertex 2.10662 -1.76767 -10
      vertex 2.10662 -1.76767 10
    endloop
  endfacet
  facet normal -0.642784 0.766047 9.83407e-20
    outer loop
      vertex 2.10662 -1.76767 10
      vertex 1.5 -2.27668 -6.49626
      vertex 1.5 -2.27668 10
    endloop
  endfacet
  facet normal -0.64281 0.766026 1.60796e-06
    outer loop
      vertex 2.10662 -1.76767 10
      vertex 1.57212 -2.21616 -6.76632
      vertex 1.5 -2.27668 -6.49626
    endloop
  endfacet
  facet normal -0.642757 0.76607 -1.23784e-06
    outer loop
      vertex 2.10662 -1.76767 10
      vertex 1.75538 -2.0624 -7.45248
      vertex 1.57212 -2.21616 -6.76632
    endloop
  endfacet
  facet normal -0.642794 0.766039 0
    outer loop
      vertex 2.10662 -1.76767 -10
      vertex 1.75538 -2.0624 -7.45248
      vertex 2.10662 -1.76767 10
    endloop
  endfacet
  facet normal -0.642794 0.766039 0
    outer loop
      vertex 1.75538 -2.0624 -7.45248
      vertex 2.10662 -1.76767 -10
      vertex 1.75538 -2.0624 -8.54752
    endloop
  endfacet
  facet normal -0.642773 0.766057 8.39389e-06
    outer loop
      vertex 2.10662 -1.76767 -10
      vertex 1.57212 -2.21616 -9.23368
      vertex 1.75538 -2.0624 -8.54752
    endloop
  endfacet
  facet normal -0.642789 0.766043 -1.09034e-05
    outer loop
      vertex 2.10662 -1.76767 -10
      vertex 1.5 -2.27668 -9.50374
      vertex 1.57212 -2.21616 -9.23368
    endloop
  endfacet
  facet normal -0.642784 0.766047 0
    outer loop
      vertex 1.5 -2.27668 -9.50374
      vertex 2.10662 -1.76767 -10
      vertex 1.5 -2.27668 -10
    endloop
  endfacet
  facet normal -0.984808 0.173648 0
    outer loop
      vertex 2.66735 -0.468704 -10
      vertex 2.58415 -0.940555 -10
      vertex 2.66735 -0.468704 -9
    endloop
  endfacet
  facet normal -0.984805 0.173666 0
    outer loop
      vertex 2.71189 -0.21611 -9
      vertex 2.75 0 -10
      vertex 2.71189 -0.21611 -10
    endloop
  endfacet
  facet normal -0.984805 0.173666 0
    outer loop
      vertex 2.75 0 -10
      vertex 2.71189 -0.21611 -9
      vertex 2.75 0 10
    endloop
  endfacet
  facet normal -0.984807 0.173651 1.6784e-07
    outer loop
      vertex 2.66735 -0.468704 -9
      vertex 2.75 0 10
      vertex 2.71189 -0.21611 -9
    endloop
  endfacet
  facet normal -0.984808 0.173648 0
    outer loop
      vertex 2.58415 -0.940555 10
      vertex 2.66735 -0.468704 -9
      vertex 2.58415 -0.940555 -10
    endloop
  endfacet
  facet normal -0.984807 0.173653 1.27429e-07
    outer loop
      vertex 2.66735 -0.468704 -9
      vertex 2.58415 -0.940555 10
      vertex 2.75 0 10
    endloop
  endfacet
  facet normal -0.984807 -0.173654 -3.5661e-19
    outer loop
      vertex 2.75 2 -10
      vertex 2.58415 2.94055 10
      vertex 2.58415 2.94055 -10
    endloop
  endfacet
  facet normal -0.984807 -0.173654 -3.5661e-19
    outer loop
      vertex 2.58415 2.94055 10
      vertex 2.75 2 -10
      vertex 2.75 2 10
    endloop
  endfacet
  facet normal -1 0 0
    outer loop
      vertex 2.75 0.565152 -10
      vertex 2.75 0 -10
      vertex 2.75 0.565152 -9
    endloop
  endfacet
  facet normal -1 0 0
    outer loop
      vertex 2.75 1.22151 -9
      vertex 2.75 2 -10
      vertex 2.75 1.22151 -10
    endloop
  endfacet
  facet normal -1 0 0
    outer loop
      vertex 2.75 2 -10
      vertex 2.75 1.22151 -9
      vertex 2.75 2 10
    endloop
  endfacet
  facet normal -1 0 0
    outer loop
      vertex 2.75 0 10
      vertex 2.75 1.22151 -9
      vertex 2.75 0.565152 -9
    endloop
  endfacet
  facet normal -1 0 0
    outer loop
      vertex 2.75 0 10
      vertex 2.75 0.565152 -9
      vertex 2.75 0 -10
    endloop
  endfacet
  facet normal -1 0 0
    outer loop
      vertex 2.75 1.22151 -9
      vertex 2.75 0 10
      vertex 2.75 2 10
    endloop
  endfacet
  facet normal 0.642782 -0.766049 0
    outer loop
      vertex -2.10662 3.76767 9.60572
      vertex -1.88905 3.95023 10
      vertex -2.10662 3.76767 10
    endloop
  endfacet
  facet normal 0.642778 -0.766053 0
    outer loop
      vertex -2.10662 3.76767 -10
      vertex -1.62701 4.1701 5.52513
      vertex -2.10662 3.76767 6.39428
    endloop
  endfacet
  facet normal 0.642802 -0.766032 -1.28221e-06
    outer loop
      vertex -2.10662 3.76767 -10
      vertex -1.375 4.38157 5.28405
      vertex -1.62701 4.1701 5.52513
    endloop
  endfacet
  facet normal 0.642786 -0.766046 0
    outer loop
      vertex -1.375 4.38157 5.28405
      vertex -2.10662 3.76767 -10
      vertex -1.375 4.38157 -10
    endloop
  endfacet
  facet normal -0.342019 -0.939693 -6.64632e-19
    outer loop
      vertex 1.375 4.38157 -10
      vertex 0.477532 4.70822 4.81515
      vertex 0.477532 4.70822 -10
    endloop
  endfacet
  facet normal -0.342019 -0.939693 4.32289e-09
    outer loop
      vertex 0.477532 4.70822 4.81515
      vertex 1.375 4.38157 -10
      vertex 0.736593 4.61393 4.88148
    endloop
  endfacet
  facet normal -0.342012 -0.939695 3.02224e-07
    outer loop
      vertex 0.736593 4.61393 4.88148
      vertex 1.375 4.38157 -10
      vertex 1.10427 4.48011 5.09197
    endloop
  endfacet
  facet normal -0.342027 -0.93969 2.66507e-19
    outer loop
      vertex 1.10427 4.48011 5.09197
      vertex 1.375 4.38157 -10
      vertex 1.375 4.38157 5.28405
    endloop
  endfacet
  facet normal 0.342027 -0.93969 0
    outer loop
      vertex -1.375 4.38157 -10
      vertex -1.10427 4.48011 5.09197
      vertex -1.375 4.38157 5.28405
    endloop
  endfacet
  facet normal 0.342012 -0.939695 3.02224e-07
    outer loop
      vertex -1.375 4.38157 -10
      vertex -0.736593 4.61393 4.88148
      vertex -1.10427 4.48011 5.09197
    endloop
  endfacet
  facet normal 0.342019 -0.939693 4.32289e-09
    outer loop
      vertex -1.375 4.38157 -10
      vertex -0.477532 4.70822 4.81515
      vertex -0.736593 4.61393 4.88148
    endloop
  endfacet
  facet normal 0.342019 -0.939693 0
    outer loop
      vertex -0.477532 4.70822 4.81515
      vertex -1.375 4.38157 -10
      vertex -0.477532 4.70822 -10
    endloop
  endfacet
  facet normal 0.642784 0.766047 -0
    outer loop
      vertex -1.5 -2.27668 -6.49626
      vertex -2.10662 -1.76767 10
      vertex -1.5 -2.27668 10
    endloop
  endfacet
  facet normal 0.64281 0.766026 1.60796e-06
    outer loop
      vertex -1.57212 -2.21616 -6.76632
      vertex -2.10662 -1.76767 10
      vertex -1.5 -2.27668 -6.49626
    endloop
  endfacet
  facet normal 0.642757 0.76607 -1.23784e-06
    outer loop
      vertex -1.75538 -2.0624 -7.45248
      vertex -2.10662 -1.76767 10
      vertex -1.57212 -2.21616 -6.76632
    endloop
  endfacet
  facet normal 0.642794 0.766039 -1.22379e-18
    outer loop
      vertex -2.10662 -1.76767 -10
      vertex -1.75538 -2.0624 -7.45248
      vertex -1.75538 -2.0624 -8.54752
    endloop
  endfacet
  facet normal 0.642784 0.766047 -3.26896e-18
    outer loop
      vertex -2.10662 -1.76767 -10
      vertex -1.5 -2.27668 -9.50374
      vertex -1.5 -2.27668 -10
    endloop
  endfacet
  facet normal 0.642789 0.766043 -1.09034e-05
    outer loop
      vertex -1.5 -2.27668 -9.50374
      vertex -2.10662 -1.76767 -10
      vertex -1.57212 -2.21616 -9.23368
    endloop
  endfacet
  facet normal 0.642794 0.766039 -6.7005e-20
    outer loop
      vertex -1.75538 -2.0624 -7.45248
      vertex -2.10662 -1.76767 -10
      vertex -2.10662 -1.76767 10
    endloop
  endfacet
  facet normal 0.642773 0.766057 8.39389e-06
    outer loop
      vertex -1.57212 -2.21616 -9.23368
      vertex -2.10662 -1.76767 -10
      vertex -1.75538 -2.0624 -8.54752
    endloop
  endfacet
  facet normal -0.642782 -0.766049 1.60915e-17
    outer loop
      vertex 1.88905 3.95023 10
      vertex 2.10662 3.76767 9.60572
      vertex 2.10662 3.76767 10
    endloop
  endfacet
  facet normal -0.642786 -0.766046 -1.7905e-18
    outer loop
      vertex 2.10662 3.76767 -10
      vertex 1.375 4.38157 5.28405
      vertex 1.375 4.38157 -10
    endloop
  endfacet
  facet normal -0.642802 -0.766032 -1.28221e-06
    outer loop
      vertex 1.375 4.38157 5.28405
      vertex 2.10662 3.76767 -10
      vertex 1.62701 4.1701 5.52513
    endloop
  endfacet
  facet normal -0.642778 -0.766053 1.12858e-18
    outer loop
      vertex 1.62701 4.1701 5.52513
      vertex 2.10662 3.76767 -10
      vertex 2.10662 3.76767 6.39428
    endloop
  endfacet
  facet normal 1 0 0
    outer loop
      vertex -1.5 -2.27668 10
      vertex -1.5 -2.30738 -6.41103
      vertex -1.5 -2.27668 -6.49626
    endloop
  endfacet
  facet normal 1 0 0
    outer loop
      vertex -1.5 -2.27668 10
      vertex -1.5 -2.52981 -6.13486
      vertex -1.5 -2.30738 -6.41103
    endloop
  endfacet
  facet normal 1 -0 0
    outer loop
      vertex -1.5 -5.25 0
      vertex -1.5 -2.52981 -6.13486
      vertex -1.5 -2.27668 10
    endloop
  endfacet
  facet normal 1 0 0
    outer loop
      vertex -1.5 -2.52981 -6.13486
      vertex -1.5 -5.25 0
      vertex -1.5 -2.93543 -5.63122
    endloop
  endfacet
  facet normal 1 0 0
    outer loop
      vertex -1.5 -2.93543 -5.63122
      vertex -1.5 -5.25 0
      vertex -1.5 -3.04309 -5.52513
    endloop
  endfacet
  facet normal 1 0 0
    outer loop
      vertex -1.5 -3.04309 -5.52513
      vertex -1.5 -5.25 0
      vertex -1.5 -3.91019 -5.07411
    endloop
  endfacet
  facet normal 1 -0 0
    outer loop
      vertex -1.5 -5.61612 -0.883883
      vertex -1.5 -3.91019 -5.07411
      vertex -1.5 -5.25 0
    endloop
  endfacet
  facet normal 1 0 0
    outer loop
      vertex -1.5 -3.91019 -5.07411
      vertex -1.5 -5.61612 -0.883883
      vertex -1.5 -4.48701 -4.88148
    endloop
  endfacet
  facet normal 1 0 0
    outer loop
      vertex -1.5 -4.48701 -4.88148
      vertex -1.5 -5.61612 -0.883883
      vertex -1.5 -4.51076 -4.87793
    endloop
  endfacet
  facet normal 1 0 0
    outer loop
      vertex -1.5 -4.51076 -4.87793
      vertex -1.5 -5.61612 -0.883883
      vertex -1.5 -4.51262 -4.87765
    endloop
  endfacet
  facet normal 1 0 0
    outer loop
      vertex -1.5 -4.51262 -4.87765
      vertex -1.5 -5.61612 -0.883883
      vertex -1.5 -4.98591 -4.8533
    endloop
  endfacet
  facet normal 1 0 0
    outer loop
      vertex -1.5 -4.98591 -4.8533
      vertex -1.5 -5.61612 -0.883883
      vertex -1.5 -5 -4.85257
    endloop
  endfacet
  facet normal 1 0 0
    outer loop
      vertex -1.5 -2.27668 10
      vertex -1.5 -5.61612 0.883883
      vertex -1.5 -5.25 0
    endloop
  endfacet
  facet normal 1 0 0
    outer loop
      vertex -1.5 -6 1.04289
      vertex -1.5 -2.27668 10
      vertex -1.5 -6 10
    endloop
  endfacet
  facet normal 1 0 0
    outer loop
      vertex -1.5 -2.27668 10
      vertex -1.5 -6 1.04289
      vertex -1.5 -5.61612 0.883883
    endloop
  endfacet
  facet normal 1 -0 0
    outer loop
      vertex -1.5 -6 -1.04289
      vertex -1.5 -5 -4.85257
      vertex -1.5 -5.61612 -0.883883
    endloop
  endfacet
  facet normal 1 0 0
    outer loop
      vertex -1.5 -5 -4.85257
      vertex -1.5 -6 -1.04289
      vertex -1.5 -5.01409 -4.8533
    endloop
  endfacet
  facet normal 1 0 0
    outer loop
      vertex -1.5 -5.01409 -4.8533
      vertex -1.5 -6 -1.04289
      vertex -1.5 -5.48738 -4.87765
    endloop
  endfacet
  facet normal 1 0 0
    outer loop
      vertex -1.5 -5.48738 -4.87765
      vertex -1.5 -6 -1.04289
      vertex -1.5 -5.48924 -4.87793
    endloop
  endfacet
  facet normal 1 0 0
    outer loop
      vertex -1.5 -5.48924 -4.87793
      vertex -1.5 -6 -1.04289
      vertex -1.5 -5.51299 -4.88148
    endloop
  endfacet
  facet normal 1 0 0
    outer loop
      vertex -1.5 -5.51299 -4.88148
      vertex -1.5 -6 -1.04289
      vertex -1.5 -6 -5.04412
    endloop
  endfacet
  facet normal 1 -0 0
    outer loop
      vertex -1.5 -2.30738 -9.58897
      vertex -1.5 -2.27668 -10
      vertex -1.5 -2.27668 -9.50374
    endloop
  endfacet
  facet normal 1 -0 0
    outer loop
      vertex -1.5 -2.52981 -9.86514
      vertex -1.5 -2.27668 -10
      vertex -1.5 -2.30738 -9.58897
    endloop
  endfacet
  facet normal 1 0 0
    outer loop
      vertex -1.5 -2.27668 -10
      vertex -1.5 -2.52981 -9.86514
      vertex -1.5 -2.63842 -10
    endloop
  endfacet
  facet normal 1 0 0
    outer loop
      vertex -1.5 -4.5 -8.75921
      vertex -1.5 -3.02507 -7.77748
      vertex -1.5 -3.56612 -7.09903
    endloop
  endfacet
  facet normal 1 0 0
    outer loop
      vertex -1.5 -3.02507 -7.77748
      vertex -1.5 -4.5 -8.75921
      vertex -1.5 -3.21817 -8.62349
    endloop
  endfacet
  facet normal 1 0 0
    outer loop
      vertex -1.5 -4.5 -7.18194
      vertex -1.5 -3.56612 -7.09903
      vertex -1.5 -4.43388 -7.09903
    endloop
  endfacet
  facet normal 1 0 0
    outer loop
      vertex -1.5 -4.5 -8.75921
      vertex -1.5 -3.56612 -7.09903
      vertex -1.5 -4.5 -7.18194
    endloop
  endfacet
  facet normal 1 0 0
    outer loop
      vertex -1.5 -3.21817 -8.62349
      vertex -1.5 -4.5 -8.75921
      vertex -1.5 -4 -9
    endloop
  endfacet
  facet normal 1 -0 0
    outer loop
      vertex -1.5 -5.43388 -7.09903
      vertex -1.5 -4.5 -7.18194
      vertex -1.5 -4.56612 -7.09903
    endloop
  endfacet
  facet normal 1 0 0
    outer loop
      vertex -1.5 -4.5 -7.18194
      vertex -1.5 -5.43388 -7.09903
      vertex -1.5 -4.5 -8.75921
    endloop
  endfacet
  facet normal 1 -0 0
    outer loop
      vertex -1.5 -5.97493 -7.77748
      vertex -1.5 -4.5 -8.75921
      vertex -1.5 -5.43388 -7.09903
    endloop
  endfacet
  facet normal 1 0 0
    outer loop
      vertex -1.5 -4.5 -8.75921
      vertex -1.5 -5.78183 -8.62349
      vertex -1.5 -5 -9
    endloop
  endfacet
  facet normal 1 0 0
    outer loop
      vertex -1.5 -4.5 -8.75921
      vertex -1.5 -5.97493 -7.77748
      vertex -1.5 -5.78183 -8.62349
    endloop
  endfacet
  facet normal -1 0 0
    outer loop
      vertex 1.5 -6 -1.04289
      vertex 1.5 -5.01409 -4.8533
      vertex 1.5 -5.48738 -4.87765
    endloop
  endfacet
  facet normal -1 0 0
    outer loop
      vertex 1.5 -6 -1.04289
      vertex 1.5 -5.48738 -4.87765
      vertex 1.5 -5.48924 -4.87793
    endloop
  endfacet
  facet normal -1 0 0
    outer loop
      vertex 1.5 -6 -1.04289
      vertex 1.5 -5.48924 -4.87793
      vertex 1.5 -5.51299 -4.88148
    endloop
  endfacet
  facet normal -1 0 0
    outer loop
      vertex 1.5 -5.01409 -4.8533
      vertex 1.5 -5.61612 -0.883883
      vertex 1.5 -5.25 0
    endloop
  endfacet
  facet normal -1 0 0
    outer loop
      vertex 1.5 -6 -1.04289
      vertex 1.5 -5.51299 -4.88148
      vertex 1.5 -6 -5.04412
    endloop
  endfacet
  facet normal -1 0 0
    outer loop
      vertex 1.5 -5.01409 -4.8533
      vertex 1.5 -6 -1.04289
      vertex 1.5 -5.61612 -0.883883
    endloop
  endfacet
  facet normal -1 0 0
    outer loop
      vertex 1.5 -2.30738 -6.41103
      vertex 1.5 -2.27668 10
      vertex 1.5 -2.27668 -6.49626
    endloop
  endfacet
  facet normal -1 0 0
    outer loop
      vertex 1.5 -2.52981 -6.13486
      vertex 1.5 -2.27668 10
      vertex 1.5 -2.30738 -6.41103
    endloop
  endfacet
  facet normal -1 0 0
    outer loop
      vertex 1.5 -5.25 0
      vertex 1.5 -2.52981 -6.13486
      vertex 1.5 -2.93543 -5.63122
    endloop
  endfacet
  facet normal -1 0 0
    outer loop
      vertex 1.5 -5.25 0
      vertex 1.5 -2.93543 -5.63122
      vertex 1.5 -3.04309 -5.52513
    endloop
  endfacet
  facet normal -1 0 0
    outer loop
      vertex 1.5 -5.25 0
      vertex 1.5 -3.04309 -5.52513
      vertex 1.5 -3.91019 -5.07411
    endloop
  endfacet
  facet normal -1 0 0
    outer loop
      vertex 1.5 -5.25 0
      vertex 1.5 -3.91019 -5.07411
      vertex 1.5 -4.48701 -4.88148
    endloop
  endfacet
  facet normal -1 0 0
    outer loop
      vertex 1.5 -5.25 0
      vertex 1.5 -4.48701 -4.88148
      vertex 1.5 -4.51076 -4.87793
    endloop
  endfacet
  facet normal -1 0 0
    outer loop
      vertex 1.5 -5.25 0
      vertex 1.5 -4.51076 -4.87793
      vertex 1.5 -4.51262 -4.87765
    endloop
  endfacet
  facet normal -1 0 0
    outer loop
      vertex 1.5 -5.25 0
      vertex 1.5 -4.51262 -4.87765
      vertex 1.5 -4.98591 -4.8533
    endloop
  endfacet
  facet normal -1 0 0
    outer loop
      vertex 1.5 -5.25 0
      vertex 1.5 -4.98591 -4.8533
      vertex 1.5 -5 -4.85257
    endloop
  endfacet
  facet normal -1 0 0
    outer loop
      vertex 1.5 -5.25 0
      vertex 1.5 -5 -4.85257
      vertex 1.5 -5.01409 -4.8533
    endloop
  endfacet
  facet normal -1 0 0
    outer loop
      vertex 1.5 -2.52981 -6.13486
      vertex 1.5 -5.25 0
      vertex 1.5 -2.27668 10
    endloop
  endfacet
  facet normal -1 0 0
    outer loop
      vertex 1.5 -5.61612 0.883883
      vertex 1.5 -2.27668 10
      vertex 1.5 -5.25 0
    endloop
  endfacet
  facet normal -1 0 0
    outer loop
      vertex 1.5 -6 1.04289
      vertex 1.5 -2.27668 10
      vertex 1.5 -5.61612 0.883883
    endloop
  endfacet
  facet normal -1 -0 0
    outer loop
      vertex 1.5 -2.27668 10
      vertex 1.5 -6 1.04289
      vertex 1.5 -6 10
    endloop
  endfacet
  facet normal -1 0 0
    outer loop
      vertex 1.5 -2.27668 -10
      vertex 1.5 -2.30738 -9.58897
      vertex 1.5 -2.27668 -9.50374
    endloop
  endfacet
  facet normal -1 0 0
    outer loop
      vertex 1.5 -2.27668 -10
      vertex 1.5 -2.52981 -9.86514
      vertex 1.5 -2.30738 -9.58897
    endloop
  endfacet
  facet normal -1 0 -0
    outer loop
      vertex 1.5 -2.52981 -9.86514
      vertex 1.5 -2.27668 -10
      vertex 1.5 -2.63842 -10
    endloop
  endfacet
  facet normal -1 0 0
    outer loop
      vertex 1.5 -4.5 -8.75921
      vertex 1.5 -3.02507 -7.77748
      vertex 1.5 -3.21817 -8.62349
    endloop
  endfacet
  facet normal -1 0 0
    outer loop
      vertex 1.5 -4.5 -8.75921
      vertex 1.5 -3.21817 -8.62349
      vertex 1.5 -4 -9
    endloop
  endfacet
  facet normal -1 -0 0
    outer loop
      vertex 1.5 -3.02507 -7.77748
      vertex 1.5 -4.5 -8.75921
      vertex 1.5 -3.56612 -7.09903
    endloop
  endfacet
  facet normal -1 0 0
    outer loop
      vertex 1.5 -3.56612 -7.09903
      vertex 1.5 -4.5 -8.75921
      vertex 1.5 -4.5 -7.18194
    endloop
  endfacet
  facet normal -1 -0 0
    outer loop
      vertex 1.5 -3.56612 -7.09903
      vertex 1.5 -4.5 -7.18194
      vertex 1.5 -4.43388 -7.09903
    endloop
  endfacet
  facet normal -1 0 0
    outer loop
      vertex 1.5 -5.43388 -7.09903
      vertex 1.5 -4.5 -7.18194
      vertex 1.5 -4.5 -8.75921
    endloop
  endfacet
  facet normal -1 0 0
    outer loop
      vertex 1.5 -5.78183 -8.62349
      vertex 1.5 -4.5 -8.75921
      vertex 1.5 -5 -9
    endloop
  endfacet
  facet normal -1 0 0
    outer loop
      vertex 1.5 -4.5 -7.18194
      vertex 1.5 -5.43388 -7.09903
      vertex 1.5 -4.56612 -7.09903
    endloop
  endfacet
  facet normal -1 0 0
    outer loop
      vertex 1.5 -5.97493 -7.77748
      vertex 1.5 -4.5 -8.75921
      vertex 1.5 -5.78183 -8.62349
    endloop
  endfacet
  facet normal -1 0 0
    outer loop
      vertex 1.5 -4.5 -8.75921
      vertex 1.5 -5.97493 -7.77748
      vertex 1.5 -5.43388 -7.09903
    endloop
  endfacet
  facet normal 5.03811e-18 -0.923878 -0.382687
    outer loop
      vertex 1.5 -5.25 0
      vertex 6.74643 -5.61612 0.883883
      vertex 1.5 -5.61612 0.883883
    endloop
  endfacet
  facet normal -0 -0.923878 -0.382687
    outer loop
      vertex 7.27964 -5.25 0
      vertex 6.74643 -5.61612 0.883883
      vertex 1.5 -5.25 0
    endloop
  endfacet
  facet normal -0.000124156 -0.923852 -0.382751
    outer loop
      vertex 6.74643 -5.61612 0.883883
      vertex 7.27964 -5.25 0
      vertex 7.26777 -5.26777 0.0428956
    endloop
  endfacet
  facet normal 0.000124156 -0.923852 -0.382751
    outer loop
      vertex -7.27964 -5.25 0
      vertex -6.74643 -5.61612 0.883883
      vertex -7.26777 -5.26777 0.0428956
    endloop
  endfacet
  facet normal 4.57331e-18 -0.923878 -0.382687
    outer loop
      vertex -6.74643 -5.61612 0.883883
      vertex -7.27964 -5.25 0
      vertex -1.5 -5.25 0
    endloop
  endfacet
  facet normal 0 -0.923878 -0.382687
    outer loop
      vertex -6.74643 -5.61612 0.883883
      vertex -1.5 -5.25 0
      vertex -1.5 -5.61612 0.883883
    endloop
  endfacet
  facet normal 5.98607e-06 -0.382697 0.923874
    outer loop
      vertex 6.74643 -5.61612 -0.883883
      vertex 5.5 -6 -1.04289
      vertex 6.45671 -5.8097 -0.964068
    endloop
  endfacet
  facet normal 0 -0.382681 0.923881
    outer loop
      vertex 1.5 -5.61612 -0.883883
      vertex 5.5 -6 -1.04289
      vertex 6.74643 -5.61612 -0.883883
    endloop
  endfacet
  facet normal 0 -0.382681 0.923881
    outer loop
      vertex 5.5 -6 -1.04289
      vertex 1.5 -5.61612 -0.883883
      vertex 1.5 -6 -1.04289
    endloop
  endfacet
  facet normal -1.97971e-18 -0.382681 0.923881
    outer loop
      vertex -1.5 -5.61612 -0.883883
      vertex -5.5 -6 -1.04289
      vertex -1.5 -6 -1.04289
    endloop
  endfacet
  facet normal 0 -0.382681 0.923881
    outer loop
      vertex -6.74643 -5.61612 -0.883883
      vertex -5.5 -6 -1.04289
      vertex -1.5 -5.61612 -0.883883
    endloop
  endfacet
  facet normal -5.98607e-06 -0.382697 0.923874
    outer loop
      vertex -5.5 -6 -1.04289
      vertex -6.74643 -5.61612 -0.883883
      vertex -6.45671 -5.8097 -0.964068
    endloop
  endfacet
  facet normal 5.98607e-06 -0.382697 -0.923874
    outer loop
      vertex 5.5 -6 1.04289
      vertex 6.74643 -5.61612 0.883883
      vertex 6.45671 -5.8097 0.964068
    endloop
  endfacet
  facet normal 1.97971e-18 -0.382681 -0.923881
    outer loop
      vertex 1.5 -5.61612 0.883883
      vertex 5.5 -6 1.04289
      vertex 1.5 -6 1.04289
    endloop
  endfacet
  facet normal 1.50937e-18 -0.382681 -0.923881
    outer loop
      vertex 5.5 -6 1.04289
      vertex 1.5 -5.61612 0.883883
      vertex 6.74643 -5.61612 0.883883
    endloop
  endfacet
  facet normal 0 -0.382681 -0.923881
    outer loop
      vertex -5.5 -6 1.04289
      vertex -1.5 -5.61612 0.883883
      vertex -1.5 -6 1.04289
    endloop
  endfacet
  facet normal -5.98607e-06 -0.382697 -0.923874
    outer loop
      vertex -6.74643 -5.61612 0.883883
      vertex -5.5 -6 1.04289
      vertex -6.45671 -5.8097 0.964068
    endloop
  endfacet
  facet normal 1.50937e-18 -0.382681 -0.923881
    outer loop
      vertex -5.5 -6 1.04289
      vertex -6.74643 -5.61612 0.883883
      vertex -1.5 -5.61612 0.883883
    endloop
  endfacet
  facet normal -4.57331e-18 -0.923878 0.382687
    outer loop
      vertex 6.74643 -5.61612 -0.883883
      vertex 7.27964 -5.25 0
      vertex 1.5 -5.25 0
    endloop
  endfacet
  facet normal 0 -0.923878 0.382687
    outer loop
      vertex 6.74643 -5.61612 -0.883883
      vertex 1.5 -5.25 0
      vertex 1.5 -5.61612 -0.883883
    endloop
  endfacet
  facet normal -0.000124156 -0.923852 0.382751
    outer loop
      vertex 7.27964 -5.25 0
      vertex 6.74643 -5.61612 -0.883883
      vertex 7.26777 -5.26777 -0.0428956
    endloop
  endfacet
  facet normal 0.000124156 -0.923852 0.382751
    outer loop
      vertex -6.74643 -5.61612 -0.883883
      vertex -7.27964 -5.25 0
      vertex -7.26777 -5.26777 -0.0428956
    endloop
  endfacet
  facet normal 0 -0.923878 0.382687
    outer loop
      vertex -7.27964 -5.25 0
      vertex -6.74643 -5.61612 -0.883883
      vertex -1.5 -5.25 0
    endloop
  endfacet
  facet normal -5.03811e-18 -0.923878 0.382687
    outer loop
      vertex -1.5 -5.25 0
      vertex -6.74643 -5.61612 -0.883883
      vertex -1.5 -5.61612 -0.883883
    endloop
  endfacet
  facet normal 0 1 -0
    outer loop
      vertex 2.09712 6.05 -3.26593
      vertex 1.24269 6.05 -0.384583
      vertex 3.14145 6.05 -3.26593
    endloop
  endfacet
  facet normal 0 1 0
    outer loop
      vertex 1.24269 6.05 -0.384583
      vertex 2.09712 6.05 -3.26593
      vertex 0.359711 6.05 -0.489029
    endloop
  endfacet
  facet normal 0 1 0
    outer loop
      vertex 0.516373 6.05 3.42241
      vertex 0.884262 6.05 2.66214
      vertex 0.426208 6.05 2.69617
    endloop
  endfacet
  facet normal 0 1 0
    outer loop
      vertex 1.79382 6.05 3.19772
      vertex 1.26479 6.05 2.56009
      vertex 0.884262 6.05 2.66214
    endloop
  endfacet
  facet normal 0 1 0
    outer loop
      vertex 1.78801 6.05 2.15501
      vertex 2.26085 6.05 2.91687
      vertex 2.60237 6.05 2.5358
    endloop
  endfacet
  facet normal 0 1 0
    outer loop
      vertex 1.79382 6.05 3.19772
      vertex 1.56778 6.05 2.38998
      vertex 1.26479 6.05 2.56009
    endloop
  endfacet
  facet normal 0 1 0
    outer loop
      vertex 2.26085 6.05 2.91687
      vertex 1.78801 6.05 2.15501
      vertex 1.56778 6.05 2.38998
    endloop
  endfacet
  facet normal 0 1 0
    outer loop
      vertex 1.92014 6.05 1.85832
      vertex 2.60237 6.05 2.5358
      vertex 2.80728 6.05 2.06664
    endloop
  endfacet
  facet normal 0 1 0
    outer loop
      vertex 2.60237 6.05 2.5358
      vertex 1.92014 6.05 1.85832
      vertex 1.78801 6.05 2.15501
    endloop
  endfacet
  facet normal 0 1 0
    outer loop
      vertex 2.87558 6.05 1.50938
      vertex 1.92014 6.05 1.85832
      vertex 2.80728 6.05 2.06664
    endloop
  endfacet
  facet normal 0 1 0
    outer loop
      vertex 2.87558 6.05 1.50938
      vertex 1.96419 6.05 1.49994
      vertex 1.92014 6.05 1.85832
    endloop
  endfacet
  facet normal 0 1 -0
    outer loop
      vertex 2.82733 6.05 1.03894
      vertex 1.96419 6.05 1.49994
      vertex 2.87558 6.05 1.50938
    endloop
  endfacet
  facet normal 0 1 0
    outer loop
      vertex 1.96419 6.05 1.49994
      vertex 2.82733 6.05 1.03894
      vertex 1.92067 6.05 1.12784
    endloop
  endfacet
  facet normal 0 1 -0
    outer loop
      vertex 2.68254 6.05 0.621231
      vertex 1.92067 6.05 1.12784
      vertex 2.82733 6.05 1.03894
    endloop
  endfacet
  facet normal 0 1 0
    outer loop
      vertex 1.92067 6.05 1.12784
      vertex 2.68254 6.05 0.621231
      vertex 1.79012 6.05 0.815338
    endloop
  endfacet
  facet normal 0 1 -0
    outer loop
      vertex 2.44124 6.05 0.256241
      vertex 1.79012 6.05 0.815338
      vertex 2.68254 6.05 0.621231
    endloop
  endfacet
  facet normal 0 1 0
    outer loop
      vertex 1.79012 6.05 0.815338
      vertex 2.44124 6.05 0.256241
      vertex 1.57254 6.05 0.562424
    endloop
  endfacet
  facet normal 0 1 -0
    outer loop
      vertex 2.11502 6.05 -0.0406952
      vertex 1.57254 6.05 0.562424
      vertex 2.44124 6.05 0.256241
    endloop
  endfacet
  facet normal 0 1 -0
    outer loop
      vertex 1.7155 6.05 -0.254303
      vertex 1.57254 6.05 0.562424
      vertex 2.11502 6.05 -0.0406952
    endloop
  endfacet
  facet normal 0 1 0
    outer loop
      vertex 1.57254 6.05 0.562424
      vertex 1.7155 6.05 -0.254303
      vertex 1.27534 6.05 0.376495
    endloop
  endfacet
  facet normal 0 1 0
    outer loop
      vertex 1.27534 6.05 0.376495
      vertex 1.24269 6.05 -0.384583
      vertex 0.905884 6.05 0.264938
    endloop
  endfacet
  facet normal 0 1 0
    outer loop
      vertex 1.24269 6.05 -0.384583
      vertex 1.27534 6.05 0.376495
      vertex 1.7155 6.05 -0.254303
    endloop
  endfacet
  facet normal 0 1 -0
    outer loop
      vertex 0.884262 6.05 2.66214
      vertex 0.516373 6.05 3.42241
      vertex 1.21234 6.05 3.36624
    endloop
  endfacet
  facet normal 0 1 0
    outer loop
      vertex 0.884262 6.05 2.66214
      vertex 1.21234 6.05 3.36624
      vertex 1.79382 6.05 3.19772
    endloop
  endfacet
  facet normal 0 1 0
    outer loop
      vertex 1.56778 6.05 2.38998
      vertex 1.79382 6.05 3.19772
      vertex 2.26085 6.05 2.91687
    endloop
  endfacet
  facet normal 0 1 0
    outer loop
      vertex 0.516373 6.05 3.42241
      vertex 0.426208 6.05 2.69617
      vertex -1.72411 6.05 2.69617
    endloop
  endfacet
  facet normal 0 1 0
    outer loop
      vertex 0.516373 6.05 3.42241
      vertex -1.72411 6.05 2.69617
      vertex -2.63074 6.05 3.42241
    endloop
  endfacet
  facet normal 0 1 -0
    outer loop
      vertex -1.72411 6.05 0.227753
      vertex -2.63074 6.05 3.42241
      vertex -1.72411 6.05 2.69617
    endloop
  endfacet
  facet normal 0 1 0
    outer loop
      vertex 0.359711 6.05 -0.489029
      vertex 0.905884 6.05 0.264938
      vertex 1.24269 6.05 -0.384583
    endloop
  endfacet
  facet normal 0 1 0
    outer loop
      vertex 0.905884 6.05 0.264938
      vertex 0.359711 6.05 -0.489029
      vertex 0.464157 6.05 0.227753
    endloop
  endfacet
  facet normal 0 1 0
    outer loop
      vertex 0.464157 6.05 0.227753
      vertex 0.359711 6.05 -0.489029
      vertex -1.72411 6.05 0.227753
    endloop
  endfacet
  facet normal 0 1 0
    outer loop
      vertex -1.72411 6.05 -0.489029
      vertex -1.72411 6.05 0.227753
      vertex 0.359711 6.05 -0.489029
    endloop
  endfacet
  facet normal 0 1 0
    outer loop
      vertex -2.63074 6.05 -3.26593
      vertex -1.72411 6.05 0.227753
      vertex -1.72411 6.05 -0.489029
    endloop
  endfacet
  facet normal 0 1 0
    outer loop
      vertex -2.63074 6.05 -3.26593
      vertex -1.72411 6.05 -0.489029
      vertex -1.72411 6.05 -3.26593
    endloop
  endfacet
  facet normal 0 1 0
    outer loop
      vertex -1.72411 6.05 0.227753
      vertex -2.63074 6.05 -3.26593
      vertex -2.63074 6.05 3.42241
    endloop
  endfacet
  facet normal -0 0 1
    outer loop
      vertex -1.72411 8 -0.489029
      vertex 0.359711 6.05 -0.489029
      vertex 0.359711 8 -0.489029
    endloop
  endfacet
  facet normal 0 0 1
    outer loop
      vertex 0.359711 6.05 -0.489029
      vertex -1.72411 8 -0.489029
      vertex -1.72411 6.05 -0.489029
    endloop
  endfacet
  facet normal 0.847745 -0 0.530404
    outer loop
      vertex 0.359711 6.05 -0.489029
      vertex 2.09712 8 -3.26593
      vertex 0.359711 8 -0.489029
    endloop
  endfacet
  facet normal 0.847745 0 0.530404
    outer loop
      vertex 2.09712 8 -3.26593
      vertex 0.359711 6.05 -0.489029
      vertex 2.09712 6.05 -3.26593
    endloop
  endfacet
  facet normal -0 0 1
    outer loop
      vertex 2.09712 8 -3.26593
      vertex 3.14145 6.05 -3.26593
      vertex 3.14145 8 -3.26593
    endloop
  endfacet
  facet normal 0 0 1
    outer loop
      vertex 3.14145 6.05 -3.26593
      vertex 2.09712 8 -3.26593
      vertex 2.09712 6.05 -3.26593
    endloop
  endfacet
  facet normal -0.834999 0 -0.550251
    outer loop
      vertex 3.14145 6.05 -3.26593
      vertex 1.24269 8 -0.384583
      vertex 3.14145 8 -3.26593
    endloop
  endfacet
  facet normal -0.834999 -0 -0.550251
    outer loop
      vertex 1.24269 8 -0.384583
      vertex 3.14145 6.05 -3.26593
      vertex 1.24269 6.05 -0.384583
    endloop
  endfacet
  facet normal -0.265644 1.63313e-18 0.964071
    outer loop
      vertex 1.24269 8 -0.384583
      vertex 1.7155 6.05 -0.254303
      vertex 1.7155 8 -0.254303
    endloop
  endfacet
  facet normal -0.265644 1.63313e-18 0.964071
    outer loop
      vertex 1.7155 6.05 -0.254303
      vertex 1.24269 8 -0.384583
      vertex 1.24269 6.05 -0.384583
    endloop
  endfacet
  facet normal -0.4715 -1.16888e-18 0.881866
    outer loop
      vertex 1.7155 8 -0.254303
      vertex 2.11502 6.05 -0.0406952
      vertex 2.11502 8 -0.0406952
    endloop
  endfacet
  facet normal -0.4715 -1.16888e-18 0.881866
    outer loop
      vertex 2.11502 6.05 -0.0406952
      vertex 1.7155 8 -0.254303
      vertex 1.7155 6.05 -0.254303
    endloop
  endfacet
  facet normal -0.673135 3.98782e-18 0.73952
    outer loop
      vertex 2.11502 8 -0.0406952
      vertex 2.44124 6.05 0.256241
      vertex 2.44124 8 0.256241
    endloop
  endfacet
  facet normal -0.673135 3.98782e-18 0.73952
    outer loop
      vertex 2.44124 6.05 0.256241
      vertex 2.11502 8 -0.0406952
      vertex 2.11502 6.05 -0.0406952
    endloop
  endfacet
  facet normal -0.834182 0 0.551489
    outer loop
      vertex 2.44124 6.05 0.256241
      vertex 2.68254 8 0.621231
      vertex 2.44124 8 0.256241
    endloop
  endfacet
  facet normal -0.834182 0 0.551489
    outer loop
      vertex 2.68254 8 0.621231
      vertex 2.44124 6.05 0.256241
      vertex 2.68254 6.05 0.621231
    endloop
  endfacet
  facet normal -0.944847 0 0.327511
    outer loop
      vertex 2.68254 6.05 0.621231
      vertex 2.82733 8 1.03894
      vertex 2.68254 8 0.621231
    endloop
  endfacet
  facet normal -0.944847 0 0.327511
    outer loop
      vertex 2.82733 8 1.03894
      vertex 2.68254 6.05 0.621231
      vertex 2.82733 6.05 1.03894
    endloop
  endfacet
  facet normal -0.994781 0 0.102028
    outer loop
      vertex 2.82733 6.05 1.03894
      vertex 2.87558 8 1.50938
      vertex 2.82733 8 1.03894
    endloop
  endfacet
  facet normal -0.994781 0 0.102028
    outer loop
      vertex 2.87558 8 1.50938
      vertex 2.82733 6.05 1.03894
      vertex 2.87558 6.05 1.50938
    endloop
  endfacet
  facet normal -0.992573 0 -0.121654
    outer loop
      vertex 2.87558 6.05 1.50938
      vertex 2.80728 8 2.06664
      vertex 2.87558 8 1.50938
    endloop
  endfacet
  facet normal -0.992573 -0 -0.121654
    outer loop
      vertex 2.80728 8 2.06664
      vertex 2.87558 6.05 1.50938
      vertex 2.80728 6.05 2.06664
    endloop
  endfacet
  facet normal -0.916406 0 -0.400249
    outer loop
      vertex 2.80728 6.05 2.06664
      vertex 2.60237 8 2.5358
      vertex 2.80728 8 2.06664
    endloop
  endfacet
  facet normal -0.916406 -0 -0.400249
    outer loop
      vertex 2.60237 8 2.5358
      vertex 2.80728 6.05 2.06664
      vertex 2.60237 6.05 2.5358
    endloop
  endfacet
  facet normal -0.744695 0 -0.667405
    outer loop
      vertex 2.60237 6.05 2.5358
      vertex 2.26085 8 2.91687
      vertex 2.60237 8 2.5358
    endloop
  endfacet
  facet normal -0.744695 -0 -0.667405
    outer loop
      vertex 2.26085 8 2.91687
      vertex 2.60237 6.05 2.5358
      vertex 2.26085 6.05 2.91687
    endloop
  endfacet
  facet normal -0.515348 5.38895e-18 -0.856981
    outer loop
      vertex 1.79382 6.05 3.19772
      vertex 2.26085 8 2.91687
      vertex 2.26085 6.05 2.91687
    endloop
  endfacet
  facet normal -0.515348 5.38895e-18 -0.856981
    outer loop
      vertex 2.26085 8 2.91687
      vertex 1.79382 6.05 3.19772
      vertex 1.79382 8 3.19772
    endloop
  endfacet
  facet normal -0.278358 -2.74743e-18 -0.960477
    outer loop
      vertex 1.21234 6.05 3.36624
      vertex 1.79382 8 3.19772
      vertex 1.79382 6.05 3.19772
    endloop
  endfacet
  facet normal -0.278358 -2.74743e-18 -0.960477
    outer loop
      vertex 1.79382 8 3.19772
      vertex 1.21234 6.05 3.36624
      vertex 1.21234 8 3.36624
    endloop
  endfacet
  facet normal -0.0804463 -3.77759e-19 -0.996759
    outer loop
      vertex 0.516373 6.05 3.42241
      vertex 1.21234 8 3.36624
      vertex 1.21234 6.05 3.36624
    endloop
  endfacet
  facet normal -0.0804463 -3.77759e-19 -0.996759
    outer loop
      vertex 1.21234 8 3.36624
      vertex 0.516373 6.05 3.42241
      vertex 0.516373 8 3.42241
    endloop
  endfacet
  facet normal 0 0 -1
    outer loop
      vertex -2.63074 6.05 3.42241
      vertex 0.516373 8 3.42241
      vertex 0.516373 6.05 3.42241
    endloop
  endfacet
  facet normal -0 0 -1
    outer loop
      vertex 0.516373 8 3.42241
      vertex -2.63074 6.05 3.42241
      vertex -2.63074 8 3.42241
    endloop
  endfacet
  facet normal 1 -0 0
    outer loop
      vertex -2.63074 6.05 3.42241
      vertex -2.63074 8 -3.26593
      vertex -2.63074 8 3.42241
    endloop
  endfacet
  facet normal 1 0 0
    outer loop
      vertex -2.63074 8 -3.26593
      vertex -2.63074 6.05 3.42241
      vertex -2.63074 6.05 -3.26593
    endloop
  endfacet
  facet normal -0 0 1
    outer loop
      vertex -2.63074 8 -3.26593
      vertex -1.72411 6.05 -3.26593
      vertex -1.72411 8 -3.26593
    endloop
  endfacet
  facet normal 0 0 1
    outer loop
      vertex -1.72411 6.05 -3.26593
      vertex -2.63074 8 -3.26593
      vertex -2.63074 6.05 -3.26593
    endloop
  endfacet
  facet normal -1 0 0
    outer loop
      vertex -1.72411 6.05 -3.26593
      vertex -1.72411 8 -0.489029
      vertex -1.72411 8 -3.26593
    endloop
  endfacet
  facet normal -1 -0 0
    outer loop
      vertex -1.72411 8 -0.489029
      vertex -1.72411 6.05 -3.26593
      vertex -1.72411 6.05 -0.489029
    endloop
  endfacet
  facet normal -1 0 0
    outer loop
      vertex -1.72411 6.05 0.227753
      vertex -1.72411 8 2.69617
      vertex -1.72411 8 0.227753
    endloop
  endfacet
  facet normal -1 -0 0
    outer loop
      vertex -1.72411 8 2.69617
      vertex -1.72411 6.05 0.227753
      vertex -1.72411 6.05 2.69617
    endloop
  endfacet
  facet normal -0 0 1
    outer loop
      vertex -1.72411 8 2.69617
      vertex 0.426208 6.05 2.69617
      vertex 0.426208 8 2.69617
    endloop
  endfacet
  facet normal 0 0 1
    outer loop
      vertex 0.426208 6.05 2.69617
      vertex -1.72411 8 2.69617
      vertex -1.72411 6.05 2.69617
    endloop
  endfacet
  facet normal 0.0740884 4.48468e-20 0.997252
    outer loop
      vertex 0.426208 8 2.69617
      vertex 0.884262 6.05 2.66214
      vertex 0.884262 8 2.66214
    endloop
  endfacet
  facet normal 0.0740884 4.48468e-20 0.997252
    outer loop
      vertex 0.884262 6.05 2.66214
      vertex 0.426208 8 2.69617
      vertex 0.426208 6.05 2.69617
    endloop
  endfacet
  facet normal 0.259027 -5.20632e-19 0.96587
    outer loop
      vertex 0.884262 8 2.66214
      vertex 1.26479 6.05 2.56009
      vertex 1.26479 8 2.56009
    endloop
  endfacet
  facet normal 0.259027 -5.20632e-19 0.96587
    outer loop
      vertex 1.26479 6.05 2.56009
      vertex 0.884262 8 2.66214
      vertex 0.884262 6.05 2.66214
    endloop
  endfacet
  facet normal 0.489557 -2.08388e-18 0.871971
    outer loop
      vertex 1.26479 8 2.56009
      vertex 1.56778 6.05 2.38998
      vertex 1.56778 8 2.38998
    endloop
  endfacet
  facet normal 0.489557 -2.08388e-18 0.871971
    outer loop
      vertex 1.56778 6.05 2.38998
      vertex 1.26479 8 2.56009
      vertex 1.26479 6.05 2.56009
    endloop
  endfacet
  facet normal 0.729621 -0 0.683851
    outer loop
      vertex 1.56778 6.05 2.38998
      vertex 1.78801 8 2.15501
      vertex 1.56778 8 2.38998
    endloop
  endfacet
  facet normal 0.729621 0 0.683851
    outer loop
      vertex 1.78801 8 2.15501
      vertex 1.56778 6.05 2.38998
      vertex 1.78801 6.05 2.15501
    endloop
  endfacet
  facet normal 0.913505 -0 0.406827
    outer loop
      vertex 1.78801 6.05 2.15501
      vertex 1.92014 8 1.85832
      vertex 1.78801 8 2.15501
    endloop
  endfacet
  facet normal 0.913505 0 0.406827
    outer loop
      vertex 1.92014 8 1.85832
      vertex 1.78801 6.05 2.15501
      vertex 1.92014 6.05 1.85832
    endloop
  endfacet
  facet normal 0.992531 -0 0.121996
    outer loop
      vertex 1.92014 6.05 1.85832
      vertex 1.96419 8 1.49994
      vertex 1.92014 8 1.85832
    endloop
  endfacet
  facet normal 0.992531 0 0.121996
    outer loop
      vertex 1.96419 8 1.49994
      vertex 1.92014 6.05 1.85832
      vertex 1.96419 6.05 1.49994
    endloop
  endfacet
  facet normal 0.99323 0 -0.116166
    outer loop
      vertex 1.96419 6.05 1.49994
      vertex 1.92067 8 1.12784
      vertex 1.96419 8 1.49994
    endloop
  endfacet
  facet normal 0.99323 0 -0.116166
    outer loop
      vertex 1.92067 8 1.12784
      vertex 1.96419 6.05 1.49994
      vertex 1.92067 6.05 1.12784
    endloop
  endfacet
  facet normal 0.922719 0 -0.385473
    outer loop
      vertex 1.92067 6.05 1.12784
      vertex 1.79012 8 0.815338
      vertex 1.92067 8 1.12784
    endloop
  endfacet
  facet normal 0.922719 0 -0.385473
    outer loop
      vertex 1.79012 8 0.815338
      vertex 1.92067 6.05 1.12784
      vertex 1.79012 6.05 0.815338
    endloop
  endfacet
  facet normal 0.758076 0 -0.652167
    outer loop
      vertex 1.79012 6.05 0.815338
      vertex 1.57254 8 0.562424
      vertex 1.79012 8 0.815338
    endloop
  endfacet
  facet normal 0.758076 0 -0.652167
    outer loop
      vertex 1.57254 8 0.562424
      vertex 1.79012 6.05 0.815338
      vertex 1.57254 6.05 0.562424
    endloop
  endfacet
  facet normal 0.530366 -3.64603e-18 -0.847769
    outer loop
      vertex 1.27534 6.05 0.376495
      vertex 1.57254 8 0.562424
      vertex 1.57254 6.05 0.562424
    endloop
  endfacet
  facet normal 0.530366 -3.64603e-18 -0.847769
    outer loop
      vertex 1.57254 8 0.562424
      vertex 1.27534 6.05 0.376495
      vertex 1.27534 8 0.376495
    endloop
  endfacet
  facet normal 0.289059 6.481e-19 -0.957311
    outer loop
      vertex 0.905884 6.05 0.264938
      vertex 1.27534 8 0.376495
      vertex 1.27534 6.05 0.376495
    endloop
  endfacet
  facet normal 0.289059 6.481e-19 -0.957311
    outer loop
      vertex 1.27534 8 0.376495
      vertex 0.905884 6.05 0.264938
      vertex 0.905884 8 0.264938
    endloop
  endfacet
  facet normal 0.0838843 8.29559e-19 -0.996476
    outer loop
      vertex 0.464157 6.05 0.227753
      vertex 0.905884 8 0.264938
      vertex 0.905884 6.05 0.264938
    endloop
  endfacet
  facet normal 0.0838843 8.29559e-19 -0.996476
    outer loop
      vertex 0.905884 8 0.264938
      vertex 0.464157 6.05 0.227753
      vertex 0.464157 8 0.227753
    endloop
  endfacet
  facet normal 0 0 -1
    outer loop
      vertex -1.72411 6.05 0.227753
      vertex 0.464157 8 0.227753
      vertex 0.464157 6.05 0.227753
    endloop
  endfacet
  facet normal -0 0 -1
    outer loop
      vertex 0.464157 8 0.227753
      vertex -1.72411 6.05 0.227753
      vertex -1.72411 8 0.227753
    endloop
  endfacet
  facet normal 0 0 -1
    outer loop
      vertex -6.15518 0.0381775 -9
      vertex -5.82631 0.0381775 -9
      vertex -5.84222 -0.203949 -9
    endloop
  endfacet
  facet normal 0 0 -1
    outer loop
      vertex -6.18098 -0.242386 -9
      vertex -5.84222 -0.203949 -9
      vertex -5.88997 -0.424057 -9
    endloop
  endfacet
  facet normal 0 0 -1
    outer loop
      vertex -6.17947 0.318359 -9
      vertex -5.82631 0.0381775 -9
      vertex -6.15518 0.0381775 -9
    endloop
  endfacet
  facet normal 0 0 -1
    outer loop
      vertex -6.25839 -0.480576 -9
      vertex -5.88997 -0.424057 -9
      vertex -5.96956 -0.622131 -9
    endloop
  endfacet
  facet normal 0 0 -1
    outer loop
      vertex -6.25839 -0.480576 -9
      vertex -5.96956 -0.622131 -9
      vertex -6.07927 -0.794586 -9
    endloop
  endfacet
  facet normal 0 0 -1
    outer loop
      vertex -5.82631 0.0381775 -9
      vertex -6.17947 0.318359 -9
      vertex -5.86096 0.396637 -9
    endloop
  endfacet
  facet normal 0 0 -1
    outer loop
      vertex -6.25238 0.553162 -9
      vertex -5.86096 0.396637 -9
      vertex -6.17947 0.318359 -9
    endloop
  endfacet
  facet normal -0 0 -1
    outer loop
      vertex -5.84222 -0.203949 -9
      vertex -6.18098 -0.242386 -9
      vertex -6.15518 0.0381775 -9
    endloop
  endfacet
  facet normal 0 0 -1
    outer loop
      vertex -6.38742 -0.676376 -9
      vertex -6.07927 -0.794586 -9
      vertex -6.21744 -0.937836 -9
    endloop
  endfacet
  facet normal -0 0 -1
    outer loop
      vertex -5.88997 -0.424057 -9
      vertex -6.25839 -0.480576 -9
      vertex -6.18098 -0.242386 -9
    endloop
  endfacet
  facet normal 0 0 -1
    outer loop
      vertex -6.56206 -0.821899 -9
      vertex -6.21744 -0.937836 -9
      vertex -6.38405 -1.05191 -9
    endloop
  endfacet
  facet normal 0 0 -1
    outer loop
      vertex -6.07927 -0.794586 -9
      vertex -6.38742 -0.676376 -9
      vertex -6.25839 -0.480576 -9
    endloop
  endfacet
  facet normal 0 0 -1
    outer loop
      vertex -6.21744 -0.937836 -9
      vertex -6.56206 -0.821899 -9
      vertex -6.38742 -0.676376 -9
    endloop
  endfacet
  facet normal 0 0 -1
    outer loop
      vertex -6.57637 -1.13478 -9
      vertex -6.56206 -0.821899 -9
      vertex -6.38405 -1.05191 -9
    endloop
  endfacet
  facet normal 0 0 -1
    outer loop
      vertex -6.57637 -1.13478 -9
      vertex -6.77625 -0.909195 -9
      vertex -6.56206 -0.821899 -9
    endloop
  endfacet
  facet normal 0 0 -1
    outer loop
      vertex -6.79169 -1.18451 -9
      vertex -6.77625 -0.909195 -9
      vertex -6.57637 -1.13478 -9
    endloop
  endfacet
  facet normal 0 0 -1
    outer loop
      vertex -7.02998 -0.938309 -9
      vertex -6.79169 -1.18451 -9
      vertex -7.02998 -1.20108 -9
    endloop
  endfacet
  facet normal 0 0 -1
    outer loop
      vertex -6.79169 -1.18451 -9
      vertex -7.02998 -0.938309 -9
      vertex -6.77625 -0.909195 -9
    endloop
  endfacet
  facet normal 0 0 -1
    outer loop
      vertex -7.02998 -1.20108 -9
      vertex -7.18246 -0.930389 -9
      vertex -7.02998 -0.938309 -9
    endloop
  endfacet
  facet normal 0 0 -1
    outer loop
      vertex -7.23953 -1.1893 -9
      vertex -7.18246 -0.930389 -9
      vertex -7.02998 -1.20108 -9
    endloop
  endfacet
  facet normal 0 0 -1
    outer loop
      vertex -7.23953 -1.1893 -9
      vertex -7.32797 -0.906662 -9
      vertex -7.18246 -0.930389 -9
    endloop
  endfacet
  facet normal 0 0 -1
    outer loop
      vertex -7.43872 -1.15399 -9
      vertex -7.32797 -0.906662 -9
      vertex -7.23953 -1.1893 -9
    endloop
  endfacet
  facet normal 0 0 -1
    outer loop
      vertex -7.43872 -1.15399 -9
      vertex -7.46651 -0.867111 -9
      vertex -7.32797 -0.906662 -9
    endloop
  endfacet
  facet normal 0 0 -1
    outer loop
      vertex -7.62755 -1.09512 -9
      vertex -7.46651 -0.867111 -9
      vertex -7.43872 -1.15399 -9
    endloop
  endfacet
  facet normal -0 0 -1
    outer loop
      vertex -7.46651 -0.867111 -9
      vertex -7.62755 -1.09512 -9
      vertex -7.593 -0.813995 -9
    endloop
  endfacet
  facet normal 0 0 -1
    outer loop
      vertex -7.80171 -1.0148 -9
      vertex -7.593 -0.813995 -9
      vertex -7.62755 -1.09512 -9
    endloop
  endfacet
  facet normal -0 0 -1
    outer loop
      vertex -7.593 -0.813995 -9
      vertex -7.80171 -1.0148 -9
      vertex -7.70235 -0.749573 -9
    endloop
  endfacet
  facet normal -0 0 -1
    outer loop
      vertex -7.70235 -0.749573 -9
      vertex -7.95683 -0.915054 -9
      vertex -7.79456 -0.673859 -9
    endloop
  endfacet
  facet normal 0 0 -1
    outer loop
      vertex -7.95683 -0.915054 -9
      vertex -7.70235 -0.749573 -9
      vertex -7.80171 -1.0148 -9
    endloop
  endfacet
  facet normal 0 0 -1
    outer loop
      vertex -5.86096 0.396637 -9
      vertex -6.25238 0.553162 -9
      vertex -5.96494 0.696701 -9
    endloop
  endfacet
  facet normal -0 0 -1
    outer loop
      vertex -5.96494 0.696701 -9
      vertex -6.25238 0.553162 -9
      vertex -6.13823 0.938385 -9
    endloop
  endfacet
  facet normal 0 0 -1
    outer loop
      vertex -6.37387 0.742554 -9
      vertex -6.13823 0.938385 -9
      vertex -6.25238 0.553162 -9
    endloop
  endfacet
  facet normal 0 0 -1
    outer loop
      vertex -6.37387 0.742554 -9
      vertex -6.37425 1.11545 -9
      vertex -6.13823 0.938385 -9
    endloop
  endfacet
  facet normal 0 0 -1
    outer loop
      vertex -6.54134 0.881485 -9
      vertex -6.37425 1.11545 -9
      vertex -6.37387 0.742554 -9
    endloop
  endfacet
  facet normal 0 0 -1
    outer loop
      vertex -6.54134 0.881485 -9
      vertex -6.66641 1.22169 -9
      vertex -6.37425 1.11545 -9
    endloop
  endfacet
  facet normal 0 0 -1
    outer loop
      vertex -6.75212 0.964844 -9
      vertex -6.66641 1.22169 -9
      vertex -6.54134 0.881485 -9
    endloop
  endfacet
  facet normal 0 0 -1
    outer loop
      vertex -7.01471 1.25711 -9
      vertex -6.75212 0.964844 -9
      vertex -7.00623 0.99263 -9
    endloop
  endfacet
  facet normal 0 0 -1
    outer loop
      vertex -6.75212 0.964844 -9
      vertex -7.01471 1.25711 -9
      vertex -6.66641 1.22169 -9
    endloop
  endfacet
  facet normal 0 0 -1
    outer loop
      vertex -7.17398 0.982269 -9
      vertex -7.01471 1.25711 -9
      vertex -7.00623 0.99263 -9
    endloop
  endfacet
  facet normal 0 0 -1
    outer loop
      vertex -7.17398 0.982269 -9
      vertex -7.26259 1.24222 -9
      vertex -7.01471 1.25711 -9
    endloop
  endfacet
  facet normal 0 0 -1
    outer loop
      vertex -7.32231 0.951187 -9
      vertex -7.26259 1.24222 -9
      vertex -7.17398 0.982269 -9
    endloop
  endfacet
  facet normal 0 0 -1
    outer loop
      vertex -7.47734 1.19759 -9
      vertex -7.32231 0.951187 -9
      vertex -7.45125 0.899384 -9
    endloop
  endfacet
  facet normal 0 0 -1
    outer loop
      vertex -7.32231 0.951187 -9
      vertex -7.47734 1.19759 -9
      vertex -7.26259 1.24222 -9
    endloop
  endfacet
  facet normal 0 0 -1
    outer loop
      vertex -7.65892 1.12318 -9
      vertex -7.45125 0.899384 -9
      vertex -7.56192 0.824982 -9
    endloop
  endfacet
  facet normal 0 0 -1
    outer loop
      vertex -7.81133 1.01601 -9
      vertex -7.56192 0.824982 -9
      vertex -7.65544 0.726089 -9
    endloop
  endfacet
  facet normal 0 0 -1
    outer loop
      vertex -7.45125 0.899384 -9
      vertex -7.65892 1.12318 -9
      vertex -7.47734 1.19759 -9
    endloop
  endfacet
  facet normal 0 0 -1
    outer loop
      vertex -7.93848 0.873032 -9
      vertex -7.65544 0.726089 -9
      vertex -7.73183 0.602707 -9
    endloop
  endfacet
  facet normal 0 0 -1
    outer loop
      vertex -7.56192 0.824982 -9
      vertex -7.81133 1.01601 -9
      vertex -7.65892 1.12318 -9
    endloop
  endfacet
  facet normal 0 0 -1
    outer loop
      vertex -7.65544 0.726089 -9
      vertex -7.93848 0.873032 -9
      vertex -7.81133 1.01601 -9
    endloop
  endfacet
  facet normal 0 0 -1
    outer loop
      vertex -8 0.765094 -9
      vertex -7.73183 0.602707 -9
      vertex -8 0.68228 -9
    endloop
  endfacet
  facet normal 0 0 -1
    outer loop
      vertex -7.73183 0.602707 -9
      vertex -8 0.765094 -9
      vertex -7.93848 0.873032 -9
    endloop
  endfacet
  facet normal 0 0 -1
    outer loop
      vertex -7.79456 -0.243225 -9
      vertex -7.08083 0.0279999 -9
      vertex -7.08083 -0.243225 -9
    endloop
  endfacet
  facet normal 0 0 -1
    outer loop
      vertex -8 -0.877259 -9
      vertex -7.79456 -0.673859 -9
      vertex -7.95683 -0.915054 -9
    endloop
  endfacet
  facet normal -0 0 -1
    outer loop
      vertex -7.79456 -0.673859 -9
      vertex -8 -0.877259 -9
      vertex -7.79456 -0.243225 -9
    endloop
  endfacet
  facet normal 0 0 -1
    outer loop
      vertex -7.79456 -0.243225 -9
      vertex -8 0.0279999 -9
      vertex -7.08083 0.0279999 -9
    endloop
  endfacet
  facet normal 0 0 -1
    outer loop
      vertex -8 0.0279999 -9
      vertex -7.79456 -0.243225 -9
      vertex -8 -0.877259 -9
    endloop
  endfacet
  facet normal 0 0 -1
    outer loop
      vertex 7.39066 -1.16718 -9
      vertex 7.06856 -1.16718 -9
      vertex 7.39066 0.957031 -9
    endloop
  endfacet
  facet normal 0 0 -1
    outer loop
      vertex 7.39066 0.957031 -9
      vertex 8 1.22151 -9
      vertex 8 0.957031 -9
    endloop
  endfacet
  facet normal 0 0 -1
    outer loop
      vertex 7.06856 0.957031 -9
      vertex 7.39066 0.957031 -9
      vertex 7.06856 -1.16718 -9
    endloop
  endfacet
  facet normal 0 0 -1
    outer loop
      vertex 7.06856 0.957031 -9
      vertex 8 1.22151 -9
      vertex 7.39066 0.957031 -9
    endloop
  endfacet
  facet normal 0 0 -1
    outer loop
      vertex 6.24803 1.22151 -9
      vertex 7.06856 0.957031 -9
      vertex 6.24803 0.957031 -9
    endloop
  endfacet
  facet normal 0 0 -1
    outer loop
      vertex 7.06856 0.957031 -9
      vertex 6.24803 1.22151 -9
      vertex 8 1.22151 -9
    endloop
  endfacet
  facet normal 0 0 -1
    outer loop
      vertex 2.66735 -0.468704 -9
      vertex 3.05373 -0.21611 -9
      vertex 3.15205 -0.468704 -9
    endloop
  endfacet
  facet normal -0 0 -1
    outer loop
      vertex 3.05373 -0.21611 -9
      vertex 2.66735 -0.468704 -9
      vertex 2.71189 -0.21611 -9
    endloop
  endfacet
  facet normal 0 0 -1
    outer loop
      vertex 3.15205 -0.468704 -9
      vertex 3.76237 -1.16718 -9
      vertex 3.42671 -1.16718 -9
    endloop
  endfacet
  facet normal 0 0 -1
    outer loop
      vertex 3.05373 -0.21611 -9
      vertex 3.76237 -1.16718 -9
      vertex 3.15205 -0.468704 -9
    endloop
  endfacet
  facet normal 0 0 -1
    outer loop
      vertex 3.05373 -0.21611 -9
      vertex 2.78758 1.22151 -9
      vertex 3.76237 -1.16718 -9
    endloop
  endfacet
  facet normal 0 0 -1
    outer loop
      vertex 2.75 0.565152 -9
      vertex 2.78758 1.22151 -9
      vertex 3.05373 -0.21611 -9
    endloop
  endfacet
  facet normal -0 0 -1
    outer loop
      vertex 2.78758 1.22151 -9
      vertex 2.75 0.565152 -9
      vertex 2.75 1.22151 -9
    endloop
  endfacet
  facet normal 0 0 -1
    outer loop
      vertex 4.86507 -0.17543 -9
      vertex 5.60928 0.0805511 -9
      vertex 5.60928 -0.17543 -9
    endloop
  endfacet
  facet normal 0 0 -1
    outer loop
      vertex 4.86507 -0.17543 -9
      vertex 4.82776 0.0805511 -9
      vertex 5.60928 0.0805511 -9
    endloop
  endfacet
  facet normal 0 0 -1
    outer loop
      vertex 4.86507 -0.17543 -9
      vertex 4.67 0.0938416 -9
      vertex 4.82776 0.0805511 -9
    endloop
  endfacet
  facet normal 0 0 -1
    outer loop
      vertex 4.86507 -0.17543 -9
      vertex 4.54971 -0.138123 -9
      vertex 4.67 0.0938416 -9
    endloop
  endfacet
  facet normal 0 0 -1
    outer loop
      vertex 4.24457 -1.16718 -9
      vertex 4.54971 -0.138123 -9
      vertex 4.86507 -0.17543 -9
    endloop
  endfacet
  facet normal 0 0 -1
    outer loop
      vertex 4.54971 -0.138123 -9
      vertex 4.24457 -1.16718 -9
      vertex 3.87158 -1.16718 -9
    endloop
  endfacet
  facet normal 0 0 -1
    outer loop
      vertex 5.60928 -0.17543 -9
      vertex 5.93309 -1.16718 -9
      vertex 5.60928 -1.16718 -9
    endloop
  endfacet
  facet normal 0 0 -1
    outer loop
      vertex 5.60928 0.0805511 -9
      vertex 5.93309 -1.16718 -9
      vertex 5.60928 -0.17543 -9
    endloop
  endfacet
  facet normal 0 0 -1
    outer loop
      vertex 5.93309 -1.16718 -9
      vertex 5.60928 0.0805511 -9
      vertex 5.93309 1.22151 -9
    endloop
  endfacet
  facet normal 0 0 -1
    outer loop
      vertex 5.60928 0.962128 -9
      vertex 5.93309 1.22151 -9
      vertex 5.60928 0.0805511 -9
    endloop
  endfacet
  facet normal 0 0 -1
    outer loop
      vertex 4.80911 1.22151 -9
      vertex 5.60928 0.962128 -9
      vertex 4.84131 0.962128 -9
    endloop
  endfacet
  facet normal 0 0 -1
    outer loop
      vertex 5.60928 0.962128 -9
      vertex 4.80911 1.22151 -9
      vertex 5.93309 1.22151 -9
    endloop
  endfacet
  facet normal 0 0 -1
    outer loop
      vertex 4.67772 0.949982 -9
      vertex 4.80911 1.22151 -9
      vertex 4.84131 0.962128 -9
    endloop
  endfacet
  facet normal 0 0 -1
    outer loop
      vertex 4.67772 0.949982 -9
      vertex 4.56055 1.20145 -9
      vertex 4.80911 1.22151 -9
    endloop
  endfacet
  facet normal 0 0 -1
    outer loop
      vertex 4.54182 0.913528 -9
      vertex 4.56055 1.20145 -9
      vertex 4.67772 0.949982 -9
    endloop
  endfacet
  facet normal 0 0 -1
    outer loop
      vertex 4.35287 1.14127 -9
      vertex 4.54182 0.913528 -9
      vertex 4.43361 0.852783 -9
    endloop
  endfacet
  facet normal 0 0 -1
    outer loop
      vertex 4.18608 1.04095 -9
      vertex 4.43361 0.852783 -9
      vertex 4.35497 0.76886 -9
    endloop
  endfacet
  facet normal 0 0 -1
    outer loop
      vertex 4.54182 0.913528 -9
      vertex 4.35287 1.14127 -9
      vertex 4.56055 1.20145 -9
    endloop
  endfacet
  facet normal 0 0 -1
    outer loop
      vertex 4.06412 0.904861 -9
      vertex 4.35497 0.76886 -9
      vertex 4.30777 0.662903 -9
    endloop
  endfacet
  facet normal 0 0 -1
    outer loop
      vertex 3.99094 0.737305 -9
      vertex 4.30777 0.662903 -9
      vertex 4.29204 0.534912 -9
    endloop
  endfacet
  facet normal 0 0 -1
    outer loop
      vertex 4.43361 0.852783 -9
      vertex 4.18608 1.04095 -9
      vertex 4.35287 1.14127 -9
    endloop
  endfacet
  facet normal -0 0 -1
    outer loop
      vertex 4.3542 0.290405 -9
      vertex 4.03548 0.221085 -9
      vertex 4.30757 0.402008 -9
    endloop
  endfacet
  facet normal 0 0 -1
    outer loop
      vertex 3.98378 0.37027 -9
      vertex 4.30757 0.402008 -9
      vertex 4.03548 0.221085 -9
    endloop
  endfacet
  facet normal 0 -0 -1
    outer loop
      vertex 3.99094 0.737305 -9
      vertex 4.29204 0.534912 -9
      vertex 3.96654 0.538284 -9
    endloop
  endfacet
  facet normal -0 0 -1
    outer loop
      vertex 4.30757 0.402008 -9
      vertex 3.98378 0.37027 -9
      vertex 4.29204 0.534912 -9
    endloop
  endfacet
  facet normal 0 0 -1
    outer loop
      vertex 4.30777 0.662903 -9
      vertex 3.99094 0.737305 -9
      vertex 4.06412 0.904861 -9
    endloop
  endfacet
  facet normal -0 0 -1
    outer loop
      vertex 4.29204 0.534912 -9
      vertex 3.98378 0.37027 -9
      vertex 3.96654 0.538284 -9
    endloop
  endfacet
  facet normal 0 0 -1
    outer loop
      vertex 4.35497 0.76886 -9
      vertex 4.06412 0.904861 -9
      vertex 4.18608 1.04095 -9
    endloop
  endfacet
  facet normal 0 0 -1
    outer loop
      vertex 4.54971 -0.138123 -9
      vertex 4.53806 0.133682 -9
      vertex 4.67 0.0938416 -9
    endloop
  endfacet
  facet normal 0 0 -1
    outer loop
      vertex 4.38084 -0.0915985 -9
      vertex 4.53806 0.133682 -9
      vertex 4.54971 -0.138123 -9
    endloop
  endfacet
  facet normal -0 0 -1
    outer loop
      vertex 4.53806 0.133682 -9
      vertex 4.38084 -0.0915985 -9
      vertex 4.43192 0.200073 -9
    endloop
  endfacet
  facet normal 0 0 -1
    outer loop
      vertex 4.23817 -0.0153046 -9
      vertex 4.43192 0.200073 -9
      vertex 4.38084 -0.0915985 -9
    endloop
  endfacet
  facet normal -0 0 -1
    outer loop
      vertex 4.43192 0.200073 -9
      vertex 4.23817 -0.0153046 -9
      vertex 4.3542 0.290405 -9
    endloop
  endfacet
  facet normal 0 0 -1
    outer loop
      vertex 4.03548 0.221085 -9
      vertex 4.3542 0.290405 -9
      vertex 4.12166 0.0907288 -9
    endloop
  endfacet
  facet normal 0 0 -1
    outer loop
      vertex 4.12166 0.0907288 -9
      vertex 4.3542 0.290405 -9
      vertex 4.23817 -0.0153046 -9
    endloop
  endfacet
  facet normal 0 0 -1
    outer loop
      vertex -5.38538 -0.0703125 -9
      vertex -3.99863 0.19075 -9
      vertex -3.99863 -0.0703125 -9
    endloop
  endfacet
  facet normal -0 0 -1
    outer loop
      vertex -3.99863 0.19075 -9
      vertex -5.38538 -0.0703125 -9
      vertex -5.38538 0.19075 -9
    endloop
  endfacet
  facet normal 0 0 -1
    outer loop
      vertex -3.99863 -0.0703125 -9
      vertex -3.67484 -1.16718 -9
      vertex -3.99863 -0.90271 -9
    endloop
  endfacet
  facet normal 0 0 -1
    outer loop
      vertex -5.55661 -1.16718 -9
      vertex -3.99863 -0.90271 -9
      vertex -3.67484 -1.16718 -9
    endloop
  endfacet
  facet normal -0 0 -1
    outer loop
      vertex -3.99863 -0.90271 -9
      vertex -5.55661 -1.16718 -9
      vertex -5.55661 -0.90271 -9
    endloop
  endfacet
  facet normal 0 0 -1
    outer loop
      vertex -3.67484 -1.16718 -9
      vertex -3.99863 -0.0703125 -9
      vertex -3.67484 1.22151 -9
    endloop
  endfacet
  facet normal 0 0 -1
    outer loop
      vertex -3.99863 0.19075 -9
      vertex -3.67484 1.22151 -9
      vertex -3.99863 -0.0703125 -9
    endloop
  endfacet
  facet normal 0 0 -1
    outer loop
      vertex -3.99863 0.957031 -9
      vertex -3.67484 1.22151 -9
      vertex -3.99863 0.19075 -9
    endloop
  endfacet
  facet normal 0 0 -1
    outer loop
      vertex -5.48711 1.22151 -9
      vertex -3.99863 0.957031 -9
      vertex -5.48711 0.957031 -9
    endloop
  endfacet
  facet normal 0 0 -1
    outer loop
      vertex -3.99863 0.957031 -9
      vertex -5.48711 1.22151 -9
      vertex -3.67484 1.22151 -9
    endloop
  endfacet
  facet normal 0 0 -1
    outer loop
      vertex -2.77832 -0.0915985 -9
      vertex -2.75 0 -9
      vertex -2.73158 -0.104476 -9
    endloop
  endfacet
  facet normal 0 0 -1
    outer loop
      vertex -2.92099 -0.0153046 -9
      vertex -2.75 0 -9
      vertex -2.77832 -0.0915985 -9
    endloop
  endfacet
  facet normal -0 0 -1
    outer loop
      vertex -2.75 0 -9
      vertex -2.92099 -0.0153046 -9
      vertex -2.75 0.226518 -9
    endloop
  endfacet
  facet normal 0 0 -1
    outer loop
      vertex -3.03751 0.0907288 -9
      vertex -2.75 0.226518 -9
      vertex -2.92099 -0.0153046 -9
    endloop
  endfacet
  facet normal 0 0 -1
    outer loop
      vertex -3.12369 0.221085 -9
      vertex -2.80496 0.290405 -9
      vertex -3.03751 0.0907288 -9
    endloop
  endfacet
  facet normal -0 0 -1
    outer loop
      vertex -2.75 0.226518 -9
      vertex -3.03751 0.0907288 -9
      vertex -2.80496 0.290405 -9
    endloop
  endfacet
  facet normal 0 0 -1
    outer loop
      vertex -2.97308 1.04095 -9
      vertex -2.75 0.826698 -9
      vertex -2.8042 0.76886 -9
    endloop
  endfacet
  facet normal 0 0 -1
    outer loop
      vertex -2.75 0.826698 -9
      vertex -2.80629 1.14127 -9
      vertex -2.75 1.15758 -9
    endloop
  endfacet
  facet normal 0 0 -1
    outer loop
      vertex -3.09505 0.904861 -9
      vertex -2.8042 0.76886 -9
      vertex -2.85139 0.662903 -9
    endloop
  endfacet
  facet normal 0 0 -1
    outer loop
      vertex -3.16823 0.737305 -9
      vertex -2.85139 0.662903 -9
      vertex -2.86713 0.534912 -9
    endloop
  endfacet
  facet normal 0 0 -1
    outer loop
      vertex -2.75 0.826698 -9
      vertex -2.97308 1.04095 -9
      vertex -2.80629 1.14127 -9
    endloop
  endfacet
  facet normal -0 0 -1
    outer loop
      vertex -2.80496 0.290405 -9
      vertex -3.12369 0.221085 -9
      vertex -2.85159 0.402008 -9
    endloop
  endfacet
  facet normal 0 0 -1
    outer loop
      vertex -3.17538 0.37027 -9
      vertex -2.85159 0.402008 -9
      vertex -3.12369 0.221085 -9
    endloop
  endfacet
  facet normal 0 -0 -1
    outer loop
      vertex -3.16823 0.737305 -9
      vertex -2.86713 0.534912 -9
      vertex -3.19263 0.538284 -9
    endloop
  endfacet
  facet normal -0 0 -1
    outer loop
      vertex -2.85159 0.402008 -9
      vertex -3.17538 0.37027 -9
      vertex -2.86713 0.534912 -9
    endloop
  endfacet
  facet normal 0 0 -1
    outer loop
      vertex -2.85139 0.662903 -9
      vertex -3.16823 0.737305 -9
      vertex -3.09505 0.904861 -9
    endloop
  endfacet
  facet normal -0 0 -1
    outer loop
      vertex -2.86713 0.534912 -9
      vertex -3.17538 0.37027 -9
      vertex -3.19263 0.538284 -9
    endloop
  endfacet
  facet normal 0 0 -1
    outer loop
      vertex -2.8042 0.76886 -9
      vertex -3.09505 0.904861 -9
      vertex -2.97308 1.04095 -9
    endloop
  endfacet
  facet normal 0 0 -1
    outer loop
      vertex -3.28758 -1.16718 -9
      vertex -2.62563 -0.705322 -9
      vertex -2.9146 -1.16718 -9
    endloop
  endfacet
  facet normal -0 0 -1
    outer loop
      vertex -2.62563 -0.705322 -9
      vertex -3.28758 -1.16718 -9
      vertex -2.70112 -0.277225 -9
    endloop
  endfacet
  facet normal 0.174547 0.984649 -0
    outer loop
      vertex -7.23953 -1.1893 -10
      vertex -7.43872 -1.15399 -9
      vertex -7.23953 -1.1893 -9
    endloop
  endfacet
  facet normal 0.174547 0.984649 0
    outer loop
      vertex -7.43872 -1.15399 -9
      vertex -7.23953 -1.1893 -10
      vertex -7.43872 -1.15399 -10
    endloop
  endfacet
  facet normal 0.297633 0.95468 -0
    outer loop
      vertex -7.43872 -1.15399 -10
      vertex -7.62755 -1.09512 -9
      vertex -7.43872 -1.15399 -9
    endloop
  endfacet
  facet normal 0.297633 0.95468 0
    outer loop
      vertex -7.62755 -1.09512 -9
      vertex -7.43872 -1.15399 -10
      vertex -7.62755 -1.09512 -10
    endloop
  endfacet
  facet normal 0.418794 0.908081 -0
    outer loop
      vertex -7.62755 -1.09512 -10
      vertex -7.80171 -1.0148 -9
      vertex -7.62755 -1.09512 -9
    endloop
  endfacet
  facet normal 0.418794 0.908081 0
    outer loop
      vertex -7.80171 -1.0148 -9
      vertex -7.62755 -1.09512 -10
      vertex -7.80171 -1.0148 -10
    endloop
  endfacet
  facet normal 0.540857 0.841114 -0
    outer loop
      vertex -7.80171 -1.0148 -10
      vertex -7.95683 -0.915054 -9
      vertex -7.80171 -1.0148 -9
    endloop
  endfacet
  facet normal 0.540857 0.841114 0
    outer loop
      vertex -7.95683 -0.915054 -9
      vertex -7.80171 -1.0148 -10
      vertex -7.95683 -0.915054 -10
    endloop
  endfacet
  facet normal 0.658714 0.752393 -0
    outer loop
      vertex -7.95683 -0.915054 -10
      vertex -8 -0.877259 -9
      vertex -7.95683 -0.915054 -9
    endloop
  endfacet
  facet normal 0.658714 0.752393 0
    outer loop
      vertex -8 -0.877259 -9
      vertex -7.95683 -0.915054 -10
      vertex -8 -0.877259 -10
    endloop
  endfacet
  facet normal 0 -1 0
    outer loop
      vertex -8 0.0279999 -10
      vertex -7.08083 0.0279999 -9
      vertex -8 0.0279999 -9
    endloop
  endfacet
  facet normal 0 -1 -0
    outer loop
      vertex -7.08083 0.0279999 -9
      vertex -8 0.0279999 -10
      vertex -7.08083 0.0279999 -10
    endloop
  endfacet
  facet normal -1 0 0
    outer loop
      vertex -7.08083 -0.243225 -10
      vertex -7.08083 0.0279999 -9
      vertex -7.08083 0.0279999 -10
    endloop
  endfacet
  facet normal -1 -0 0
    outer loop
      vertex -7.08083 0.0279999 -9
      vertex -7.08083 -0.243225 -10
      vertex -7.08083 -0.243225 -9
    endloop
  endfacet
  facet normal 0 1 -0
    outer loop
      vertex -7.08083 -0.243225 -10
      vertex -7.79456 -0.243225 -9
      vertex -7.08083 -0.243225 -9
    endloop
  endfacet
  facet normal 0 1 0
    outer loop
      vertex -7.79456 -0.243225 -9
      vertex -7.08083 -0.243225 -10
      vertex -7.79456 -0.243225 -10
    endloop
  endfacet
  facet normal -1 0 0
    outer loop
      vertex -7.79456 -0.673859 -10
      vertex -7.79456 -0.243225 -9
      vertex -7.79456 -0.243225 -10
    endloop
  endfacet
  facet normal -1 -0 0
    outer loop
      vertex -7.79456 -0.243225 -9
      vertex -7.79456 -0.673859 -10
      vertex -7.79456 -0.673859 -9
    endloop
  endfacet
  facet normal -0.63459 -0.772849 0
    outer loop
      vertex -7.79456 -0.673859 -10
      vertex -7.70235 -0.749573 -9
      vertex -7.79456 -0.673859 -9
    endloop
  endfacet
  facet normal -0.63459 -0.772849 -0
    outer loop
      vertex -7.70235 -0.749573 -9
      vertex -7.79456 -0.673859 -10
      vertex -7.70235 -0.749573 -10
    endloop
  endfacet
  facet normal -0.507596 -0.861595 0
    outer loop
      vertex -7.70235 -0.749573 -10
      vertex -7.593 -0.813995 -9
      vertex -7.70235 -0.749573 -9
    endloop
  endfacet
  facet normal -0.507596 -0.861595 -0
    outer loop
      vertex -7.593 -0.813995 -9
      vertex -7.70235 -0.749573 -10
      vertex -7.593 -0.813995 -10
    endloop
  endfacet
  facet normal -0.387172 -0.922008 0
    outer loop
      vertex -7.593 -0.813995 -10
      vertex -7.46651 -0.867111 -9
      vertex -7.593 -0.813995 -9
    endloop
  endfacet
  facet normal -0.387172 -0.922008 -0
    outer loop
      vertex -7.46651 -0.867111 -9
      vertex -7.593 -0.813995 -10
      vertex -7.46651 -0.867111 -10
    endloop
  endfacet
  facet normal -0.274517 -0.961582 0
    outer loop
      vertex -7.46651 -0.867111 -10
      vertex -7.32797 -0.906662 -9
      vertex -7.46651 -0.867111 -9
    endloop
  endfacet
  facet normal -0.274517 -0.961582 -0
    outer loop
      vertex -7.32797 -0.906662 -9
      vertex -7.46651 -0.867111 -10
      vertex -7.32797 -0.906662 -10
    endloop
  endfacet
  facet normal -0.160935 -0.986965 0
    outer loop
      vertex -7.32797 -0.906662 -10
      vertex -7.18246 -0.930389 -9
      vertex -7.32797 -0.906662 -9
    endloop
  endfacet
  facet normal -0.160935 -0.986965 -0
    outer loop
      vertex -7.18246 -0.930389 -9
      vertex -7.32797 -0.906662 -10
      vertex -7.18246 -0.930389 -10
    endloop
  endfacet
  facet normal -0.0518713 -0.998654 0
    outer loop
      vertex -7.18246 -0.930389 -10
      vertex -7.02998 -0.938309 -9
      vertex -7.18246 -0.930389 -9
    endloop
  endfacet
  facet normal -0.0518713 -0.998654 -0
    outer loop
      vertex -7.02998 -0.938309 -9
      vertex -7.18246 -0.930389 -10
      vertex -7.02998 -0.938309 -10
    endloop
  endfacet
  facet normal 0.113996 -0.993481 0
    outer loop
      vertex -7.02998 -0.938309 -10
      vertex -6.77625 -0.909195 -9
      vertex -7.02998 -0.938309 -9
    endloop
  endfacet
  facet normal 0.113996 -0.993481 0
    outer loop
      vertex -6.77625 -0.909195 -9
      vertex -7.02998 -0.938309 -10
      vertex -6.77625 -0.909195 -10
    endloop
  endfacet
  facet normal 0.377421 -0.926042 0
    outer loop
      vertex -6.77625 -0.909195 -10
      vertex -6.56206 -0.821899 -9
      vertex -6.77625 -0.909195 -9
    endloop
  endfacet
  facet normal 0.377421 -0.926042 0
    outer loop
      vertex -6.56206 -0.821899 -9
      vertex -6.77625 -0.909195 -10
      vertex -6.56206 -0.821899 -10
    endloop
  endfacet
  facet normal 0.640158 -0.768244 0
    outer loop
      vertex -6.56206 -0.821899 -10
      vertex -6.38742 -0.676376 -9
      vertex -6.56206 -0.821899 -9
    endloop
  endfacet
  facet normal 0.640158 -0.768244 0
    outer loop
      vertex -6.38742 -0.676376 -9
      vertex -6.56206 -0.821899 -10
      vertex -6.38742 -0.676376 -10
    endloop
  endfacet
  facet normal 0.834997 -0.550254 -1.03754e-18
    outer loop
      vertex -6.38742 -0.676376 -9
      vertex -6.25839 -0.480576 -10
      vertex -6.25839 -0.480576 -9
    endloop
  endfacet
  facet normal 0.834997 -0.550254 -1.03754e-18
    outer loop
      vertex -6.25839 -0.480576 -10
      vertex -6.38742 -0.676376 -9
      vertex -6.38742 -0.676376 -10
    endloop
  endfacet
  facet normal 0.951036 -0.30908 -6.44874e-18
    outer loop
      vertex -6.25839 -0.480576 -9
      vertex -6.18098 -0.242386 -10
      vertex -6.18098 -0.242386 -9
    endloop
  endfacet
  facet normal 0.951036 -0.30908 -6.44874e-18
    outer loop
      vertex -6.18098 -0.242386 -10
      vertex -6.25839 -0.480576 -9
      vertex -6.25839 -0.480576 -10
    endloop
  endfacet
  facet normal 0.995799 -0.0915714 -9.9576e-19
    outer loop
      vertex -6.18098 -0.242386 -9
      vertex -6.15518 0.0381775 -10
      vertex -6.15518 0.0381775 -9
    endloop
  endfacet
  facet normal 0.995799 -0.0915714 -9.9576e-19
    outer loop
      vertex -6.15518 0.0381775 -10
      vertex -6.18098 -0.242386 -9
      vertex -6.18098 -0.242386 -10
    endloop
  endfacet
  facet normal 0.996263 0.0863698 1.50315e-18
    outer loop
      vertex -6.15518 0.0381775 -9
      vertex -6.17947 0.318359 -10
      vertex -6.17947 0.318359 -9
    endloop
  endfacet
  facet normal 0.996263 0.0863698 1.50315e-18
    outer loop
      vertex -6.17947 0.318359 -10
      vertex -6.15518 0.0381775 -9
      vertex -6.15518 0.0381775 -10
    endloop
  endfacet
  facet normal 0.955018 0.296548 -6.61267e-18
    outer loop
      vertex -6.17947 0.318359 -9
      vertex -6.25238 0.553162 -10
      vertex -6.25238 0.553162 -9
    endloop
  endfacet
  facet normal 0.955018 0.296548 -6.61267e-18
    outer loop
      vertex -6.25238 0.553162 -10
      vertex -6.17947 0.318359 -9
      vertex -6.17947 0.318359 -10
    endloop
  endfacet
  facet normal 0.841708 0.539933 2.07895e-18
    outer loop
      vertex -6.25238 0.553162 -9
      vertex -6.37387 0.742554 -10
      vertex -6.37387 0.742554 -9
    endloop
  endfacet
  facet normal 0.841708 0.539933 2.07895e-18
    outer loop
      vertex -6.37387 0.742554 -10
      vertex -6.25238 0.553162 -9
      vertex -6.25238 0.553162 -10
    endloop
  endfacet
  facet normal 0.638481 0.769637 -0
    outer loop
      vertex -6.37387 0.742554 -10
      vertex -6.54134 0.881485 -9
      vertex -6.37387 0.742554 -9
    endloop
  endfacet
  facet normal 0.638481 0.769637 0
    outer loop
      vertex -6.54134 0.881485 -9
      vertex -6.37387 0.742554 -10
      vertex -6.54134 0.881485 -10
    endloop
  endfacet
  facet normal 0.367763 0.929919 -0
    outer loop
      vertex -6.54134 0.881485 -10
      vertex -6.75212 0.964844 -9
      vertex -6.54134 0.881485 -9
    endloop
  endfacet
  facet normal 0.367763 0.929919 0
    outer loop
      vertex -6.75212 0.964844 -9
      vertex -6.54134 0.881485 -10
      vertex -6.75212 0.964844 -10
    endloop
  endfacet
  facet normal 0.108698 0.994075 -0
    outer loop
      vertex -6.75212 0.964844 -10
      vertex -7.00623 0.99263 -9
      vertex -6.75212 0.964844 -9
    endloop
  endfacet
  facet normal 0.108698 0.994075 0
    outer loop
      vertex -7.00623 0.99263 -9
      vertex -6.75212 0.964844 -10
      vertex -7.00623 0.99263 -10
    endloop
  endfacet
  facet normal -0.0616471 0.998098 0
    outer loop
      vertex -7.00623 0.99263 -10
      vertex -7.17398 0.982269 -9
      vertex -7.00623 0.99263 -9
    endloop
  endfacet
  facet normal -0.0616471 0.998098 0
    outer loop
      vertex -7.17398 0.982269 -9
      vertex -7.00623 0.99263 -10
      vertex -7.17398 0.982269 -10
    endloop
  endfacet
  facet normal -0.205092 0.978743 0
    outer loop
      vertex -7.17398 0.982269 -10
      vertex -7.32231 0.951187 -9
      vertex -7.17398 0.982269 -9
    endloop
  endfacet
  facet normal -0.205092 0.978743 0
    outer loop
      vertex -7.32231 0.951187 -9
      vertex -7.17398 0.982269 -10
      vertex -7.32231 0.951187 -10
    endloop
  endfacet
  facet normal -0.372799 0.927912 0
    outer loop
      vertex -7.32231 0.951187 -10
      vertex -7.45125 0.899384 -9
      vertex -7.32231 0.951187 -9
    endloop
  endfacet
  facet normal -0.372799 0.927912 0
    outer loop
      vertex -7.45125 0.899384 -9
      vertex -7.32231 0.951187 -10
      vertex -7.45125 0.899384 -10
    endloop
  endfacet
  facet normal -0.557925 0.829891 0
    outer loop
      vertex -7.45125 0.899384 -10
      vertex -7.56192 0.824982 -9
      vertex -7.45125 0.899384 -9
    endloop
  endfacet
  facet normal -0.557925 0.829891 0
    outer loop
      vertex -7.56192 0.824982 -9
      vertex -7.45125 0.899384 -10
      vertex -7.56192 0.824982 -10
    endloop
  endfacet
  facet normal -0.726569 0.687093 3.63063e-18
    outer loop
      vertex -7.65544 0.726089 -10
      vertex -7.56192 0.824982 -9
      vertex -7.56192 0.824982 -10
    endloop
  endfacet
  facet normal -0.726569 0.687093 3.63063e-18
    outer loop
      vertex -7.56192 0.824982 -9
      vertex -7.65544 0.726089 -10
      vertex -7.65544 0.726089 -9
    endloop
  endfacet
  facet normal -0.850232 0.526408 -4.94208e-19
    outer loop
      vertex -7.73183 0.602707 -10
      vertex -7.65544 0.726089 -9
      vertex -7.65544 0.726089 -10
    endloop
  endfacet
  facet normal -0.850232 0.526408 -4.94208e-19
    outer loop
      vertex -7.65544 0.726089 -9
      vertex -7.73183 0.602707 -10
      vertex -7.73183 0.602707 -9
    endloop
  endfacet
  facet normal 0.284467 0.958686 -0
    outer loop
      vertex -7.73183 0.602707 -10
      vertex -8 0.68228 -9
      vertex -7.73183 0.602707 -9
    endloop
  endfacet
  facet normal 0.284467 0.958686 0
    outer loop
      vertex -8 0.68228 -9
      vertex -7.73183 0.602707 -10
      vertex -8 0.68228 -10
    endloop
  endfacet
  facet normal 0.868793 -0.495175 -7.50097e-21
    outer loop
      vertex -8 0.765094 -9
      vertex -7.93848 0.873032 -10
      vertex -7.93848 0.873032 -9
    endloop
  endfacet
  facet normal 0.868793 -0.495175 -7.50097e-21
    outer loop
      vertex -7.93848 0.873032 -10
      vertex -8 0.765094 -9
      vertex -8 0.765094 -10
    endloop
  endfacet
  facet normal 0.747258 -0.664534 -9.3041e-19
    outer loop
      vertex -7.93848 0.873032 -9
      vertex -7.81133 1.01601 -10
      vertex -7.81133 1.01601 -9
    endloop
  endfacet
  facet normal 0.747258 -0.664534 -9.3041e-19
    outer loop
      vertex -7.81133 1.01601 -10
      vertex -7.93848 0.873032 -9
      vertex -7.93848 0.873032 -10
    endloop
  endfacet
  facet normal 0.575201 -0.818012 0
    outer loop
      vertex -7.81133 1.01601 -10
      vertex -7.65892 1.12318 -9
      vertex -7.81133 1.01601 -9
    endloop
  endfacet
  facet normal 0.575201 -0.818012 0
    outer loop
      vertex -7.65892 1.12318 -9
      vertex -7.81133 1.01601 -10
      vertex -7.65892 1.12318 -10
    endloop
  endfacet
  facet normal 0.379188 -0.92532 0
    outer loop
      vertex -7.65892 1.12318 -10
      vertex -7.47734 1.19759 -9
      vertex -7.65892 1.12318 -9
    endloop
  endfacet
  facet normal 0.379188 -0.92532 0
    outer loop
      vertex -7.47734 1.19759 -9
      vertex -7.65892 1.12318 -10
      vertex -7.47734 1.19759 -10
    endloop
  endfacet
  facet normal 0.203475 -0.97908 0
    outer loop
      vertex -7.47734 1.19759 -10
      vertex -7.26259 1.24222 -9
      vertex -7.47734 1.19759 -9
    endloop
  endfacet
  facet normal 0.203475 -0.97908 0
    outer loop
      vertex -7.26259 1.24222 -9
      vertex -7.47734 1.19759 -10
      vertex -7.26259 1.24222 -10
    endloop
  endfacet
  facet normal 0.0599613 -0.998201 0
    outer loop
      vertex -7.26259 1.24222 -10
      vertex -7.01471 1.25711 -9
      vertex -7.26259 1.24222 -9
    endloop
  endfacet
  facet normal 0.0599613 -0.998201 0
    outer loop
      vertex -7.01471 1.25711 -9
      vertex -7.26259 1.24222 -10
      vertex -7.01471 1.25711 -10
    endloop
  endfacet
  facet normal -0.101172 -0.994869 0
    outer loop
      vertex -7.01471 1.25711 -10
      vertex -6.66641 1.22169 -9
      vertex -7.01471 1.25711 -9
    endloop
  endfacet
  facet normal -0.101172 -0.994869 -0
    outer loop
      vertex -6.66641 1.22169 -9
      vertex -7.01471 1.25711 -10
      vertex -6.66641 1.22169 -10
    endloop
  endfacet
  facet normal -0.341743 -0.939793 0
    outer loop
      vertex -6.66641 1.22169 -10
      vertex -6.37425 1.11545 -9
      vertex -6.66641 1.22169 -9
    endloop
  endfacet
  facet normal -0.341743 -0.939793 -0
    outer loop
      vertex -6.37425 1.11545 -9
      vertex -6.66641 1.22169 -10
      vertex -6.37425 1.11545 -10
    endloop
  endfacet
  facet normal -0.600108 -0.799919 0
    outer loop
      vertex -6.37425 1.11545 -10
      vertex -6.13823 0.938385 -9
      vertex -6.37425 1.11545 -9
    endloop
  endfacet
  facet normal -0.600108 -0.799919 -0
    outer loop
      vertex -6.13823 0.938385 -9
      vertex -6.37425 1.11545 -10
      vertex -6.13823 0.938385 -10
    endloop
  endfacet
  facet normal -0.812685 -0.582704 2.13518e-18
    outer loop
      vertex -5.96494 0.696701 -10
      vertex -6.13823 0.938385 -9
      vertex -6.13823 0.938385 -10
    endloop
  endfacet
  facet normal -0.812685 -0.582704 2.13518e-18
    outer loop
      vertex -6.13823 0.938385 -9
      vertex -5.96494 0.696701 -10
      vertex -5.96494 0.696701 -9
    endloop
  endfacet
  facet normal -0.944877 -0.327425 -4.40398e-19
    outer loop
      vertex -5.86096 0.396637 -10
      vertex -5.96494 0.696701 -9
      vertex -5.96494 0.696701 -10
    endloop
  endfacet
  facet normal -0.944877 -0.327425 -4.40398e-19
    outer loop
      vertex -5.96494 0.696701 -9
      vertex -5.86096 0.396637 -10
      vertex -5.86096 0.396637 -9
    endloop
  endfacet
  facet normal -0.995361 -0.0962152 -8.6344e-19
    outer loop
      vertex -5.82631 0.0381775 -10
      vertex -5.86096 0.396637 -9
      vertex -5.86096 0.396637 -10
    endloop
  endfacet
  facet normal -0.995361 -0.0962152 -8.6344e-19
    outer loop
      vertex -5.86096 0.396637 -9
      vertex -5.82631 0.0381775 -10
      vertex -5.82631 0.0381775 -9
    endloop
  endfacet
  facet normal -0.997848 0.0655681 -2.95278e-19
    outer loop
      vertex -5.84222 -0.203949 -10
      vertex -5.82631 0.0381775 -9
      vertex -5.82631 0.0381775 -10
    endloop
  endfacet
  facet normal -0.997848 0.0655681 -2.95278e-19
    outer loop
      vertex -5.82631 0.0381775 -9
      vertex -5.84222 -0.203949 -10
      vertex -5.84222 -0.203949 -9
    endloop
  endfacet
  facet normal -0.977268 0.212008 -1.15383e-18
    outer loop
      vertex -5.88997 -0.424057 -10
      vertex -5.84222 -0.203949 -9
      vertex -5.84222 -0.203949 -10
    endloop
  endfacet
  facet normal -0.977268 0.212008 -1.15383e-18
    outer loop
      vertex -5.84222 -0.203949 -9
      vertex -5.88997 -0.424057 -10
      vertex -5.88997 -0.424057 -9
    endloop
  endfacet
  facet normal -0.927893 0.372846 4.97189e-18
    outer loop
      vertex -5.96956 -0.622131 -10
      vertex -5.88997 -0.424057 -9
      vertex -5.88997 -0.424057 -10
    endloop
  endfacet
  facet normal -0.927893 0.372846 4.97189e-18
    outer loop
      vertex -5.88997 -0.424057 -9
      vertex -5.96956 -0.622131 -10
      vertex -5.96956 -0.622131 -9
    endloop
  endfacet
  facet normal -0.843737 0.536757 4.04952e-18
    outer loop
      vertex -6.07927 -0.794586 -10
      vertex -5.96956 -0.622131 -9
      vertex -5.96956 -0.622131 -10
    endloop
  endfacet
  facet normal -0.843737 0.536757 4.04952e-18
    outer loop
      vertex -5.96956 -0.622131 -9
      vertex -6.07927 -0.794586 -10
      vertex -6.07927 -0.794586 -9
    endloop
  endfacet
  facet normal -0.719754 0.694229 -7.31851e-18
    outer loop
      vertex -6.21744 -0.937836 -10
      vertex -6.07927 -0.794586 -9
      vertex -6.07927 -0.794586 -10
    endloop
  endfacet
  facet normal -0.719754 0.694229 -7.31851e-18
    outer loop
      vertex -6.07927 -0.794586 -9
      vertex -6.21744 -0.937836 -10
      vertex -6.21744 -0.937836 -9
    endloop
  endfacet
  facet normal -0.564946 0.825128 0
    outer loop
      vertex -6.21744 -0.937836 -10
      vertex -6.38405 -1.05191 -9
      vertex -6.21744 -0.937836 -9
    endloop
  endfacet
  facet normal -0.564946 0.825128 0
    outer loop
      vertex -6.38405 -1.05191 -9
      vertex -6.21744 -0.937836 -10
      vertex -6.38405 -1.05191 -10
    endloop
  endfacet
  facet normal -0.395722 0.91837 0
    outer loop
      vertex -6.38405 -1.05191 -10
      vertex -6.57637 -1.13478 -9
      vertex -6.38405 -1.05191 -9
    endloop
  endfacet
  facet normal -0.395722 0.91837 0
    outer loop
      vertex -6.57637 -1.13478 -9
      vertex -6.38405 -1.05191 -10
      vertex -6.57637 -1.13478 -10
    endloop
  endfacet
  facet normal -0.225035 0.974351 0
    outer loop
      vertex -6.57637 -1.13478 -10
      vertex -6.79169 -1.18451 -9
      vertex -6.57637 -1.13478 -9
    endloop
  endfacet
  facet normal -0.225035 0.974351 0
    outer loop
      vertex -6.79169 -1.18451 -9
      vertex -6.57637 -1.13478 -10
      vertex -6.79169 -1.18451 -10
    endloop
  endfacet
  facet normal -0.0693696 0.997591 0
    outer loop
      vertex -6.79169 -1.18451 -10
      vertex -7.02998 -1.20108 -9
      vertex -6.79169 -1.18451 -9
    endloop
  endfacet
  facet normal -0.0693696 0.997591 0
    outer loop
      vertex -7.02998 -1.20108 -9
      vertex -6.79169 -1.18451 -10
      vertex -7.02998 -1.20108 -10
    endloop
  endfacet
  facet normal 0.0561271 0.998424 -0
    outer loop
      vertex -7.02998 -1.20108 -10
      vertex -7.23953 -1.1893 -9
      vertex -7.02998 -1.20108 -9
    endloop
  endfacet
  facet normal 0.0561271 0.998424 0
    outer loop
      vertex -7.23953 -1.1893 -9
      vertex -7.02998 -1.20108 -10
      vertex -7.23953 -1.1893 -10
    endloop
  endfacet
  facet normal 0 1 -0
    outer loop
      vertex 7.06856 0.957031 -10
      vertex 6.24803 0.957031 -9
      vertex 7.06856 0.957031 -9
    endloop
  endfacet
  facet normal 0 1 0
    outer loop
      vertex 6.24803 0.957031 -9
      vertex 7.06856 0.957031 -10
      vertex 6.24803 0.957031 -10
    endloop
  endfacet
  facet normal 1 -0 0
    outer loop
      vertex 6.24803 0.957031 -9
      vertex 6.24803 1.22151 -10
      vertex 6.24803 1.22151 -9
    endloop
  endfacet
  facet normal 1 0 0
    outer loop
      vertex 6.24803 1.22151 -10
      vertex 6.24803 0.957031 -9
      vertex 6.24803 0.957031 -10
    endloop
  endfacet
  facet normal 0 -1 0
    outer loop
      vertex 6.24803 1.22151 -10
      vertex 8 1.22151 -9
      vertex 6.24803 1.22151 -9
    endloop
  endfacet
  facet normal 0 -1 -0
    outer loop
      vertex 8 1.22151 -9
      vertex 6.24803 1.22151 -10
      vertex 8 1.22151 -10
    endloop
  endfacet
  facet normal 0 1 -0
    outer loop
      vertex 8 0.957031 -10
      vertex 7.39066 0.957031 -9
      vertex 8 0.957031 -9
    endloop
  endfacet
  facet normal 0 1 0
    outer loop
      vertex 7.39066 0.957031 -9
      vertex 8 0.957031 -10
      vertex 7.39066 0.957031 -10
    endloop
  endfacet
  facet normal -1 0 0
    outer loop
      vertex 7.39066 -1.16718 -10
      vertex 7.39066 0.957031 -9
      vertex 7.39066 0.957031 -10
    endloop
  endfacet
  facet normal -1 -0 0
    outer loop
      vertex 7.39066 0.957031 -9
      vertex 7.39066 -1.16718 -10
      vertex 7.39066 -1.16718 -9
    endloop
  endfacet
  facet normal 0 1 -0
    outer loop
      vertex 7.39066 -1.16718 -10
      vertex 7.06856 -1.16718 -9
      vertex 7.39066 -1.16718 -9
    endloop
  endfacet
  facet normal 0 1 0
    outer loop
      vertex 7.06856 -1.16718 -9
      vertex 7.39066 -1.16718 -10
      vertex 7.06856 -1.16718 -10
    endloop
  endfacet
  facet normal 1 -0 0
    outer loop
      vertex 7.06856 -1.16718 -9
      vertex 7.06856 0.957031 -10
      vertex 7.06856 0.957031 -9
    endloop
  endfacet
  facet normal 1 0 0
    outer loop
      vertex 7.06856 0.957031 -10
      vertex 7.06856 -1.16718 -9
      vertex 7.06856 -1.16718 -10
    endloop
  endfacet
  facet normal 0 1 -0
    outer loop
      vertex 5.60928 -0.17543 -10
      vertex 4.86507 -0.17543 -9
      vertex 5.60928 -0.17543 -9
    endloop
  endfacet
  facet normal 0 1 0
    outer loop
      vertex 4.86507 -0.17543 -9
      vertex 5.60928 -0.17543 -10
      vertex 4.86507 -0.17543 -10
    endloop
  endfacet
  facet normal -0.847746 0.530402 -2.21432e-17
    outer loop
      vertex 4.24457 -1.16718 -10
      vertex 4.86507 -0.17543 -9
      vertex 4.86507 -0.17543 -10
    endloop
  endfacet
  facet normal -0.847746 0.530402 -2.21432e-17
    outer loop
      vertex 4.86507 -0.17543 -9
      vertex 4.24457 -1.16718 -10
      vertex 4.24457 -1.16718 -9
    endloop
  endfacet
  facet normal 0 1 -0
    outer loop
      vertex 4.24457 -1.16718 -10
      vertex 3.87158 -1.16718 -9
      vertex 4.24457 -1.16718 -9
    endloop
  endfacet
  facet normal 0 1 0
    outer loop
      vertex 3.87158 -1.16718 -9
      vertex 4.24457 -1.16718 -10
      vertex 3.87158 -1.16718 -10
    endloop
  endfacet
  facet normal 0.835 -0.55025 -2.5113e-17
    outer loop
      vertex 3.87158 -1.16718 -9
      vertex 4.54971 -0.138123 -10
      vertex 4.54971 -0.138123 -9
    endloop
  endfacet
  facet normal 0.835 -0.55025 -2.5113e-17
    outer loop
      vertex 4.54971 -0.138123 -10
      vertex 3.87158 -1.16718 -9
      vertex 3.87158 -1.16718 -10
    endloop
  endfacet
  facet normal 0.265609 0.964081 -0
    outer loop
      vertex 4.54971 -0.138123 -10
      vertex 4.38084 -0.0915985 -9
      vertex 4.54971 -0.138123 -9
    endloop
  endfacet
  facet normal 0.265609 0.964081 0
    outer loop
      vertex 4.38084 -0.0915985 -9
      vertex 4.54971 -0.138123 -10
      vertex 4.38084 -0.0915985 -10
    endloop
  endfacet
  facet normal 0.471566 0.881831 -0
    outer loop
      vertex 4.38084 -0.0915985 -10
      vertex 4.23817 -0.0153046 -9
      vertex 4.38084 -0.0915985 -9
    endloop
  endfacet
  facet normal 0.471566 0.881831 0
    outer loop
      vertex 4.23817 -0.0153046 -9
      vertex 4.38084 -0.0915985 -10
      vertex 4.23817 -0.0153046 -10
    endloop
  endfacet
  facet normal 0.673073 0.739576 -0
    outer loop
      vertex 4.23817 -0.0153046 -10
      vertex 4.12166 0.0907288 -9
      vertex 4.23817 -0.0153046 -9
    endloop
  endfacet
  facet normal 0.673073 0.739576 0
    outer loop
      vertex 4.12166 0.0907288 -9
      vertex 4.23817 -0.0153046 -10
      vertex 4.12166 0.0907288 -10
    endloop
  endfacet
  facet normal 0.834183 0.551488 -2.08763e-18
    outer loop
      vertex 4.12166 0.0907288 -9
      vertex 4.03548 0.221085 -10
      vertex 4.03548 0.221085 -9
    endloop
  endfacet
  facet normal 0.834183 0.551488 -2.08763e-18
    outer loop
      vertex 4.03548 0.221085 -10
      vertex 4.12166 0.0907288 -9
      vertex 4.12166 0.0907288 -10
    endloop
  endfacet
  facet normal 0.94487 0.327444 1.6935e-20
    outer loop
      vertex 4.03548 0.221085 -9
      vertex 3.98378 0.37027 -10
      vertex 3.98378 0.37027 -9
    endloop
  endfacet
  facet normal 0.94487 0.327444 1.6935e-20
    outer loop
      vertex 3.98378 0.37027 -10
      vertex 4.03548 0.221085 -9
      vertex 4.03548 0.221085 -10
    endloop
  endfacet
  facet normal 0.994777 0.102075 1.20278e-18
    outer loop
      vertex 3.98378 0.37027 -9
      vertex 3.96654 0.538284 -10
      vertex 3.96654 0.538284 -9
    endloop
  endfacet
  facet normal 0.994777 0.102075 1.20278e-18
    outer loop
      vertex 3.96654 0.538284 -10
      vertex 3.98378 0.37027 -9
      vertex 3.98378 0.37027 -10
    endloop
  endfacet
  facet normal 0.992568 -0.121689 -1.70788e-18
    outer loop
      vertex 3.96654 0.538284 -9
      vertex 3.99094 0.737305 -10
      vertex 3.99094 0.737305 -9
    endloop
  endfacet
  facet normal 0.992568 -0.121689 -1.70788e-18
    outer loop
      vertex 3.99094 0.737305 -10
      vertex 3.96654 0.538284 -9
      vertex 3.96654 0.538284 -10
    endloop
  endfacet
  facet normal 0.91641 -0.400241 -9.43786e-19
    outer loop
      vertex 3.99094 0.737305 -9
      vertex 4.06412 0.904861 -10
      vertex 4.06412 0.904861 -9
    endloop
  endfacet
  facet normal 0.91641 -0.400241 -9.43786e-19
    outer loop
      vertex 4.06412 0.904861 -10
      vertex 3.99094 0.737305 -9
      vertex 3.99094 0.737305 -10
    endloop
  endfacet
  facet normal 0.744708 -0.667391 -1.18392e-18
    outer loop
      vertex 4.06412 0.904861 -9
      vertex 4.18608 1.04095 -10
      vertex 4.18608 1.04095 -9
    endloop
  endfacet
  facet normal 0.744708 -0.667391 -1.18392e-18
    outer loop
      vertex 4.18608 1.04095 -10
      vertex 4.06412 0.904861 -9
      vertex 4.06412 0.904861 -10
    endloop
  endfacet
  facet normal 0.515425 -0.856935 0
    outer loop
      vertex 4.18608 1.04095 -10
      vertex 4.35287 1.14127 -9
      vertex 4.18608 1.04095 -9
    endloop
  endfacet
  facet normal 0.515425 -0.856935 0
    outer loop
      vertex 4.35287 1.14127 -9
      vertex 4.18608 1.04095 -10
      vertex 4.35287 1.14127 -10
    endloop
  endfacet
  facet normal 0.278323 -0.960488 0
    outer loop
      vertex 4.35287 1.14127 -10
      vertex 4.56055 1.20145 -9
      vertex 4.35287 1.14127 -9
    endloop
  endfacet
  facet normal 0.278323 -0.960488 0
    outer loop
      vertex 4.56055 1.20145 -9
      vertex 4.35287 1.14127 -10
      vertex 4.56055 1.20145 -10
    endloop
  endfacet
  facet normal 0.0804433 -0.996759 0
    outer loop
      vertex 4.56055 1.20145 -10
      vertex 4.80911 1.22151 -9
      vertex 4.56055 1.20145 -9
    endloop
  endfacet
  facet normal 0.0804433 -0.996759 0
    outer loop
      vertex 4.80911 1.22151 -9
      vertex 4.56055 1.20145 -10
      vertex 4.80911 1.22151 -10
    endloop
  endfacet
  facet normal 0 -1 0
    outer loop
      vertex 4.80911 1.22151 -10
      vertex 5.93309 1.22151 -9
      vertex 4.80911 1.22151 -9
    endloop
  endfacet
  facet normal 0 -1 -0
    outer loop
      vertex 5.93309 1.22151 -9
      vertex 4.80911 1.22151 -10
      vertex 5.93309 1.22151 -10
    endloop
  endfacet
  facet normal -1 0 0
    outer loop
      vertex 5.93309 -1.16718 -10
      vertex 5.93309 1.22151 -9
      vertex 5.93309 1.22151 -10
    endloop
  endfacet
  facet normal -1 -0 0
    outer loop
      vertex 5.93309 1.22151 -9
      vertex 5.93309 -1.16718 -10
      vertex 5.93309 -1.16718 -9
    endloop
  endfacet
  facet normal 0 1 -0
    outer loop
      vertex 5.93309 -1.16718 -10
      vertex 5.60928 -1.16718 -9
      vertex 5.93309 -1.16718 -9
    endloop
  endfacet
  facet normal 0 1 0
    outer loop
      vertex 5.60928 -1.16718 -9
      vertex 5.93309 -1.16718 -10
      vertex 5.60928 -1.16718 -10
    endloop
  endfacet
  facet normal 1 -0 0
    outer loop
      vertex 5.60928 -1.16718 -9
      vertex 5.60928 -0.17543 -10
      vertex 5.60928 -0.17543 -9
    endloop
  endfacet
  facet normal 1 0 0
    outer loop
      vertex 5.60928 -0.17543 -10
      vertex 5.60928 -1.16718 -9
      vertex 5.60928 -1.16718 -10
    endloop
  endfacet
  facet normal 1 -0 0
    outer loop
      vertex 5.60928 0.0805511 -9
      vertex 5.60928 0.962128 -10
      vertex 5.60928 0.962128 -9
    endloop
  endfacet
  facet normal 1 0 0
    outer loop
      vertex 5.60928 0.962128 -10
      vertex 5.60928 0.0805511 -9
      vertex 5.60928 0.0805511 -10
    endloop
  endfacet
  facet normal 0 1 -0
    outer loop
      vertex 5.60928 0.962128 -10
      vertex 4.84131 0.962128 -9
      vertex 5.60928 0.962128 -9
    endloop
  endfacet
  facet normal 0 1 0
    outer loop
      vertex 4.84131 0.962128 -9
      vertex 5.60928 0.962128 -10
      vertex 4.84131 0.962128 -10
    endloop
  endfacet
  facet normal -0.0740428 0.997255 0
    outer loop
      vertex 4.84131 0.962128 -10
      vertex 4.67772 0.949982 -9
      vertex 4.84131 0.962128 -9
    endloop
  endfacet
  facet normal -0.0740428 0.997255 0
    outer loop
      vertex 4.67772 0.949982 -9
      vertex 4.84131 0.962128 -10
      vertex 4.67772 0.949982 -10
    endloop
  endfacet
  facet normal -0.259082 0.965855 0
    outer loop
      vertex 4.67772 0.949982 -10
      vertex 4.54182 0.913528 -9
      vertex 4.67772 0.949982 -9
    endloop
  endfacet
  facet normal -0.259082 0.965855 0
    outer loop
      vertex 4.54182 0.913528 -9
      vertex 4.67772 0.949982 -10
      vertex 4.54182 0.913528 -10
    endloop
  endfacet
  facet normal -0.489507 0.871999 0
    outer loop
      vertex 4.54182 0.913528 -10
      vertex 4.43361 0.852783 -9
      vertex 4.54182 0.913528 -9
    endloop
  endfacet
  facet normal -0.489507 0.871999 0
    outer loop
      vertex 4.43361 0.852783 -9
      vertex 4.54182 0.913528 -10
      vertex 4.43361 0.852783 -10
    endloop
  endfacet
  facet normal -0.729701 0.683766 1.34047e-18
    outer loop
      vertex 4.35497 0.76886 -10
      vertex 4.43361 0.852783 -9
      vertex 4.43361 0.852783 -10
    endloop
  endfacet
  facet normal -0.729701 0.683766 1.34047e-18
    outer loop
      vertex 4.43361 0.852783 -9
      vertex 4.35497 0.76886 -10
      vertex 4.35497 0.76886 -9
    endloop
  endfacet
  facet normal -0.913466 0.406916 -3.23068e-19
    outer loop
      vertex 4.30777 0.662903 -10
      vertex 4.35497 0.76886 -9
      vertex 4.35497 0.76886 -10
    endloop
  endfacet
  facet normal -0.913466 0.406916 -3.23068e-19
    outer loop
      vertex 4.35497 0.76886 -9
      vertex 4.30777 0.662903 -10
      vertex 4.30777 0.662903 -9
    endloop
  endfacet
  facet normal -0.992532 0.121982 -1.05745e-18
    outer loop
      vertex 4.29204 0.534912 -10
      vertex 4.30777 0.662903 -9
      vertex 4.30777 0.662903 -10
    endloop
  endfacet
  facet normal -0.992532 0.121982 -1.05745e-18
    outer loop
      vertex 4.30777 0.662903 -9
      vertex 4.29204 0.534912 -10
      vertex 4.29204 0.534912 -9
    endloop
  endfacet
  facet normal -0.993242 -0.116062 -1.30354e-18
    outer loop
      vertex 4.30757 0.402008 -10
      vertex 4.29204 0.534912 -9
      vertex 4.29204 0.534912 -10
    endloop
  endfacet
  facet normal -0.993242 -0.116062 -1.30354e-18
    outer loop
      vertex 4.29204 0.534912 -9
      vertex 4.30757 0.402008 -10
      vertex 4.30757 0.402008 -9
    endloop
  endfacet
  facet normal -0.922699 -0.385522 -3.50998e-19
    outer loop
      vertex 4.3542 0.290405 -10
      vertex 4.30757 0.402008 -9
      vertex 4.30757 0.402008 -10
    endloop
  endfacet
  facet normal -0.922699 -0.385522 -3.50998e-19
    outer loop
      vertex 4.30757 0.402008 -9
      vertex 4.3542 0.290405 -10
      vertex 4.3542 0.290405 -9
    endloop
  endfacet
  facet normal -0.758042 -0.652206 -2.05078e-18
    outer loop
      vertex 4.43192 0.200073 -10
      vertex 4.3542 0.290405 -9
      vertex 4.3542 0.290405 -10
    endloop
  endfacet
  facet normal -0.758042 -0.652206 -2.05078e-18
    outer loop
      vertex 4.3542 0.290405 -9
      vertex 4.43192 0.200073 -10
      vertex 4.43192 0.200073 -9
    endloop
  endfacet
  facet normal -0.530306 -0.847806 0
    outer loop
      vertex 4.43192 0.200073 -10
      vertex 4.53806 0.133682 -9
      vertex 4.43192 0.200073 -9
    endloop
  endfacet
  facet normal -0.530306 -0.847806 -0
    outer loop
      vertex 4.53806 0.133682 -9
      vertex 4.43192 0.200073 -10
      vertex 4.53806 0.133682 -10
    endloop
  endfacet
  facet normal -0.289067 -0.957309 0
    outer loop
      vertex 4.53806 0.133682 -10
      vertex 4.67 0.0938416 -9
      vertex 4.53806 0.133682 -9
    endloop
  endfacet
  facet normal -0.289067 -0.957309 -0
    outer loop
      vertex 4.67 0.0938416 -9
      vertex 4.53806 0.133682 -10
      vertex 4.67 0.0938416 -10
    endloop
  endfacet
  facet normal -0.0839477 -0.99647 0
    outer loop
      vertex 4.67 0.0938416 -10
      vertex 4.82776 0.0805511 -9
      vertex 4.67 0.0938416 -9
    endloop
  endfacet
  facet normal -0.0839477 -0.99647 -0
    outer loop
      vertex 4.82776 0.0805511 -9
      vertex 4.67 0.0938416 -10
      vertex 4.82776 0.0805511 -10
    endloop
  endfacet
  facet normal 0 -1 0
    outer loop
      vertex 4.82776 0.0805511 -10
      vertex 5.60928 0.0805511 -9
      vertex 4.82776 0.0805511 -9
    endloop
  endfacet
  facet normal 0 -1 -0
    outer loop
      vertex 5.60928 0.0805511 -9
      vertex 4.82776 0.0805511 -10
      vertex 5.60928 0.0805511 -10
    endloop
  endfacet
  facet normal 0 1 -0
    outer loop
      vertex 3.15205 -0.468704 -10
      vertex 2.66735 -0.468704 -9
      vertex 3.15205 -0.468704 -9
    endloop
  endfacet
  facet normal 0 1 0
    outer loop
      vertex 2.66735 -0.468704 -9
      vertex 3.15205 -0.468704 -10
      vertex 2.66735 -0.468704 -10
    endloop
  endfacet
  facet normal 0 -1 0
    outer loop
      vertex 2.75 1.22151 -10
      vertex 2.78758 1.22151 -9
      vertex 2.75 1.22151 -9
    endloop
  endfacet
  facet normal 0 -1 -0
    outer loop
      vertex 2.78758 1.22151 -9
      vertex 2.75 1.22151 -10
      vertex 2.78758 1.22151 -10
    endloop
  endfacet
  facet normal -0.925873 -0.377835 6.45883e-18
    outer loop
      vertex 3.76237 -1.16718 -10
      vertex 2.78758 1.22151 -9
      vertex 2.78758 1.22151 -10
    endloop
  endfacet
  facet normal -0.925873 -0.377835 6.45883e-18
    outer loop
      vertex 2.78758 1.22151 -9
      vertex 3.76237 -1.16718 -10
      vertex 3.76237 -1.16718 -9
    endloop
  endfacet
  facet normal 0 1 -0
    outer loop
      vertex 3.76237 -1.16718 -10
      vertex 3.42671 -1.16718 -9
      vertex 3.76237 -1.16718 -9
    endloop
  endfacet
  facet normal 0 1 0
    outer loop
      vertex 3.42671 -1.16718 -9
      vertex 3.76237 -1.16718 -10
      vertex 3.42671 -1.16718 -10
    endloop
  endfacet
  facet normal 0.930634 0.365951 1.81043e-17
    outer loop
      vertex 3.42671 -1.16718 -9
      vertex 3.15205 -0.468704 -10
      vertex 3.15205 -0.468704 -9
    endloop
  endfacet
  facet normal 0.930634 0.365951 1.81043e-17
    outer loop
      vertex 3.15205 -0.468704 -10
      vertex 3.42671 -1.16718 -9
      vertex 3.42671 -1.16718 -10
    endloop
  endfacet
  facet normal 0.932043 0.362349 9.81184e-19
    outer loop
      vertex 3.05373 -0.21611 -9
      vertex 2.75 0.565152 -10
      vertex 2.75 0.565152 -9
    endloop
  endfacet
  facet normal 0.932043 0.362349 9.81184e-19
    outer loop
      vertex 2.75 0.565152 -10
      vertex 3.05373 -0.21611 -9
      vertex 3.05373 -0.21611 -10
    endloop
  endfacet
  facet normal 0 -1 0
    outer loop
      vertex 2.71189 -0.21611 -10
      vertex 3.05373 -0.21611 -9
      vertex 2.71189 -0.21611 -9
    endloop
  endfacet
  facet normal 0 -1 -0
    outer loop
      vertex 3.05373 -0.21611 -9
      vertex 2.71189 -0.21611 -10
      vertex 3.05373 -0.21611 -10
    endloop
  endfacet
  facet normal 0 -1 0
    outer loop
      vertex -5.55661 -0.90271 -10
      vertex -3.99863 -0.90271 -9
      vertex -5.55661 -0.90271 -9
    endloop
  endfacet
  facet normal 0 -1 -0
    outer loop
      vertex -3.99863 -0.90271 -9
      vertex -5.55661 -0.90271 -10
      vertex -3.99863 -0.90271 -10
    endloop
  endfacet
  facet normal 1 -0 0
    outer loop
      vertex -3.99863 -0.90271 -9
      vertex -3.99863 -0.0703125 -10
      vertex -3.99863 -0.0703125 -9
    endloop
  endfacet
  facet normal 1 0 0
    outer loop
      vertex -3.99863 -0.0703125 -10
      vertex -3.99863 -0.90271 -9
      vertex -3.99863 -0.90271 -10
    endloop
  endfacet
  facet normal 0 1 -0
    outer loop
      vertex -3.99863 -0.0703125 -10
      vertex -5.38538 -0.0703125 -9
      vertex -3.99863 -0.0703125 -9
    endloop
  endfacet
  facet normal 0 1 0
    outer loop
      vertex -5.38538 -0.0703125 -9
      vertex -3.99863 -0.0703125 -10
      vertex -5.38538 -0.0703125 -10
    endloop
  endfacet
  facet normal 1 -0 0
    outer loop
      vertex -5.38538 -0.0703125 -9
      vertex -5.38538 0.19075 -10
      vertex -5.38538 0.19075 -9
    endloop
  endfacet
  facet normal 1 0 0
    outer loop
      vertex -5.38538 0.19075 -10
      vertex -5.38538 -0.0703125 -9
      vertex -5.38538 -0.0703125 -10
    endloop
  endfacet
  facet normal 0 -1 0
    outer loop
      vertex -5.38538 0.19075 -10
      vertex -3.99863 0.19075 -9
      vertex -5.38538 0.19075 -9
    endloop
  endfacet
  facet normal 0 -1 -0
    outer loop
      vertex -3.99863 0.19075 -9
      vertex -5.38538 0.19075 -10
      vertex -3.99863 0.19075 -10
    endloop
  endfacet
  facet normal 1 -0 0
    outer loop
      vertex -3.99863 0.19075 -9
      vertex -3.99863 0.957031 -10
      vertex -3.99863 0.957031 -9
    endloop
  endfacet
  facet normal 1 0 0
    outer loop
      vertex -3.99863 0.957031 -10
      vertex -3.99863 0.19075 -9
      vertex -3.99863 0.19075 -10
    endloop
  endfacet
  facet normal 0 1 -0
    outer loop
      vertex -3.99863 0.957031 -10
      vertex -5.48711 0.957031 -9
      vertex -3.99863 0.957031 -9
    endloop
  endfacet
  facet normal 0 1 0
    outer loop
      vertex -5.48711 0.957031 -9
      vertex -3.99863 0.957031 -10
      vertex -5.48711 0.957031 -10
    endloop
  endfacet
  facet normal 1 -0 0
    outer loop
      vertex -5.48711 0.957031 -9
      vertex -5.48711 1.22151 -10
      vertex -5.48711 1.22151 -9
    endloop
  endfacet
  facet normal 1 0 0
    outer loop
      vertex -5.48711 1.22151 -10
      vertex -5.48711 0.957031 -9
      vertex -5.48711 0.957031 -10
    endloop
  endfacet
  facet normal 0 -1 0
    outer loop
      vertex -5.48711 1.22151 -10
      vertex -3.67484 1.22151 -9
      vertex -5.48711 1.22151 -9
    endloop
  endfacet
  facet normal 0 -1 -0
    outer loop
      vertex -3.67484 1.22151 -9
      vertex -5.48711 1.22151 -10
      vertex -3.67484 1.22151 -10
    endloop
  endfacet
  facet normal -1 0 0
    outer loop
      vertex -3.67484 -1.16718 -10
      vertex -3.67484 1.22151 -9
      vertex -3.67484 1.22151 -10
    endloop
  endfacet
  facet normal -1 -0 0
    outer loop
      vertex -3.67484 1.22151 -9
      vertex -3.67484 -1.16718 -10
      vertex -3.67484 -1.16718 -9
    endloop
  endfacet
  facet normal 0 1 -0
    outer loop
      vertex -3.67484 -1.16718 -10
      vertex -5.55661 -1.16718 -9
      vertex -3.67484 -1.16718 -9
    endloop
  endfacet
  facet normal 0 1 0
    outer loop
      vertex -5.55661 -1.16718 -9
      vertex -3.67484 -1.16718 -10
      vertex -5.55661 -1.16718 -10
    endloop
  endfacet
  facet normal 1 -0 0
    outer loop
      vertex -5.55661 -1.16718 -9
      vertex -5.55661 -0.90271 -10
      vertex -5.55661 -0.90271 -9
    endloop
  endfacet
  facet normal 1 0 0
    outer loop
      vertex -5.55661 -0.90271 -10
      vertex -5.55661 -1.16718 -9
      vertex -5.55661 -1.16718 -10
    endloop
  endfacet
  facet normal -0.847744 0.530406 -2.49881e-17
    outer loop
      vertex -2.9146 -1.16718 -10
      vertex -2.62563 -0.705322 -9
      vertex -2.62563 -0.705322 -10
    endloop
  endfacet
  facet normal -0.847744 0.530406 -2.49881e-17
    outer loop
      vertex -2.62563 -0.705322 -9
      vertex -2.9146 -1.16718 -10
      vertex -2.9146 -1.16718 -9
    endloop
  endfacet
  facet normal 0 1 -0
    outer loop
      vertex -2.9146 -1.16718 -10
      vertex -3.28758 -1.16718 -9
      vertex -2.9146 -1.16718 -9
    endloop
  endfacet
  facet normal 0 1 0
    outer loop
      vertex -3.28758 -1.16718 -9
      vertex -2.9146 -1.16718 -10
      vertex -3.28758 -1.16718 -10
    endloop
  endfacet
  facet normal 0.835002 -0.550247 -2.7155e-17
    outer loop
      vertex -3.28758 -1.16718 -9
      vertex -2.70112 -0.277225 -10
      vertex -2.70112 -0.277225 -9
    endloop
  endfacet
  facet normal 0.835002 -0.550247 -2.7155e-17
    outer loop
      vertex -2.70112 -0.277225 -10
      vertex -3.28758 -1.16718 -9
      vertex -3.28758 -1.16718 -10
    endloop
  endfacet
  facet normal 0.265617 0.964079 -0
    outer loop
      vertex -2.73158 -0.104476 -10
      vertex -2.77832 -0.0915985 -9
      vertex -2.73158 -0.104476 -9
    endloop
  endfacet
  facet normal 0.265617 0.964079 0
    outer loop
      vertex -2.77832 -0.0915985 -9
      vertex -2.73158 -0.104476 -10
      vertex -2.77832 -0.0915985 -10
    endloop
  endfacet
  facet normal 0.471566 0.881831 -0
    outer loop
      vertex -2.77832 -0.0915985 -10
      vertex -2.92099 -0.0153046 -9
      vertex -2.77832 -0.0915985 -9
    endloop
  endfacet
  facet normal 0.471566 0.881831 0
    outer loop
      vertex -2.92099 -0.0153046 -9
      vertex -2.77832 -0.0915985 -10
      vertex -2.92099 -0.0153046 -10
    endloop
  endfacet
  facet normal 0.673042 0.739605 -0
    outer loop
      vertex -2.92099 -0.0153046 -10
      vertex -3.03751 0.0907288 -9
      vertex -2.92099 -0.0153046 -9
    endloop
  endfacet
  facet normal 0.673042 0.739605 0
    outer loop
      vertex -3.03751 0.0907288 -9
      vertex -2.92099 -0.0153046 -10
      vertex -3.03751 0.0907288 -10
    endloop
  endfacet
  facet normal 0.834183 0.551488 -4.94752e-18
    outer loop
      vertex -3.03751 0.0907288 -9
      vertex -3.12369 0.221085 -10
      vertex -3.12369 0.221085 -9
    endloop
  endfacet
  facet normal 0.834183 0.551488 -4.94752e-18
    outer loop
      vertex -3.12369 0.221085 -10
      vertex -3.03751 0.0907288 -9
      vertex -3.03751 0.0907288 -10
    endloop
  endfacet
  facet normal 0.94489 0.327388 -2.127e-18
    outer loop
      vertex -3.12369 0.221085 -9
      vertex -3.17538 0.37027 -10
      vertex -3.17538 0.37027 -9
    endloop
  endfacet
  facet normal 0.94489 0.327388 -2.127e-18
    outer loop
      vertex -3.17538 0.37027 -10
      vertex -3.12369 0.221085 -9
      vertex -3.12369 0.221085 -10
    endloop
  endfacet
  facet normal 0.994771 0.102133 -5.32891e-19
    outer loop
      vertex -3.17538 0.37027 -9
      vertex -3.19263 0.538284 -10
      vertex -3.19263 0.538284 -9
    endloop
  endfacet
  facet normal 0.994771 0.102133 -5.32891e-19
    outer loop
      vertex -3.19263 0.538284 -10
      vertex -3.17538 0.37027 -9
      vertex -3.17538 0.37027 -10
    endloop
  endfacet
  facet normal 0.992568 -0.121689 -1.70788e-18
    outer loop
      vertex -3.19263 0.538284 -9
      vertex -3.16823 0.737305 -10
      vertex -3.16823 0.737305 -9
    endloop
  endfacet
  facet normal 0.992568 -0.121689 -1.70788e-18
    outer loop
      vertex -3.16823 0.737305 -10
      vertex -3.19263 0.538284 -9
      vertex -3.19263 0.538284 -10
    endloop
  endfacet
  facet normal 0.91641 -0.400241 -9.43786e-19
    outer loop
      vertex -3.16823 0.737305 -9
      vertex -3.09505 0.904861 -10
      vertex -3.09505 0.904861 -9
    endloop
  endfacet
  facet normal 0.91641 -0.400241 -9.43786e-19
    outer loop
      vertex -3.09505 0.904861 -10
      vertex -3.16823 0.737305 -9
      vertex -3.16823 0.737305 -10
    endloop
  endfacet
  facet normal 0.74468 -0.667421 5.65398e-19
    outer loop
      vertex -3.09505 0.904861 -9
      vertex -2.97308 1.04095 -10
      vertex -2.97308 1.04095 -9
    endloop
  endfacet
  facet normal 0.74468 -0.667421 5.65398e-19
    outer loop
      vertex -2.97308 1.04095 -10
      vertex -3.09505 0.904861 -9
      vertex -3.09505 0.904861 -10
    endloop
  endfacet
  facet normal 0.515425 -0.856935 0
    outer loop
      vertex -2.97308 1.04095 -10
      vertex -2.80629 1.14127 -9
      vertex -2.97308 1.04095 -9
    endloop
  endfacet
  facet normal 0.515425 -0.856935 0
    outer loop
      vertex -2.80629 1.14127 -9
      vertex -2.97308 1.04095 -10
      vertex -2.80629 1.14127 -10
    endloop
  endfacet
  facet normal 0.278303 -0.960493 0
    outer loop
      vertex -2.80629 1.14127 -10
      vertex -2.75 1.15758 -9
      vertex -2.80629 1.14127 -9
    endloop
  endfacet
  facet normal 0.278303 -0.960493 0
    outer loop
      vertex -2.75 1.15758 -9
      vertex -2.80629 1.14127 -10
      vertex -2.75 1.15758 -10
    endloop
  endfacet
  facet normal -0.729683 0.683786 1.3008e-18
    outer loop
      vertex -2.8042 0.76886 -10
      vertex -2.75 0.826698 -9
      vertex -2.75 0.826698 -10
    endloop
  endfacet
  facet normal -0.729683 0.683786 1.3008e-18
    outer loop
      vertex -2.75 0.826698 -9
      vertex -2.8042 0.76886 -10
      vertex -2.8042 0.76886 -9
    endloop
  endfacet
  facet normal -0.913498 0.406844 -2.41268e-18
    outer loop
      vertex -2.85139 0.662903 -10
      vertex -2.8042 0.76886 -9
      vertex -2.8042 0.76886 -10
    endloop
  endfacet
  facet normal -0.913498 0.406844 -2.41268e-18
    outer loop
      vertex -2.8042 0.76886 -9
      vertex -2.85139 0.662903 -10
      vertex -2.85139 0.662903 -9
    endloop
  endfacet
  facet normal -0.992523 0.122058 -7.36586e-19
    outer loop
      vertex -2.86713 0.534912 -10
      vertex -2.85139 0.662903 -9
      vertex -2.85139 0.662903 -10
    endloop
  endfacet
  facet normal -0.992523 0.122058 -7.36586e-19
    outer loop
      vertex -2.85139 0.662903 -9
      vertex -2.86713 0.534912 -10
      vertex -2.86713 0.534912 -9
    endloop
  endfacet
  facet normal -0.993233 -0.116135 4.91546e-19
    outer loop
      vertex -2.85159 0.402008 -10
      vertex -2.86713 0.534912 -9
      vertex -2.86713 0.534912 -10
    endloop
  endfacet
  facet normal -0.993233 -0.116135 4.91546e-19
    outer loop
      vertex -2.86713 0.534912 -9
      vertex -2.85159 0.402008 -10
      vertex -2.85159 0.402008 -9
    endloop
  endfacet
  facet normal -0.922699 -0.385522 -1.36023e-18
    outer loop
      vertex -2.80496 0.290405 -10
      vertex -2.85159 0.402008 -9
      vertex -2.85159 0.402008 -10
    endloop
  endfacet
  facet normal -0.922699 -0.385522 -1.36023e-18
    outer loop
      vertex -2.85159 0.402008 -9
      vertex -2.80496 0.290405 -10
      vertex -2.80496 0.290405 -9
    endloop
  endfacet
  facet normal -0.758084 -0.652156 2.18718e-18
    outer loop
      vertex -2.75 0.226518 -10
      vertex -2.80496 0.290405 -9
      vertex -2.80496 0.290405 -10
    endloop
  endfacet
  facet normal -0.758084 -0.652156 2.18718e-18
    outer loop
      vertex -2.80496 0.290405 -9
      vertex -2.75 0.226518 -10
      vertex -2.75 0.226518 -9
    endloop
  endfacet
  facet normal 0.0234677 0.587663 -0.808765
    outer loop
      vertex -13.8875 3.35732 -2.67302
      vertex -13.4909 3.33072 -2.68084
      vertex -13.5087 3.28329 -2.71582
    endloop
  endfacet
  facet normal 0.0234661 0.58763 -0.808789
    outer loop
      vertex -8 2.2068 -3.3381
      vertex -10.7162 3.14466 -2.7355
      vertex -8 2.96253 -2.78902
    endloop
  endfacet
  facet normal 0.0235308 0.587757 -0.808695
    outer loop
      vertex -8 2.2068 -3.3381
      vertex -10.7307 3.10816 -2.76245
      vertex -10.7162 3.14466 -2.7355
    endloop
  endfacet
  facet normal 0.0234644 0.587621 -0.808796
    outer loop
      vertex -10.7307 3.10816 -2.76245
      vertex -8 2.2068 -3.3381
      vertex -10.8666 2.76697 -3.01428
    endloop
  endfacet
  facet normal -0.585021 -0.0976985 -0.805112
    outer loop
      vertex -16.1213 2 -2.12132
      vertex -15.5491 1.8 -2.51283
      vertex -16.0879 1.8 -2.12132
    endloop
  endfacet
  facet normal -0.585004 -0.0976025 -0.805136
    outer loop
      vertex -15.5491 1.8 -2.51283
      vertex -16.1213 2 -2.12132
      vertex -15.362 2 -2.67302
    endloop
  endfacet
  facet normal -0.256215 -0.532869 0.806476
    outer loop
      vertex -12.2644 -0.794311 2.36844
      vertex -8 -1.4006 3.32263
      vertex -12.0703 -0.477037 2.63974
    endloop
  endfacet
  facet normal -0.256215 -0.532857 0.806484
    outer loop
      vertex -8 -1.4006 3.32263
      vertex -12.2644 -0.794311 2.36844
      vertex -8 -2.29401 2.73234
    endloop
  endfacet
  facet normal -0.837539 0.453209 -0.305171
    outer loop
      vertex -16.8025 2.9621 -0.469303
      vertex -16.3383 3.81995 -0.469303
      vertex -16.5282 2.86793 -1.36197
    endloop
  endfacet
  facet normal 0.723919 0.368843 0.583006
    outer loop
      vertex -2.75 1.05599 2.01798
      vertex -2.61041 1.10134 1.81596
      vertex -2.75 1.37531 1.81596
    endloop
  endfacet
  facet normal -0.0825687 0.996585 0
    outer loop
      vertex -13.7553 4.95294 -0.469303
      vertex -14.7274 4.8724 0.469303
      vertex -13.7553 4.95294 0.469303
    endloop
  endfacet
  facet normal -0.0825687 0.996585 0
    outer loop
      vertex -14.7274 4.8724 0.469303
      vertex -13.7553 4.95294 -0.469303
      vertex -14.7274 4.8724 -0.469303
    endloop
  endfacet
  facet normal -0.242409 -0.475602 0.845601
    outer loop
      vertex -11.9191 -0.0334481 2.98068
      vertex -8 -1.18624 3.45579
      vertex -11.9098 -0.000211019 3.00204
    endloop
  endfacet
  facet normal -0.242461 -0.475842 0.845451
    outer loop
      vertex -8 -1.18624 3.45579
      vertex -11.9191 -0.0334481 2.98068
      vertex -8 -1.27227 3.40737
    endloop
  endfacet
  facet normal -0.347009 -0.886248 -0.306836
    outer loop
      vertex -12.4807 -1.51759 -1.14656
      vertex -8 -3.45794 -0.6095
      vertex -12.6384 -1.67525 -0.512837
    endloop
  endfacet
  facet normal -0.347014 -0.886254 -0.306816
    outer loop
      vertex -8 -3.45794 -0.6095
      vertex -12.4807 -1.51759 -1.14656
      vertex -8 -3.42561 -0.702887
    endloop
  endfacet
  facet normal -0.308592 0.0514982 0.949799
    outer loop
      vertex -15.362 2 2.67302
      vertex -14.4693 2 2.96306
      vertex -15.2882 2.44223 2.67302
    endloop
  endfacet
  facet normal 0.802453 -0.127095 0.583023
    outer loop
      vertex -2.75 0 2.24818
      vertex -2.70293 -0.266955 2.1252
      vertex -2.43597 0 1.81596
    endloop
  endfacet
  facet normal 0.940449 0.14895 0.305565
    outer loop
      vertex -2.43597 0 1.81596
      vertex -2.04925 0 0.625737
      vertex -2.24261 1.22085 0.625737
    endloop
  endfacet
  facet normal -0.0671207 0.810049 -0.582508
    outer loop
      vertex -14.6562 4.59123 -1.36197
      vertex -13.7793 4.66389 -1.36197
      vertex -13.8248 4.11407 -2.12132
    endloop
  endfacet
  facet normal -0.986352 0.164648 -4.16596e-18
    outer loop
      vertex -16.9631 2 -0.469303
      vertex -16.8025 2.9621 0.469303
      vertex -16.8025 2.9621 -0.469303
    endloop
  endfacet
  facet normal -0.986352 0.164648 -4.16596e-18
    outer loop
      vertex -16.8025 2.9621 0.469303
      vertex -16.9631 2 -0.469303
      vertex -16.9631 2 0.469303
    endloop
  endfacet
  facet normal -0.0311772 0.375909 0.926132
    outer loop
      vertex -13.8875 3.35732 2.67302
      vertex -13.5307 3.17523 2.75894
      vertex -13.5087 3.28329 2.71582
    endloop
  endfacet
  facet normal -0.03115 0.375954 0.926115
    outer loop
      vertex -13.5307 3.17523 2.75894
      vertex -13.8875 3.35732 2.67302
      vertex -14.3343 3.3203 2.67302
    endloop
  endfacet
  facet normal -0.0311679 0.375882 0.926143
    outer loop
      vertex -10.8864 2.69794 3.04163
      vertex -8 2.2068 3.3381
      vertex -10.8666 2.76697 3.01428
    endloop
  endfacet
  facet normal -0.0311723 0.375861 0.926152
    outer loop
      vertex -8 2.2068 3.3381
      vertex -10.8864 2.69794 3.04163
      vertex -8 2.17696 3.35021
    endloop
  endfacet
  facet normal -0.801868 -0.133928 0.582298
    outer loop
      vertex -16.673 2 1.36197
      vertex -16.4553 1.50748 1.54848
      vertex -16.4058 1.72385 1.66641
    endloop
  endfacet
  facet normal -0.801745 -0.133799 0.582497
    outer loop
      vertex -16.4553 1.50748 1.54848
      vertex -16.673 2 1.36197
      vertex -16.5337 1.16529 1.36197
    endloop
  endfacet
  facet normal -0.0983449 0.106788 0.989406
    outer loop
      vertex -14.2567 2.39288 2.96306
      vertex -13.6782 2.13412 3.04849
      vertex -13.672 2.25305 3.03627
    endloop
  endfacet
  facet normal -0.0983485 0.10678 0.989407
    outer loop
      vertex -13.6782 2.13412 3.04849
      vertex -14.2567 2.39288 2.96306
      vertex -14.3703 2.28825 2.96306
    endloop
  endfacet
  facet normal -0.0983494 0.106725 0.989413
    outer loop
      vertex -11.1887 1.65916 3.34718
      vertex -8 0.869693 3.7493
      vertex -8 0.896578 3.7464
    endloop
  endfacet
  facet normal -0.0983348 0.106782 0.989408
    outer loop
      vertex -8 0.869693 3.7493
      vertex -11.1887 1.65916 3.34718
      vertex -11.2263 1.58812 3.35111
    endloop
  endfacet
  facet normal -0.170866 -0.185581 0.967659
    outer loop
      vertex -11.5655 0.886179 3.3
      vertex -8 -0.0538527 3.7493
      vertex -11.5476 0.929401 3.31145
    endloop
  endfacet
  facet normal -0.17084 -0.185472 0.967685
    outer loop
      vertex -8 -0.0538527 3.7493
      vertex -11.5655 0.886179 3.3
      vertex -8 -0.0689832 3.7464
    endloop
  endfacet
  facet normal -0.346645 -0.885788 0.308572
    outer loop
      vertex -12.4545 -1.49132 1.25148
      vertex -8 -3.05672 1.76196
      vertex -12.4728 -1.39996 1.49318
    endloop
  endfacet
  facet normal -0.346685 -0.885843 0.30837
    outer loop
      vertex -8 -3.42561 0.702887
      vertex -12.4545 -1.49132 1.25148
      vertex -12.4807 -1.51759 1.14656
    endloop
  endfacet
  facet normal -0.346646 -0.8858 0.308537
    outer loop
      vertex -12.4545 -1.49132 1.25148
      vertex -8 -3.42561 0.702887
      vertex -8 -3.05672 1.76196
    endloop
  endfacet
  facet normal -0.836997 -0.454259 0.305099
    outer loop
      vertex -16.8025 1.03789 0.469303
      vertex -16.5236 1.10906 1.34039
      vertex -16.533 1.13043 1.34642
    endloop
  endfacet
  facet normal -0.837506 -0.453263 0.305181
    outer loop
      vertex -16.8025 1.03789 0.469303
      vertex -16.4451 0.715649 0.971512
      vertex -16.5236 1.10906 1.34039
    endloop
  endfacet
  facet normal -0.837508 -0.453256 0.305187
    outer loop
      vertex -16.4451 0.715649 0.971512
      vertex -16.8025 1.03789 0.469303
      vertex -16.4786 0.439401 0.469303
    endloop
  endfacet
  facet normal -0.27512 -0.149057 0.949785
    outer loop
      vertex -14.5826 1.8 2.91541
      vertex -14.4181 1.8 2.96306
      vertex -14.4439 1.84762 2.96306
    endloop
  endfacet
  facet normal -0.130387 -0.0216892 0.991226
    outer loop
      vertex -14.4693 2 2.96306
      vertex -14.2608 1.8 2.98611
      vertex -13.7513 1.8 3.05313
    endloop
  endfacet
  facet normal -0.130437 -0.0217423 0.991218
    outer loop
      vertex -14.2608 1.8 2.98611
      vertex -14.4693 2 2.96306
      vertex -14.4439 1.84762 2.96306
    endloop
  endfacet
  facet normal -0.130402 -0.0217938 0.991222
    outer loop
      vertex -11.4811 1.07719 3.3359
      vertex -8 0.19797 3.77453
      vertex -11.4429 1.15699 3.34268
    endloop
  endfacet
  facet normal -0.130384 -0.021724 0.991225
    outer loop
      vertex -8 0.19797 3.77453
      vertex -11.4811 1.07719 3.3359
      vertex -8 0.171962 3.77396
    endloop
  endfacet
  facet normal 0.0234654 0.587671 0.80876
    outer loop
      vertex -13.8248 4.11407 2.12132
      vertex -13.4909 3.33072 2.68084
      vertex -13.233 4.01684 2.1748
    endloop
  endfacet
  facet normal 0.0234684 0.587672 0.808759
    outer loop
      vertex -13.4909 3.33072 2.68084
      vertex -13.8248 4.11407 2.12132
      vertex -13.8875 3.35732 2.67302
    endloop
  endfacet
  facet normal 0.0234718 0.587671 0.80876
    outer loop
      vertex -10.5447 3.57514 2.41773
      vertex -8 2.96253 2.78902
      vertex -8 3.15703 2.64769
    endloop
  endfacet
  facet normal 0.0234687 0.587662 0.808766
    outer loop
      vertex -8 2.96253 2.78902
      vertex -10.5447 3.57514 2.41773
      vertex -10.7162 3.14466 2.7355
    endloop
  endfacet
  facet normal -0.275141 0.148906 0.949802
    outer loop
      vertex -15.2882 2.44223 2.67302
      vertex -14.3703 2.28825 2.96306
      vertex -15.0748 2.83654 2.67302
    endloop
  endfacet
  facet normal -0.16604 -0.166261 0.972002
    outer loop
      vertex -11.5476 0.929401 3.31145
      vertex -8 0.0272055 3.76314
      vertex -11.534 0.961712 3.3193
    endloop
  endfacet
  facet normal -0.165974 -0.165971 0.972063
    outer loop
      vertex -8 0.0272055 3.76314
      vertex -11.5476 0.929401 3.31145
      vertex -8 -0.0538527 3.7493
    endloop
  endfacet
  facet normal -0.130106 -4.38081e-14 -0.9915
    outer loop
      vertex -13.7513 1.8 -3.05313
      vertex -13.685 1.80001 -3.06183
      vertex -13.685 1.8 -3.06183
    endloop
  endfacet
  facet normal -0.130076 -0.0205443 -0.991291
    outer loop
      vertex -13.685 1.80001 -3.06183
      vertex -13.7513 1.8 -3.05313
      vertex -14.4693 2 -2.96306
    endloop
  endfacet
  facet normal -0.130081 -0.0206128 -0.991289
    outer loop
      vertex -11.4429 1.15699 -3.34268
      vertex -8 0.350418 -3.7777
      vertex -8 0.19797 -3.77453
    endloop
  endfacet
  facet normal -0.130069 -0.0205597 -0.991292
    outer loop
      vertex -8 0.350418 -3.7777
      vertex -11.4429 1.15699 -3.34268
      vertex -11.4124 1.22054 -3.348
    endloop
  endfacet
  facet normal -0.801757 -0.133669 0.58251
    outer loop
      vertex -16.673 2 1.36197
      vertex -16.406 1.8 1.68357
      vertex -16.1213 2 2.12132
    endloop
  endfacet
  facet normal -0.801709 -0.1334 0.582638
    outer loop
      vertex -16.4058 1.72385 1.66641
      vertex -16.406 1.8 1.68357
      vertex -16.673 2 1.36197
    endloop
  endfacet
  facet normal -0.797759 -0.134547 0.587774
    outer loop
      vertex -16.406 1.8 1.68357
      vertex -16.4058 1.72385 1.66641
      vertex -16.4016 1.74189 1.67624
    endloop
  endfacet
  facet normal -0.801685 -0.133881 0.582561
    outer loop
      vertex -16.1213 2 2.12132
      vertex -16.406 1.8 1.68357
      vertex -16.0879 1.8 2.12132
    endloop
  endfacet
  facet normal -0.939277 -0.156789 0.305247
    outer loop
      vertex -16.9631 2 0.469303
      vertex -16.8025 1.03789 0.469303
      vertex -16.673 2 1.36197
    endloop
  endfacet
  facet normal -0.23822 0.543105 0.805163
    outer loop
      vertex -15.1603 3.7759 2.12132
      vertex -14.7449 3.1402 2.67302
      vertex -14.3343 3.3203 2.67302
    endloop
  endfacet
  facet normal -0.125675 0.28652 0.949796
    outer loop
      vertex -14.7449 3.1402 2.67302
      vertex -14.1152 2.45494 2.96306
      vertex -14.3343 3.3203 2.67302
    endloop
  endfacet
  facet normal -0.0796283 0.181438 0.980173
    outer loop
      vertex -14.1152 2.45494 2.96306
      vertex -13.6712 2.26235 3.03478
      vertex -13.6634 2.34886 3.0194
    endloop
  endfacet
  facet normal -0.0796016 0.181496 0.980165
    outer loop
      vertex -13.6712 2.26235 3.03478
      vertex -14.1152 2.45494 2.96306
      vertex -14.2567 2.39288 2.96306
    endloop
  endfacet
  facet normal -0.0795111 0.181825 0.980111
    outer loop
      vertex -11.1351 1.7553 3.33462
      vertex -8 0.997914 3.72946
      vertex -8 1.01926 3.7255
    endloop
  endfacet
  facet normal -0.079593 0.181513 0.980162
    outer loop
      vertex -8 0.997914 3.72946
      vertex -11.1351 1.7553 3.33462
      vertex -11.1642 1.70339 3.34187
    endloop
  endfacet
  facet normal -0.0836779 0.164657 0.982795
    outer loop
      vertex -14.2567 2.39288 2.96306
      vertex -13.672 2.25305 3.03627
      vertex -13.6712 2.26235 3.03478
    endloop
  endfacet
  facet normal -0.0837598 0.164299 0.982848
    outer loop
      vertex -11.1642 1.70339 3.34187
      vertex -8 0.896578 3.7464
      vertex -8 0.997914 3.72946
    endloop
  endfacet
  facet normal -0.0837382 0.164378 0.982837
    outer loop
      vertex -8 0.896578 3.7464
      vertex -11.1642 1.70339 3.34187
      vertex -11.1887 1.65916 3.34718
    endloop
  endfacet
  facet normal -0.21188 0.230189 -0.9498
    outer loop
      vertex -15.0748 2.83654 -2.67302
      vertex -14.7449 3.1402 -2.67302
      vertex -14.3703 2.28825 -2.96306
    endloop
  endfacet
  facet normal -0.256215 -0.532857 -0.806484
    outer loop
      vertex -12.2644 -0.794311 -2.36844
      vertex -8 -1.4006 -3.32263
      vertex -8 -2.29401 -2.73234
    endloop
  endfacet
  facet normal -0.256215 -0.532869 -0.806476
    outer loop
      vertex -8 -1.4006 -3.32263
      vertex -12.2644 -0.794311 -2.36844
      vertex -12.0703 -0.477037 -2.63974
    endloop
  endfacet
  facet normal -0.0311772 0.375909 -0.926132
    outer loop
      vertex -13.5307 3.17523 -2.75894
      vertex -13.8875 3.35732 -2.67302
      vertex -13.5087 3.28329 -2.71582
    endloop
  endfacet
  facet normal -0.03115 0.375954 -0.926115
    outer loop
      vertex -13.8875 3.35732 -2.67302
      vertex -13.5307 3.17523 -2.75894
      vertex -14.3343 3.3203 -2.67302
    endloop
  endfacet
  facet normal -0.0311723 0.375861 -0.926152
    outer loop
      vertex -10.8864 2.69794 -3.04163
      vertex -8 2.2068 -3.3381
      vertex -8 2.17696 -3.35021
    endloop
  endfacet
  facet normal -0.0311679 0.375882 -0.926143
    outer loop
      vertex -8 2.2068 -3.3381
      vertex -10.8864 2.69794 -3.04163
      vertex -10.8666 2.76697 -3.01428
    endloop
  endfacet
  facet normal -0.0786375 0.949039 -0.305189
    outer loop
      vertex -14.6562 4.59123 -1.36197
      vertex -13.7553 4.95294 -0.469303
      vertex -13.7793 4.66389 -1.36197
    endloop
  endfacet
  facet normal 0.115885 0.944655 -0.306917
    outer loop
      vertex -13.7553 4.95294 -0.469303
      vertex -12.7775 4.82658 -0.489028
      vertex -12.8006 4.78196 -0.635085
    endloop
  endfacet
  facet normal 0.115878 0.944654 -0.306921
    outer loop
      vertex -8 4.20921 -0.585395
      vertex -10.1471 4.30674 -1.09585
      vertex -10.1762 4.49042 -0.541499
    endloop
  endfacet
  facet normal 0.115882 0.944648 -0.306938
    outer loop
      vertex -10.1471 4.30674 -1.09585
      vertex -8 4.20921 -0.585395
      vertex -8 3.92221 -1.46868
    endloop
  endfacet
  facet normal 0.0791831 0.805178 -0.587723
    outer loop
      vertex -12.9594 4.38193 -1.63779
      vertex -13.7793 4.66389 -1.36197
      vertex -12.9408 4.46605 -1.52004
    endloop
  endfacet
  facet normal 0.0791748 0.805168 -0.587738
    outer loop
      vertex -13.233 4.01684 -2.1748
      vertex -13.7793 4.66389 -1.36197
      vertex -12.9594 4.38193 -1.63779
    endloop
  endfacet
  facet normal 0.0791723 0.805168 -0.587739
    outer loop
      vertex -13.7793 4.66389 -1.36197
      vertex -13.233 4.01684 -2.1748
      vertex -13.8248 4.11407 -2.12132
    endloop
  endfacet
  facet normal 0.0791742 0.80516 -0.587749
    outer loop
      vertex -8 3.15703 -2.64769
      vertex -10.3659 3.85852 -2.00542
      vertex -8 3.30031 -2.45141
    endloop
  endfacet
  facet normal 0.0791825 0.805172 -0.587731
    outer loop
      vertex -10.3659 3.85852 -2.00542
      vertex -8 3.15703 -2.64769
      vertex -10.5447 3.57514 -2.41773
    endloop
  endfacet
  facet normal -0.0786375 0.949039 0.305189
    outer loop
      vertex -14.6562 4.59123 1.36197
      vertex -13.7793 4.66389 1.36197
      vertex -13.7553 4.95294 0.469303
    endloop
  endfacet
  facet normal 0.0798023 0.806397 0.585965
    outer loop
      vertex -13.7793 4.66389 1.36197
      vertex -12.9408 4.46605 1.52004
      vertex -12.9236 4.54292 1.41191
    endloop
  endfacet
  facet normal 0.0798152 0.806422 0.585929
    outer loop
      vertex -8 3.30031 2.45141
      vertex -10.2762 4 1.79848
      vertex -10.3659 3.85852 2.00542
    endloop
  endfacet
  facet normal 0.0798259 0.806437 0.585907
    outer loop
      vertex -8 3.84679 1.69924
      vertex -10.2762 4 1.79848
      vertex -8 3.30031 2.45141
    endloop
  endfacet
  facet normal 0.0798258 0.806431 0.585915
    outer loop
      vertex -10.2762 4 1.79848
      vertex -8 3.84679 1.69924
      vertex -10.2274 4.16171 1.56926
    endloop
  endfacet
  facet normal 0.128163 0.991753 1.05894e-05
    outer loop
      vertex -12.7 4.81657 0
      vertex -13.7553 4.95294 0.469303
      vertex -12.7775 4.82658 0.489028
    endloop
  endfacet
  facet normal 0.128158 0.991754 6.2685e-18
    outer loop
      vertex -12.7 4.81657 0
      vertex -13.7553 4.95294 -0.469303
      vertex -13.7553 4.95294 0.469303
    endloop
  endfacet
  facet normal 0.128163 0.991753 -1.05894e-05
    outer loop
      vertex -13.7553 4.95294 -0.469303
      vertex -12.7 4.81657 0
      vertex -12.7775 4.82658 -0.489028
    endloop
  endfacet
  facet normal 0.128155 0.991754 -3.70531e-18
    outer loop
      vertex -8 4.20921 0.585395
      vertex -10.1762 4.49042 -0.541499
      vertex -10.1762 4.49042 0.541499
    endloop
  endfacet
  facet normal 0.128155 0.991754 -3.42747e-18
    outer loop
      vertex -10.1762 4.49042 -0.541499
      vertex -8 4.20921 0.585395
      vertex -8 4.20921 -0.585395
    endloop
  endfacet
  facet normal -0.382552 0.872072 0.305196
    outer loop
      vertex -15.6206 4.48058 0.469303
      vertex -14.6562 4.59123 1.36197
      vertex -14.7274 4.8724 0.469303
    endloop
  endfacet
  facet normal -0.939317 0.15671 -0.305166
    outer loop
      vertex -16.8025 2.9621 -0.469303
      vertex -16.5282 2.86793 -1.36197
      vertex -16.673 2 -1.36197
    endloop
  endfacet
  facet normal -0.939277 0.15679 -0.305247
    outer loop
      vertex -16.9631 2 -0.469303
      vertex -16.8025 2.9621 -0.469303
      vertex -16.673 2 -1.36197
    endloop
  endfacet
  facet normal -0.293609 -0.669241 -0.682576
    outer loop
      vertex -12.2801 -0.828111 -2.32852
      vertex -8 -2.29401 -2.73234
      vertex -8 -2.3022 -2.72431
    endloop
  endfacet
  facet normal -0.293664 -0.669469 -0.682329
    outer loop
      vertex -8 -2.29401 -2.73234
      vertex -12.2801 -0.828111 -2.32852
      vertex -12.2644 -0.794311 -2.36844
    endloop
  endfacet
  facet normal -0.401689 0.43629 -0.805169
    outer loop
      vertex -15.674 3.30294 -2.12132
      vertex -15.1603 3.7759 -2.12132
      vertex -14.7449 3.1402 -2.67302
    endloop
  endfacet
  facet normal -0.119916 0.0199887 0.992583
    outer loop
      vertex -14.4693 2 2.96306
      vertex -13.6834 1.96258 3.05876
      vertex -14.4439 2.15238 2.96306
    endloop
  endfacet
  facet normal -0.119914 0.0200447 0.992582
    outer loop
      vertex -13.6834 1.96258 3.05876
      vertex -14.4693 2 2.96306
      vertex -13.6848 1.82001 3.06147
    endloop
  endfacet
  facet normal -0.119925 0.0199548 0.992582
    outer loop
      vertex -11.3777 1.29068 3.35085
      vertex -8 0.544017 3.77396
      vertex -11.3352 1.37648 3.35426
    endloop
  endfacet
  facet normal -0.11992 0.0199785 0.992582
    outer loop
      vertex -8 0.544017 3.77396
      vertex -11.3777 1.29068 3.35085
      vertex -8 0.515698 3.77453
    endloop
  endfacet
  facet normal 0.802462 0.127098 0.58301
    outer loop
      vertex -2.75 0.314027 2.17973
      vertex -2.61041 1.10134 1.81596
      vertex -2.75 1.05599 2.01798
    endloop
  endfacet
  facet normal 0.802459 0.127101 0.583014
    outer loop
      vertex -2.61041 1.10134 1.81596
      vertex -2.75 0.314027 2.17973
      vertex -2.43597 0 1.81596
    endloop
  endfacet
  facet normal 0.723919 0.368843 -0.583006
    outer loop
      vertex -2.75 1.05599 -2.01798
      vertex -2.75 1.37531 -1.81596
      vertex -2.61041 1.10134 -1.81596
    endloop
  endfacet
  facet normal -0.130106 0 0.9915
    outer loop
      vertex -13.685 1.80001 3.06183
      vertex -13.7513 1.8 3.05313
      vertex -13.685 1.8 3.06183
    endloop
  endfacet
  facet normal -0.130076 -0.0205443 0.991291
    outer loop
      vertex -13.7513 1.8 3.05313
      vertex -13.685 1.80001 3.06183
      vertex -14.4693 2 2.96306
    endloop
  endfacet
  facet normal -0.130069 -0.0205597 0.991292
    outer loop
      vertex -11.4429 1.15699 3.34268
      vertex -8 0.350418 3.7777
      vertex -11.4124 1.22054 3.348
    endloop
  endfacet
  facet normal -0.130081 -0.0206128 0.991289
    outer loop
      vertex -8 0.350418 3.7777
      vertex -11.4429 1.15699 3.34268
      vertex -8 0.19797 3.77453
    endloop
  endfacet
  facet normal -0.308619 0.0514433 0.949794
    outer loop
      vertex -15.2882 2.44223 2.67302
      vertex -14.4693 2 2.96306
      vertex -14.4439 2.15238 2.96306
    endloop
  endfacet
  facet normal -0.293664 -0.669469 0.682329
    outer loop
      vertex -12.2801 -0.828111 2.32852
      vertex -8 -2.29401 2.73234
      vertex -12.2644 -0.794311 2.36844
    endloop
  endfacet
  facet normal -0.293609 -0.669241 0.682576
    outer loop
      vertex -8 -2.29401 2.73234
      vertex -12.2801 -0.828111 2.32852
      vertex -8 -2.3022 2.72431
    endloop
  endfacet
  facet normal -0.801749 0.133743 0.582505
    outer loop
      vertex -16.673 2 1.36197
      vertex -16.1213 2 2.12132
      vertex -16.0064 2.68879 2.12132
    endloop
  endfacet
  facet normal -0.585004 -0.0976025 0.805136
    outer loop
      vertex -16.1213 2 2.12132
      vertex -15.5491 1.8 2.51283
      vertex -15.362 2 2.67302
    endloop
  endfacet
  facet normal -0.585021 -0.0976985 0.805112
    outer loop
      vertex -15.5491 1.8 2.51283
      vertex -16.1213 2 2.12132
      vertex -16.0879 1.8 2.12132
    endloop
  endfacet
  facet normal -0.256197 -0.532676 0.80661
    outer loop
      vertex -11.9987 -0.360176 2.73963
      vertex -8 -1.27227 3.40737
      vertex -11.9191 -0.0334481 2.98068
    endloop
  endfacet
  facet normal -0.256194 -0.532643 0.806633
    outer loop
      vertex -8 -1.27227 3.40737
      vertex -11.9987 -0.360176 2.73963
      vertex -8 -1.4006 3.32263
    endloop
  endfacet
  facet normal -0.256182 -0.532572 0.806683
    outer loop
      vertex -8 -1.4006 3.32263
      vertex -11.9987 -0.360176 2.73963
      vertex -12.0703 -0.477037 2.63974
    endloop
  endfacet
  facet normal -0.308591 -0.0515682 0.949796
    outer loop
      vertex -15.362 2 2.67302
      vertex -14.8396 1.8 2.83189
      vertex -14.4693 2 2.96306
    endloop
  endfacet
  facet normal -0.308579 -0.0515327 0.949802
    outer loop
      vertex -14.8396 1.8 2.83189
      vertex -15.362 2 2.67302
      vertex -15.3286 1.8 2.67302
    endloop
  endfacet
  facet normal -0.939317 0.15671 0.305166
    outer loop
      vertex -16.8025 2.9621 0.469303
      vertex -16.673 2 1.36197
      vertex -16.5282 2.86793 1.36197
    endloop
  endfacet
  facet normal -0.125667 0.286528 0.949795
    outer loop
      vertex -14.7449 3.1402 2.67302
      vertex -14.2567 2.39288 2.96306
      vertex -14.1152 2.45494 2.96306
    endloop
  endfacet
  facet normal -0.521578 0.282297 -0.805149
    outer loop
      vertex -16.0064 2.68879 -2.12132
      vertex -15.674 3.30294 -2.12132
      vertex -15.2882 2.44223 -2.67302
    endloop
  endfacet
  facet normal -0.144619 -0.0783531 -0.98638
    outer loop
      vertex -14.4439 1.84762 -2.96306
      vertex -14.2733 1.8 -2.98429
      vertex -14.4181 1.8 -2.96306
    endloop
  endfacet
  facet normal -0.144596 -0.0783346 -0.986385
    outer loop
      vertex -11.534 0.961712 -3.3193
      vertex -8 0.0491155 -3.76488
      vertex -8 0.0272055 -3.76314
    endloop
  endfacet
  facet normal -0.144539 -0.0781004 -0.986412
    outer loop
      vertex -8 0.0491155 -3.76488
      vertex -11.534 0.961712 -3.3193
      vertex -11.5041 1.02712 -3.32886
    endloop
  endfacet
  facet normal -0.0489647 0.591041 -0.805154
    outer loop
      vertex -14.5208 4.05641 -2.12132
      vertex -13.8248 4.11407 -2.12132
      vertex -14.3343 3.3203 -2.67302
    endloop
  endfacet
  facet normal -0.0489715 0.591044 -0.805151
    outer loop
      vertex -14.3343 3.3203 -2.67302
      vertex -13.8248 4.11407 -2.12132
      vertex -13.8875 3.35732 -2.67302
    endloop
  endfacet
  facet normal 0.115445 0.944098 0.308791
    outer loop
      vertex -12.8006 4.78196 0.635085
      vertex -13.7793 4.66389 1.36197
      vertex -12.9236 4.54292 1.41191
    endloop
  endfacet
  facet normal 0.115457 0.944092 0.308806
    outer loop
      vertex -13.7793 4.66389 1.36197
      vertex -12.8006 4.78196 0.635085
      vertex -13.7553 4.95294 0.469303
    endloop
  endfacet
  facet normal 0.115454 0.944085 0.308826
    outer loop
      vertex -10.1389 4.25483 1.25148
      vertex -8 3.84679 1.69924
      vertex -8 3.92221 1.46868
    endloop
  endfacet
  facet normal 0.11546 0.944091 0.308805
    outer loop
      vertex -8 3.84679 1.69924
      vertex -10.1389 4.25483 1.25148
      vertex -10.2274 4.16171 1.56926
    endloop
  endfacet
  facet normal 0.115456 0.944089 0.308815
    outer loop
      vertex -10.1389 4.25483 1.25148
      vertex -8 3.92221 1.46868
      vertex -10.1471 4.30674 1.09585
    endloop
  endfacet
  facet normal 0.115885 0.944655 0.306917
    outer loop
      vertex -13.7553 4.95294 0.469303
      vertex -12.8006 4.78196 0.635085
      vertex -12.7775 4.82658 0.489028
    endloop
  endfacet
  facet normal 0.115882 0.944648 0.306938
    outer loop
      vertex -8 4.20921 0.585395
      vertex -10.1471 4.30674 1.09585
      vertex -8 3.92221 1.46868
    endloop
  endfacet
  facet normal 0.115878 0.944654 0.306921
    outer loop
      vertex -10.1471 4.30674 1.09585
      vertex -8 4.20921 0.585395
      vertex -10.1762 4.49042 0.541499
    endloop
  endfacet
  facet normal 0.0791748 0.805168 0.587738
    outer loop
      vertex -13.7793 4.66389 1.36197
      vertex -13.233 4.01684 2.1748
      vertex -12.9594 4.38193 1.63779
    endloop
  endfacet
  facet normal 0.0791831 0.805178 0.587723
    outer loop
      vertex -13.7793 4.66389 1.36197
      vertex -12.9594 4.38193 1.63779
      vertex -12.9408 4.46605 1.52004
    endloop
  endfacet
  facet normal 0.0791723 0.805168 0.587739
    outer loop
      vertex -13.233 4.01684 2.1748
      vertex -13.7793 4.66389 1.36197
      vertex -13.8248 4.11407 2.12132
    endloop
  endfacet
  facet normal 0.0791742 0.80516 0.587749
    outer loop
      vertex -10.3659 3.85852 2.00542
      vertex -8 3.15703 2.64769
      vertex -8 3.30031 2.45141
    endloop
  endfacet
  facet normal 0.0791825 0.805172 0.587731
    outer loop
      vertex -8 3.15703 2.64769
      vertex -10.3659 3.85852 2.00542
      vertex -10.5447 3.57514 2.41773
    endloop
  endfacet
  facet normal 0.0234677 0.587663 0.808765
    outer loop
      vertex -13.8875 3.35732 2.67302
      vertex -13.5087 3.28329 2.71582
      vertex -13.4909 3.33072 2.68084
    endloop
  endfacet
  facet normal 0.0234661 0.58763 0.808789
    outer loop
      vertex -10.7162 3.14466 2.7355
      vertex -8 2.2068 3.3381
      vertex -8 2.96253 2.78902
    endloop
  endfacet
  facet normal 0.0235308 0.587757 0.808695
    outer loop
      vertex -10.7307 3.10816 2.76245
      vertex -8 2.2068 3.3381
      vertex -10.7162 3.14466 2.7355
    endloop
  endfacet
  facet normal 0.0234644 0.587621 0.808796
    outer loop
      vertex -8 2.2068 3.3381
      vertex -10.7307 3.10816 2.76245
      vertex -10.8666 2.76697 3.01428
    endloop
  endfacet
  facet normal -0.401718 0.915763 0
    outer loop
      vertex -14.7274 4.8724 -0.469303
      vertex -15.6206 4.48058 0.469303
      vertex -14.7274 4.8724 0.469303
    endloop
  endfacet
  facet normal -0.401718 0.915763 0
    outer loop
      vertex -15.6206 4.48058 0.469303
      vertex -14.7274 4.8724 -0.469303
      vertex -15.6206 4.48058 -0.469303
    endloop
  endfacet
  facet normal -0.644935 0.700649 0.305205
    outer loop
      vertex -16.3383 3.81995 0.469303
      vertex -16.1094 3.6418 1.36197
      vertex -15.6206 4.48058 0.469303
    endloop
  endfacet
  facet normal -0.0786292 0.949038 0.305197
    outer loop
      vertex -14.7274 4.8724 0.469303
      vertex -14.6562 4.59123 1.36197
      vertex -13.7553 4.95294 0.469303
    endloop
  endfacet
  facet normal -0.714848 0.386901 0.582494
    outer loop
      vertex -16.5282 2.86793 1.36197
      vertex -16.0064 2.68879 2.12132
      vertex -15.674 3.30294 2.12132
    endloop
  endfacet
  facet normal -0.837539 0.453209 0.305171
    outer loop
      vertex -16.8025 2.9621 0.469303
      vertex -16.5282 2.86793 1.36197
      vertex -16.3383 3.81995 0.469303
    endloop
  endfacet
  facet normal -0.326512 0.744374 -0.582493
    outer loop
      vertex -15.1603 3.7759 -2.12132
      vertex -14.6562 4.59123 -1.36197
      vertex -14.5208 4.05641 -2.12132
    endloop
  endfacet
  facet normal -0.677249 0.735754 0
    outer loop
      vertex -15.6206 4.48058 -0.469303
      vertex -16.3383 3.81995 0.469303
      vertex -15.6206 4.48058 0.469303
    endloop
  endfacet
  facet normal -0.677249 0.735754 0
    outer loop
      vertex -16.3383 3.81995 0.469303
      vertex -15.6206 4.48058 -0.469303
      vertex -16.3383 3.81995 -0.469303
    endloop
  endfacet
  facet normal -0.801685 -0.133881 -0.582561
    outer loop
      vertex -16.406 1.8 -1.68357
      vertex -16.1213 2 -2.12132
      vertex -16.0879 1.8 -2.12132
    endloop
  endfacet
  facet normal -0.801757 -0.133669 -0.58251
    outer loop
      vertex -16.1213 2 -2.12132
      vertex -16.406 1.8 -1.68357
      vertex -16.673 2 -1.36197
    endloop
  endfacet
  facet normal -0.797759 -0.134547 -0.587774
    outer loop
      vertex -16.4058 1.72385 -1.66641
      vertex -16.406 1.8 -1.68357
      vertex -16.4016 1.74189 -1.67624
    endloop
  endfacet
  facet normal -0.801709 -0.1334 -0.582638
    outer loop
      vertex -16.406 1.8 -1.68357
      vertex -16.4058 1.72385 -1.66641
      vertex -16.673 2 -1.36197
    endloop
  endfacet
  facet normal -0.879493 0.475912 1.32355e-17
    outer loop
      vertex -16.8025 2.9621 -0.469303
      vertex -16.3383 3.81995 0.469303
      vertex -16.3383 3.81995 -0.469303
    endloop
  endfacet
  facet normal -0.879493 0.475912 1.32355e-17
    outer loop
      vertex -16.3383 3.81995 0.469303
      vertex -16.8025 2.9621 -0.469303
      vertex -16.8025 2.9621 0.469303
    endloop
  endfacet
  facet normal -0.837509 0.45324 -0.305209
    outer loop
      vertex -16.5282 2.86793 -1.36197
      vertex -16.3383 3.81995 -0.469303
      vertex -16.1094 3.6418 -1.36197
    endloop
  endfacet
  facet normal -0.358749 -0.933434 0
    outer loop
      vertex -12.6384 -1.67525 -0.512837
      vertex -8 -3.45794 0.6095
      vertex -12.6384 -1.67525 0.512837
    endloop
  endfacet
  facet normal -0.358749 -0.933434 -0
    outer loop
      vertex -8 -3.45794 0.6095
      vertex -12.6384 -1.67525 -0.512837
      vertex -8 -3.45794 -0.6095
    endloop
  endfacet
  facet normal 0.940449 -0.14895 -0.305565
    outer loop
      vertex -2.43597 0 -1.81596
      vertex -2.04925 0 -0.625737
      vertex -2.24261 -1.22085 -0.625737
    endloop
  endfacet
  facet normal 0.891007 0.453991 7.86383e-18
    outer loop
      vertex -2.24261 1.22085 0.625737
      vertex -2.72162 2.16096 -0.625737
      vertex -2.72162 2.16096 0.625737
    endloop
  endfacet
  facet normal 0.891007 0.453991 7.86383e-18
    outer loop
      vertex -2.72162 2.16096 -0.625737
      vertex -2.24261 1.22085 0.625737
      vertex -2.24261 1.22085 -0.625737
    endloop
  endfacet
  facet normal 0.940449 0.14895 -0.305565
    outer loop
      vertex -2.43597 0 -1.81596
      vertex -2.24261 1.22085 -0.625737
      vertex -2.04925 0 -0.625737
    endloop
  endfacet
  facet normal 0.802462 0.127098 -0.58301
    outer loop
      vertex -2.61041 1.10134 -1.81596
      vertex -2.75 0.314027 -2.17973
      vertex -2.75 1.05599 -2.01798
    endloop
  endfacet
  facet normal 0.802459 0.127101 -0.583014
    outer loop
      vertex -2.75 0.314027 -2.17973
      vertex -2.61041 1.10134 -1.81596
      vertex -2.43597 0 -1.81596
    endloop
  endfacet
  facet normal 0.848398 0.432266 0.305559
    outer loop
      vertex -2.75 1.37531 1.81596
      vertex -2.61041 1.10134 1.81596
      vertex -2.75 1.98268 0.95673
    endloop
  endfacet
  facet normal -0.120137 0.0190677 0.992574
    outer loop
      vertex -14.4693 2 2.96306
      vertex -13.685 1.80001 3.06183
      vertex -13.6848 1.82001 3.06147
    endloop
  endfacet
  facet normal -0.120122 0.0190959 0.992575
    outer loop
      vertex -11.4124 1.22054 3.348
      vertex -8 0.515698 3.77453
      vertex -11.3777 1.29068 3.35085
    endloop
  endfacet
  facet normal -0.120134 0.0190372 0.992575
    outer loop
      vertex -8 0.515698 3.77453
      vertex -11.4124 1.22054 3.348
      vertex -8 0.350418 3.7777
    endloop
  endfacet
  facet normal -0.100023 0.0995856 0.989989
    outer loop
      vertex -14.3703 2.28825 2.96306
      vertex -13.6789 2.1194 3.0499
      vertex -13.6782 2.13412 3.04849
    endloop
  endfacet
  facet normal -0.0999294 0.0999285 0.989964
    outer loop
      vertex -11.2263 1.58812 3.35111
      vertex -8 0.732584 3.76314
      vertex -8 0.869693 3.7493
    endloop
  endfacet
  facet normal -0.0999404 0.0998887 0.989967
    outer loop
      vertex -8 0.732584 3.76314
      vertex -11.2263 1.58812 3.35111
      vertex -11.2578 1.52816 3.35398
    endloop
  endfacet
  facet normal -0.83799 -0.452702 -0.304687
    outer loop
      vertex -16.433 0.815575 -1.15317
      vertex -16.4664 0.97866 -1.30362
      vertex -16.4274 0.861926 -1.23744
    endloop
  endfacet
  facet normal -0.837236 -0.453442 -0.305656
    outer loop
      vertex -16.4664 0.97866 -1.30362
      vertex -16.433 0.815575 -1.15317
      vertex -16.5236 1.10906 -1.34039
    endloop
  endfacet
  facet normal -0.837589 -0.453181 -0.305075
    outer loop
      vertex -16.5236 1.10906 -1.34039
      vertex -16.433 0.815575 -1.15317
      vertex -16.4451 0.715649 -0.971512
    endloop
  endfacet
  facet normal -0.836997 -0.454259 -0.305099
    outer loop
      vertex -16.5236 1.10906 -1.34039
      vertex -16.8025 1.03789 -0.469303
      vertex -16.533 1.13043 -1.34642
    endloop
  endfacet
  facet normal -0.837506 -0.453263 -0.305181
    outer loop
      vertex -16.4451 0.715649 -0.971512
      vertex -16.8025 1.03789 -0.469303
      vertex -16.5236 1.10906 -1.34039
    endloop
  endfacet
  facet normal -0.837508 -0.453256 -0.305187
    outer loop
      vertex -16.8025 1.03789 -0.469303
      vertex -16.4451 0.715649 -0.971512
      vertex -16.4786 0.439401 -0.469303
    endloop
  endfacet
  facet normal -0.185539 -0.247854 0.950865
    outer loop
      vertex -11.9098 -0.000211019 3.00204
      vertex -8 -1.07009 3.48607
      vertex -11.709 0.516968 3.17603
    endloop
  endfacet
  facet normal -0.185547 -0.247885 0.950855
    outer loop
      vertex -8 -1.07009 3.48607
      vertex -11.9098 -0.000211019 3.00204
      vertex -8 -1.18624 3.45579
    endloop
  endfacet
  facet normal -0.401689 0.43629 0.805169
    outer loop
      vertex -15.674 3.30294 2.12132
      vertex -14.7449 3.1402 2.67302
      vertex -15.1603 3.7759 2.12132
    endloop
  endfacet
  facet normal -0.584944 -0.0976856 0.80517
    outer loop
      vertex -15.5491 1.8 2.51283
      vertex -15.3286 1.8 2.67302
      vertex -15.362 2 2.67302
    endloop
  endfacet
  facet normal -0.308634 -0.0514458 0.949789
    outer loop
      vertex -14.4693 2 2.96306
      vertex -14.5826 1.8 2.91541
      vertex -14.4439 1.84762 2.96306
    endloop
  endfacet
  facet normal -0.30866 -0.0514292 0.949781
    outer loop
      vertex -14.5826 1.8 2.91541
      vertex -14.4693 2 2.96306
      vertex -14.8396 1.8 2.83189
    endloop
  endfacet
  facet normal 0.0234654 0.587671 -0.80876
    outer loop
      vertex -13.4909 3.33072 -2.68084
      vertex -13.8248 4.11407 -2.12132
      vertex -13.233 4.01684 -2.1748
    endloop
  endfacet
  facet normal 0.0234684 0.587672 -0.808759
    outer loop
      vertex -13.8248 4.11407 -2.12132
      vertex -13.4909 3.33072 -2.68084
      vertex -13.8875 3.35732 -2.67302
    endloop
  endfacet
  facet normal 0.0234718 0.587671 -0.80876
    outer loop
      vertex -8 2.96253 -2.78902
      vertex -10.5447 3.57514 -2.41773
      vertex -8 3.15703 -2.64769
    endloop
  endfacet
  facet normal 0.0234687 0.587662 -0.808766
    outer loop
      vertex -10.5447 3.57514 -2.41773
      vertex -8 2.96253 -2.78902
      vertex -10.7162 3.14466 -2.7355
    endloop
  endfacet
  facet normal -0.067109 0.810056 -0.582499
    outer loop
      vertex -14.6562 4.59123 -1.36197
      vertex -13.8248 4.11407 -2.12132
      vertex -14.5208 4.05641 -2.12132
    endloop
  endfacet
  facet normal -0.382544 0.872079 -0.305186
    outer loop
      vertex -15.6206 4.48058 -0.469303
      vertex -14.6562 4.59123 -1.36197
      vertex -15.462 4.23776 -1.36197
    endloop
  endfacet
  facet normal -0.801749 0.133743 -0.582505
    outer loop
      vertex -16.673 2 -1.36197
      vertex -16.0064 2.68879 -2.12132
      vertex -16.1213 2 -2.12132
    endloop
  endfacet
  facet normal 0.0798023 0.806397 -0.585965
    outer loop
      vertex -13.7793 4.66389 -1.36197
      vertex -12.9236 4.54292 -1.41191
      vertex -12.9408 4.46605 -1.52004
    endloop
  endfacet
  facet normal 0.0798258 0.806431 -0.585915
    outer loop
      vertex -8 3.84679 -1.69924
      vertex -10.2762 4 -1.79848
      vertex -10.2274 4.16171 -1.56926
    endloop
  endfacet
  facet normal 0.0798259 0.806437 -0.585907
    outer loop
      vertex -8 3.30031 -2.45141
      vertex -10.2762 4 -1.79848
      vertex -8 3.84679 -1.69924
    endloop
  endfacet
  facet normal 0.0798152 0.806422 -0.585929
    outer loop
      vertex -10.2762 4 -1.79848
      vertex -8 3.30031 -2.45141
      vertex -10.3659 3.85852 -2.00542
    endloop
  endfacet
  facet normal 0.115457 0.944092 -0.308806
    outer loop
      vertex -12.8006 4.78196 -0.635085
      vertex -13.7793 4.66389 -1.36197
      vertex -13.7553 4.95294 -0.469303
    endloop
  endfacet
  facet normal 0.115445 0.944098 -0.308791
    outer loop
      vertex -13.7793 4.66389 -1.36197
      vertex -12.8006 4.78196 -0.635085
      vertex -12.9236 4.54292 -1.41191
    endloop
  endfacet
  facet normal 0.115456 0.944089 -0.308815
    outer loop
      vertex -8 3.92221 -1.46868
      vertex -10.1389 4.25483 -1.25148
      vertex -10.1471 4.30674 -1.09585
    endloop
  endfacet
  facet normal 0.115454 0.944085 -0.308826
    outer loop
      vertex -8 3.84679 -1.69924
      vertex -10.1389 4.25483 -1.25148
      vertex -8 3.92221 -1.46868
    endloop
  endfacet
  facet normal 0.11546 0.944091 -0.308805
    outer loop
      vertex -10.1389 4.25483 -1.25148
      vertex -8 3.84679 -1.69924
      vertex -10.2274 4.16171 -1.56926
    endloop
  endfacet
  facet normal -0.382552 0.872072 -0.305196
    outer loop
      vertex -15.6206 4.48058 -0.469303
      vertex -14.7274 4.8724 -0.469303
      vertex -14.6562 4.59123 -1.36197
    endloop
  endfacet
  facet normal -0.0786292 0.949038 -0.305197
    outer loop
      vertex -14.7274 4.8724 -0.469303
      vertex -13.7553 4.95294 -0.469303
      vertex -14.6562 4.59123 -1.36197
    endloop
  endfacet
  facet normal -0.256194 -0.532643 -0.806633
    outer loop
      vertex -11.9987 -0.360176 -2.73963
      vertex -8 -1.27227 -3.40737
      vertex -8 -1.4006 -3.32263
    endloop
  endfacet
  facet normal -0.256197 -0.532676 -0.80661
    outer loop
      vertex -8 -1.27227 -3.40737
      vertex -11.9987 -0.360176 -2.73963
      vertex -11.9191 -0.0334481 -2.98068
    endloop
  endfacet
  facet normal -0.256182 -0.532572 -0.806683
    outer loop
      vertex -11.9987 -0.360176 -2.73963
      vertex -8 -1.4006 -3.32263
      vertex -12.0703 -0.477037 -2.63974
    endloop
  endfacet
  facet normal 0.848398 0.432266 -0.305559
    outer loop
      vertex -2.75 1.37531 -1.81596
      vertex -2.75 1.98268 -0.95673
      vertex -2.61041 1.10134 -1.81596
    endloop
  endfacet
  facet normal -0.0489715 0.591044 0.805151
    outer loop
      vertex -14.3343 3.3203 2.67302
      vertex -13.8875 3.35732 2.67302
      vertex -13.8248 4.11407 2.12132
    endloop
  endfacet
  facet normal -0.067109 0.810056 0.582499
    outer loop
      vertex -14.6562 4.59123 1.36197
      vertex -14.5208 4.05641 2.12132
      vertex -13.8248 4.11407 2.12132
    endloop
  endfacet
  facet normal -0.0671207 0.810049 0.582508
    outer loop
      vertex -14.6562 4.59123 1.36197
      vertex -13.8248 4.11407 2.12132
      vertex -13.7793 4.66389 1.36197
    endloop
  endfacet
  facet normal -0.326512 0.744374 0.582493
    outer loop
      vertex -15.1603 3.7759 2.12132
      vertex -14.5208 4.05641 2.12132
      vertex -14.6562 4.59123 1.36197
    endloop
  endfacet
  facet normal -0.801754 0.13376 0.582494
    outer loop
      vertex -16.673 2 1.36197
      vertex -16.0064 2.68879 2.12132
      vertex -16.5282 2.86793 1.36197
    endloop
  endfacet
  facet normal -0.521578 0.282297 0.805149
    outer loop
      vertex -16.0064 2.68879 2.12132
      vertex -15.2882 2.44223 2.67302
      vertex -15.674 3.30294 2.12132
    endloop
  endfacet
  facet normal -0.939294 -0.156753 0.305212
    outer loop
      vertex -16.8025 1.03789 0.469303
      vertex -16.5337 1.16529 1.36197
      vertex -16.673 2 1.36197
    endloop
  endfacet
  facet normal -0.939644 -0.154946 0.305059
    outer loop
      vertex -16.5337 1.16529 1.36197
      vertex -16.8025 1.03789 0.469303
      vertex -16.533 1.13043 1.34642
    endloop
  endfacet
  facet normal -0.837509 0.45324 0.305209
    outer loop
      vertex -16.5282 2.86793 1.36197
      vertex -16.1094 3.6418 1.36197
      vertex -16.3383 3.81995 0.469303
    endloop
  endfacet
  facet normal -0.939277 0.15679 0.305247
    outer loop
      vertex -16.9631 2 0.469303
      vertex -16.673 2 1.36197
      vertex -16.8025 2.9621 0.469303
    endloop
  endfacet
  facet normal -0.308592 0.0514982 -0.949799
    outer loop
      vertex -15.362 2 -2.67302
      vertex -15.2882 2.44223 -2.67302
      vertex -14.4693 2 -2.96306
    endloop
  endfacet
  facet normal -0.0458569 0.30867 -0.950063
    outer loop
      vertex -14.3343 3.3203 -2.67302
      vertex -13.5307 3.17523 -2.75894
      vertex -13.5483 3.06615 -2.79353
    endloop
  endfacet
  facet normal -0.0458497 0.308687 -0.950058
    outer loop
      vertex -11.0044 2.24371 -3.18353
      vertex -8 2.17696 -3.35021
      vertex -8 1.27235 -3.64413
    endloop
  endfacet
  facet normal -0.045849 0.308704 -0.950052
    outer loop
      vertex -8 2.17696 -3.35021
      vertex -11.0044 2.24371 -3.18353
      vertex -10.8864 2.69794 -3.04163
    endloop
  endfacet
  facet normal -0.550501 0.598018 -0.582515
    outer loop
      vertex -16.1094 3.6418 -1.36197
      vertex -15.462 4.23776 -1.36197
      vertex -15.674 3.30294 -2.12132
    endloop
  endfacet
  facet normal -0.58498 0.0976223 -0.805151
    outer loop
      vertex -16.0064 2.68879 -2.12132
      vertex -15.2882 2.44223 -2.67302
      vertex -15.362 2 -2.67302
    endloop
  endfacet
  facet normal -0.0458569 0.30867 0.950063
    outer loop
      vertex -14.3343 3.3203 2.67302
      vertex -13.5483 3.06615 2.79353
      vertex -13.5307 3.17523 2.75894
    endloop
  endfacet
  facet normal -0.045849 0.308704 0.950052
    outer loop
      vertex -11.0044 2.24371 3.18353
      vertex -8 2.17696 3.35021
      vertex -10.8864 2.69794 3.04163
    endloop
  endfacet
  facet normal -0.0458497 0.308687 0.950058
    outer loop
      vertex -8 2.17696 3.35021
      vertex -11.0044 2.24371 3.18353
      vertex -8 1.27235 3.64413
    endloop
  endfacet
  facet normal -0.21188 0.230189 0.9498
    outer loop
      vertex -15.0748 2.83654 2.67302
      vertex -14.3703 2.28825 2.96306
      vertex -14.7449 3.1402 2.67302
    endloop
  endfacet
  facet normal 0.802454 -0.1271 0.583021
    outer loop
      vertex -2.70293 -0.266955 2.1252
      vertex -2.58457 -0.938198 1.81596
      vertex -2.43597 0 1.81596
    endloop
  endfacet
  facet normal 0.940449 -0.14895 0.305565
    outer loop
      vertex -2.43597 0 1.81596
      vertex -2.24261 -1.22085 0.625737
      vertex -2.04925 0 0.625737
    endloop
  endfacet
  facet normal 0.987689 0.156432 -6.88369e-18
    outer loop
      vertex -2.04925 0 0.625737
      vertex -2.24261 1.22085 -0.625737
      vertex -2.24261 1.22085 0.625737
    endloop
  endfacet
  facet normal 0.987689 0.156432 -6.88369e-18
    outer loop
      vertex -2.24261 1.22085 -0.625737
      vertex -2.04925 0 0.625737
      vertex -2.04925 0 -0.625737
    endloop
  endfacet
  facet normal 0.848382 0.432246 0.305634
    outer loop
      vertex -2.24261 1.22085 0.625737
      vertex -2.75 2 0.932235
      vertex -2.75 1.98268 0.95673
    endloop
  endfacet
  facet normal 0.848389 0.432276 0.30557
    outer loop
      vertex -2.75 2 0.932235
      vertex -2.24261 1.22085 0.625737
      vertex -2.72162 2.16096 0.625737
    endloop
  endfacet
  facet normal 0.848388 0.432277 0.305572
    outer loop
      vertex -2.24261 1.22085 0.625737
      vertex -2.75 1.98268 0.95673
      vertex -2.61041 1.10134 1.81596
    endloop
  endfacet
  facet normal 0.940446 0.148956 0.305571
    outer loop
      vertex -2.61041 1.10134 1.81596
      vertex -2.43597 0 1.81596
      vertex -2.24261 1.22085 0.625737
    endloop
  endfacet
  facet normal 0.802454 0.127085 0.583024
    outer loop
      vertex -2.75 0 2.24818
      vertex -2.43597 0 1.81596
      vertex -2.75 0.314027 2.17973
    endloop
  endfacet
  facet normal -0.939644 -0.154946 -0.305059
    outer loop
      vertex -16.8025 1.03789 -0.469303
      vertex -16.5337 1.16529 -1.36197
      vertex -16.533 1.13043 -1.34642
    endloop
  endfacet
  facet normal -0.939294 -0.156753 -0.305212
    outer loop
      vertex -16.5337 1.16529 -1.36197
      vertex -16.8025 1.03789 -0.469303
      vertex -16.673 2 -1.36197
    endloop
  endfacet
  facet normal -0.939277 -0.156789 -0.305247
    outer loop
      vertex -16.9631 2 -0.469303
      vertex -16.673 2 -1.36197
      vertex -16.8025 1.03789 -0.469303
    endloop
  endfacet
  facet normal -0.185322 -0.247306 0.95105
    outer loop
      vertex -11.709 0.516968 3.17603
      vertex -8 -0.0689832 3.7464
      vertex -11.5655 0.886179 3.3
    endloop
  endfacet
  facet normal -0.185323 -0.247313 0.951048
    outer loop
      vertex -8 -0.0689832 3.7464
      vertex -11.709 0.516968 3.17603
      vertex -8 -1.07009 3.48607
    endloop
  endfacet
  facet normal -0.521594 0.282286 0.805143
    outer loop
      vertex -15.674 3.30294 2.12132
      vertex -15.2882 2.44223 2.67302
      vertex -15.0748 2.83654 2.67302
    endloop
  endfacet
  facet normal -0.40166 0.436368 0.805141
    outer loop
      vertex -15.674 3.30294 2.12132
      vertex -15.0748 2.83654 2.67302
      vertex -14.7449 3.1402 2.67302
    endloop
  endfacet
  facet normal -0.143677 -0.0747941 0.986794
    outer loop
      vertex -14.4439 1.84762 2.96306
      vertex -14.2733 1.8 2.98429
      vertex -14.2608 1.8 2.98611
    endloop
  endfacet
  facet normal -0.143187 -0.0730014 0.987
    outer loop
      vertex -11.5041 1.02712 3.32886
      vertex -8 0.171962 3.77396
      vertex -11.4811 1.07719 3.3359
    endloop
  endfacet
  facet normal -0.143176 -0.0729529 0.987005
    outer loop
      vertex -8 0.171962 3.77396
      vertex -11.5041 1.02712 3.32886
      vertex -8 0.0491155 3.76488
    endloop
  endfacet
  facet normal -0.144619 -0.0783531 0.98638
    outer loop
      vertex -14.4439 1.84762 2.96306
      vertex -14.4181 1.8 2.96306
      vertex -14.2733 1.8 2.98429
    endloop
  endfacet
  facet normal -0.144539 -0.0781004 0.986412
    outer loop
      vertex -11.534 0.961712 3.3193
      vertex -8 0.0491155 3.76488
      vertex -11.5041 1.02712 3.32886
    endloop
  endfacet
  facet normal -0.144596 -0.0783346 0.986385
    outer loop
      vertex -8 0.0491155 3.76488
      vertex -11.534 0.961712 3.3193
      vertex -8 0.0272055 3.76314
    endloop
  endfacet
  facet normal -0.585005 0.0975872 0.805137
    outer loop
      vertex -16.1213 2 2.12132
      vertex -15.362 2 2.67302
      vertex -16.0064 2.68879 2.12132
    endloop
  endfacet
  facet normal -0.58498 0.0976223 0.805151
    outer loop
      vertex -16.0064 2.68879 2.12132
      vertex -15.362 2 2.67302
      vertex -15.2882 2.44223 2.67302
    endloop
  endfacet
  facet normal -0.211973 0.230145 0.94979
    outer loop
      vertex -14.7449 3.1402 2.67302
      vertex -14.3703 2.28825 2.96306
      vertex -14.2567 2.39288 2.96306
    endloop
  endfacet
  facet normal -0.110763 0.0564927 0.99224
    outer loop
      vertex -14.4439 2.15238 2.96306
      vertex -13.6834 1.96258 3.05876
      vertex -13.6829 1.9813 3.05775
    endloop
  endfacet
  facet normal -0.110775 0.0564441 0.992241
    outer loop
      vertex -11.3 1.44557 3.35426
      vertex -8 0.544017 3.77396
      vertex -8 0.703636 3.76488
    endloop
  endfacet
  facet normal -0.110776 0.0564383 0.992242
    outer loop
      vertex -8 0.544017 3.77396
      vertex -11.3 1.44557 3.35426
      vertex -11.3352 1.37648 3.35426
    endloop
  endfacet
  facet normal -0.275141 0.148906 -0.949802
    outer loop
      vertex -15.2882 2.44223 -2.67302
      vertex -15.0748 2.83654 -2.67302
      vertex -14.3703 2.28825 -2.96306
    endloop
  endfacet
  facet normal -0.125667 0.286528 -0.949795
    outer loop
      vertex -14.7449 3.1402 -2.67302
      vertex -14.1152 2.45494 -2.96306
      vertex -14.2567 2.39288 -2.96306
    endloop
  endfacet
  facet normal -0.0796283 0.181438 -0.980173
    outer loop
      vertex -13.6712 2.26235 -3.03478
      vertex -14.1152 2.45494 -2.96306
      vertex -13.6634 2.34886 -3.0194
    endloop
  endfacet
  facet normal -0.0796016 0.181496 -0.980165
    outer loop
      vertex -14.1152 2.45494 -2.96306
      vertex -13.6712 2.26235 -3.03478
      vertex -14.2567 2.39288 -2.96306
    endloop
  endfacet
  facet normal -0.0795111 0.181825 -0.980111
    outer loop
      vertex -8 0.997914 -3.72946
      vertex -11.1351 1.7553 -3.33462
      vertex -8 1.01926 -3.7255
    endloop
  endfacet
  facet normal -0.079593 0.181513 -0.980162
    outer loop
      vertex -11.1351 1.7553 -3.33462
      vertex -8 0.997914 -3.72946
      vertex -11.1642 1.70339 -3.34187
    endloop
  endfacet
  facet normal -0.125675 0.28652 -0.949796
    outer loop
      vertex -14.7449 3.1402 -2.67302
      vertex -14.3343 3.3203 -2.67302
      vertex -14.1152 2.45494 -2.96306
    endloop
  endfacet
  facet normal -0.0836779 0.164657 -0.982795
    outer loop
      vertex -14.2567 2.39288 -2.96306
      vertex -13.6712 2.26235 -3.03478
      vertex -13.672 2.25305 -3.03627
    endloop
  endfacet
  facet normal -0.0837598 0.164299 -0.982848
    outer loop
      vertex -8 0.896578 -3.7464
      vertex -11.1642 1.70339 -3.34187
      vertex -8 0.997914 -3.72946
    endloop
  endfacet
  facet normal -0.0837382 0.164378 -0.982837
    outer loop
      vertex -11.1642 1.70339 -3.34187
      vertex -8 0.896578 -3.7464
      vertex -11.1887 1.65916 -3.34718
    endloop
  endfacet
  facet normal -0.550572 0.597997 -0.58247
    outer loop
      vertex -15.674 3.30294 -2.12132
      vertex -15.462 4.23776 -1.36197
      vertex -15.1603 3.7759 -2.12132
    endloop
  endfacet
  facet normal -0.326525 0.744374 -0.582484
    outer loop
      vertex -15.462 4.23776 -1.36197
      vertex -14.6562 4.59123 -1.36197
      vertex -15.1603 3.7759 -2.12132
    endloop
  endfacet
  facet normal -0.0489647 0.591041 0.805154
    outer loop
      vertex -14.5208 4.05641 2.12132
      vertex -14.3343 3.3203 2.67302
      vertex -13.8248 4.11407 2.12132
    endloop
  endfacet
  facet normal -0.238225 0.543099 0.805166
    outer loop
      vertex -15.1603 3.7759 2.12132
      vertex -14.3343 3.3203 2.67302
      vertex -14.5208 4.05641 2.12132
    endloop
  endfacet
  facet normal -0.550572 0.597997 0.58247
    outer loop
      vertex -15.674 3.30294 2.12132
      vertex -15.1603 3.7759 2.12132
      vertex -15.462 4.23776 1.36197
    endloop
  endfacet
  facet normal -0.550501 0.598018 0.582515
    outer loop
      vertex -16.1094 3.6418 1.36197
      vertex -15.674 3.30294 2.12132
      vertex -15.462 4.23776 1.36197
    endloop
  endfacet
  facet normal -0.986353 -0.164647 9.13694e-18
    outer loop
      vertex -16.8025 1.03789 -0.469303
      vertex -16.9631 2 0.469303
      vertex -16.9631 2 -0.469303
    endloop
  endfacet
  facet normal -0.986353 -0.164647 9.13694e-18
    outer loop
      vertex -16.9631 2 0.469303
      vertex -16.8025 1.03789 -0.469303
      vertex -16.8025 1.03789 0.469303
    endloop
  endfacet
  facet normal -0.0465517 0.306848 0.950619
    outer loop
      vertex -13.5483 3.06615 2.79353
      vertex -14.1152 2.45494 2.96306
      vertex -13.6627 2.35295 3.01814
    endloop
  endfacet
  facet normal -0.0465363 0.306835 0.950624
    outer loop
      vertex -14.1152 2.45494 2.96306
      vertex -13.5483 3.06615 2.79353
      vertex -14.3343 3.3203 2.67302
    endloop
  endfacet
  facet normal -0.0465353 0.306835 0.950624
    outer loop
      vertex -11.1244 1.7808 3.32707
      vertex -8 1.27235 3.64413
      vertex -11.0044 2.24371 3.18353
    endloop
  endfacet
  facet normal -0.0465256 0.306885 0.950609
    outer loop
      vertex -8 1.27235 3.64413
      vertex -11.1244 1.7808 3.32707
      vertex -8 1.07655 3.70734
    endloop
  endfacet
  facet normal -0.047941 0.30156 0.952241
    outer loop
      vertex -14.1152 2.45494 2.96306
      vertex -13.6634 2.34886 3.0194
      vertex -13.6627 2.35295 3.01814
    endloop
  endfacet
  facet normal -0.047863 0.301795 0.952171
    outer loop
      vertex -11.1279 1.76712 3.33123
      vertex -8 1.07655 3.70734
      vertex -11.1244 1.7808 3.32707
    endloop
  endfacet
  facet normal -0.0478564 0.30182 0.952163
    outer loop
      vertex -8 1.07655 3.70734
      vertex -11.1279 1.76712 3.33123
      vertex -8 1.01926 3.7255
    endloop
  endfacet
  facet normal -0.0477652 0.302149 0.952063
    outer loop
      vertex -8 1.01926 3.7255
      vertex -11.1279 1.76712 3.33123
      vertex -11.1351 1.7553 3.33462
    endloop
  endfacet
  facet normal 0.987689 -0.156432 6.88369e-18
    outer loop
      vertex -2.24261 -1.22085 0.625737
      vertex -2.04925 0 -0.625737
      vertex -2.04925 0 0.625737
    endloop
  endfacet
  facet normal 0.987689 -0.156432 6.88369e-18
    outer loop
      vertex -2.04925 0 -0.625737
      vertex -2.24261 -1.22085 0.625737
      vertex -2.24261 -1.22085 -0.625737
    endloop
  endfacet
  facet normal -0.347014 -0.886254 0.306816
    outer loop
      vertex -12.4807 -1.51759 1.14656
      vertex -8 -3.45794 0.6095
      vertex -8 -3.42561 0.702887
    endloop
  endfacet
  facet normal -0.347009 -0.886248 0.306836
    outer loop
      vertex -8 -3.45794 0.6095
      vertex -12.4807 -1.51759 1.14656
      vertex -12.6384 -1.67525 0.512837
    endloop
  endfacet
  facet normal -0.185547 -0.247885 -0.950855
    outer loop
      vertex -11.9098 -0.000211019 -3.00204
      vertex -8 -1.07009 -3.48607
      vertex -8 -1.18624 -3.45579
    endloop
  endfacet
  facet normal -0.185539 -0.247854 -0.950865
    outer loop
      vertex -8 -1.07009 -3.48607
      vertex -11.9098 -0.000211019 -3.00204
      vertex -11.709 0.516968 -3.17603
    endloop
  endfacet
  facet normal -0.879458 -0.475959 -0.00409609
    outer loop
      vertex -16.4733 0.429467 -0.452933
      vertex -16.8025 1.03789 -0.469303
      vertex -16.4786 0.439401 -0.469303
    endloop
  endfacet
  facet normal -0.879511 -0.475878 0
    outer loop
      vertex -16.8025 1.03789 -0.469303
      vertex -16.4733 0.429467 -0.452933
      vertex -16.8025 1.03789 0.469303
    endloop
  endfacet
  facet normal -0.879511 -0.475878 -0
    outer loop
      vertex -16.4733 0.429467 0.452933
      vertex -16.8025 1.03789 0.469303
      vertex -16.4733 0.429467 -0.452933
    endloop
  endfacet
  facet normal -0.879458 -0.475959 0.00409609
    outer loop
      vertex -16.8025 1.03789 0.469303
      vertex -16.4733 0.429467 0.452933
      vertex -16.4786 0.439401 0.469303
    endloop
  endfacet
  facet normal -0.837236 -0.453442 0.305656
    outer loop
      vertex -16.433 0.815575 1.15317
      vertex -16.4664 0.97866 1.30362
      vertex -16.5236 1.10906 1.34039
    endloop
  endfacet
  facet normal -0.83799 -0.452702 0.304687
    outer loop
      vertex -16.4664 0.97866 1.30362
      vertex -16.433 0.815575 1.15317
      vertex -16.4274 0.861926 1.23744
    endloop
  endfacet
  facet normal -0.837589 -0.453181 0.305075
    outer loop
      vertex -16.433 0.815575 1.15317
      vertex -16.5236 1.10906 1.34039
      vertex -16.4451 0.715649 0.971512
    endloop
  endfacet
  facet normal -0.801868 -0.133928 -0.582298
    outer loop
      vertex -16.4553 1.50748 -1.54848
      vertex -16.673 2 -1.36197
      vertex -16.4058 1.72385 -1.66641
    endloop
  endfacet
  facet normal -0.801745 -0.133799 -0.582497
    outer loop
      vertex -16.673 2 -1.36197
      vertex -16.4553 1.50748 -1.54848
      vertex -16.5337 1.16529 -1.36197
    endloop
  endfacet
  facet normal -0.71485 0.38686 0.58252
    outer loop
      vertex -16.5282 2.86793 1.36197
      vertex -15.674 3.30294 2.12132
      vertex -16.1094 3.6418 1.36197
    endloop
  endfacet
  facet normal -0.644965 0.700635 0.305175
    outer loop
      vertex -16.1094 3.6418 1.36197
      vertex -15.462 4.23776 1.36197
      vertex -15.6206 4.48058 0.469303
    endloop
  endfacet
  facet normal -0.110061 0.0595838 0.992137
    outer loop
      vertex -14.3703 2.28825 2.96306
      vertex -13.6829 1.9813 3.05775
      vertex -13.6789 2.1194 3.0499
    endloop
  endfacet
  facet normal -0.110049 0.0596126 0.992137
    outer loop
      vertex -13.6829 1.9813 3.05775
      vertex -14.3703 2.28825 2.96306
      vertex -14.4439 2.15238 2.96306
    endloop
  endfacet
  facet normal -0.109983 0.0598782 0.992128
    outer loop
      vertex -11.266 1.51227 3.35403
      vertex -8 0.732584 3.76314
      vertex -11.2578 1.52816 3.35398
    endloop
  endfacet
  facet normal -0.110042 0.0596351 0.992136
    outer loop
      vertex -8 0.732584 3.76314
      vertex -11.266 1.51227 3.35403
      vertex -8 0.703636 3.76488
    endloop
  endfacet
  facet normal -0.110069 0.0595281 0.99214
    outer loop
      vertex -8 0.703636 3.76488
      vertex -11.266 1.51227 3.35403
      vertex -11.3 1.44557 3.35426
    endloop
  endfacet
  facet normal -0.275117 0.149029 0.94979
    outer loop
      vertex -15.2882 2.44223 2.67302
      vertex -14.4439 2.15238 2.96306
      vertex -14.3703 2.28825 2.96306
    endloop
  endfacet
  facet normal -0.584944 -0.0976856 -0.80517
    outer loop
      vertex -15.5491 1.8 -2.51283
      vertex -15.362 2 -2.67302
      vertex -15.3286 1.8 -2.67302
    endloop
  endfacet
  facet normal -0.119914 0.0200447 -0.992582
    outer loop
      vertex -14.4693 2 -2.96306
      vertex -13.6834 1.96258 -3.05876
      vertex -13.6848 1.82001 -3.06147
    endloop
  endfacet
  facet normal -0.119916 0.0199887 -0.992583
    outer loop
      vertex -13.6834 1.96258 -3.05876
      vertex -14.4693 2 -2.96306
      vertex -14.4439 2.15238 -2.96306
    endloop
  endfacet
  facet normal -0.11992 0.0199785 -0.992582
    outer loop
      vertex -11.3777 1.29068 -3.35085
      vertex -8 0.544017 -3.77396
      vertex -8 0.515698 -3.77453
    endloop
  endfacet
  facet normal -0.119925 0.0199548 -0.992582
    outer loop
      vertex -8 0.544017 -3.77396
      vertex -11.3777 1.29068 -3.35085
      vertex -11.3352 1.37648 -3.35426
    endloop
  endfacet
  facet normal -0.211973 0.230145 -0.94979
    outer loop
      vertex -14.7449 3.1402 -2.67302
      vertex -14.2567 2.39288 -2.96306
      vertex -14.3703 2.28825 -2.96306
    endloop
  endfacet
  facet normal -0.71485 0.38686 -0.58252
    outer loop
      vertex -16.5282 2.86793 -1.36197
      vertex -16.1094 3.6418 -1.36197
      vertex -15.674 3.30294 -2.12132
    endloop
  endfacet
  facet normal -0.585005 0.0975872 -0.805137
    outer loop
      vertex -16.1213 2 -2.12132
      vertex -16.0064 2.68879 -2.12132
      vertex -15.362 2 -2.67302
    endloop
  endfacet
  facet normal -0.644965 0.700635 -0.305175
    outer loop
      vertex -16.1094 3.6418 -1.36197
      vertex -15.6206 4.48058 -0.469303
      vertex -15.462 4.23776 -1.36197
    endloop
  endfacet
  facet normal -0.644935 0.700649 -0.305205
    outer loop
      vertex -16.3383 3.81995 -0.469303
      vertex -15.6206 4.48058 -0.469303
      vertex -16.1094 3.6418 -1.36197
    endloop
  endfacet
  facet normal -0.382544 0.872079 0.305186
    outer loop
      vertex -15.6206 4.48058 0.469303
      vertex -15.462 4.23776 1.36197
      vertex -14.6562 4.59123 1.36197
    endloop
  endfacet
  facet normal -0.326525 0.744374 0.582484
    outer loop
      vertex -15.462 4.23776 1.36197
      vertex -15.1603 3.7759 2.12132
      vertex -14.6562 4.59123 1.36197
    endloop
  endfacet
  facet normal 0.84839 -0.432276 0.305567
    outer loop
      vertex -2.46382 -1.14897 1.3416
      vertex -2.32686 -1.3862 0.625737
      vertex -2.24261 -1.22085 0.625737
    endloop
  endfacet
  facet normal 0.940027 -0.14889 0.306891
    outer loop
      vertex -2.58415 -0.940555 1.81353
      vertex -2.43597 0 1.81596
      vertex -2.58457 -0.938198 1.81596
    endloop
  endfacet
  facet normal 0.940447 -0.148952 0.30557
    outer loop
      vertex -2.46382 -1.14897 1.3416
      vertex -2.43597 0 1.81596
      vertex -2.58415 -0.940555 1.81353
    endloop
  endfacet
  facet normal 0.940448 -0.14895 0.305566
    outer loop
      vertex -2.43597 0 1.81596
      vertex -2.46382 -1.14897 1.3416
      vertex -2.24261 -1.22085 0.625737
    endloop
  endfacet
  facet normal 0.940446 0.148956 -0.305571
    outer loop
      vertex -2.61041 1.10134 -1.81596
      vertex -2.24261 1.22085 -0.625737
      vertex -2.43597 0 -1.81596
    endloop
  endfacet
  facet normal 0.848389 0.432276 -0.30557
    outer loop
      vertex -2.24261 1.22085 -0.625737
      vertex -2.75 2 -0.932235
      vertex -2.72162 2.16096 -0.625737
    endloop
  endfacet
  facet normal 0.848382 0.432246 -0.305634
    outer loop
      vertex -2.75 2 -0.932235
      vertex -2.24261 1.22085 -0.625737
      vertex -2.75 1.98268 -0.95673
    endloop
  endfacet
  facet normal 0.848388 0.432277 -0.305572
    outer loop
      vertex -2.75 1.98268 -0.95673
      vertex -2.24261 1.22085 -0.625737
      vertex -2.61041 1.10134 -1.81596
    endloop
  endfacet
  facet normal -0.312678 -0.749454 0.583568
    outer loop
      vertex -12.3493 -1.03193 2.03195
      vertex -8 -3.05672 1.76196
      vertex -8 -2.98587 1.85295
    endloop
  endfacet
  facet normal -0.312665 -0.749432 0.583603
    outer loop
      vertex -8 -3.05672 1.76196
      vertex -12.3493 -1.03193 2.03195
      vertex -12.4728 -1.39996 1.49318
    endloop
  endfacet
  facet normal -0.311709 -0.747566 0.5865
    outer loop
      vertex -8 -2.98587 1.85295
      vertex -12.2801 -0.828111 2.32852
      vertex -12.3493 -1.03193 2.03195
    endloop
  endfacet
  facet normal -0.311697 -0.747549 0.586528
    outer loop
      vertex -12.2801 -0.828111 2.32852
      vertex -8 -2.98587 1.85295
      vertex -8 -2.3022 2.72431
    endloop
  endfacet
  facet normal -0.311709 -0.747566 -0.5865
    outer loop
      vertex -12.2801 -0.828111 -2.32852
      vertex -8 -2.98587 -1.85295
      vertex -12.3493 -1.03193 -2.03195
    endloop
  endfacet
  facet normal -0.311697 -0.747549 -0.586528
    outer loop
      vertex -8 -2.98587 -1.85295
      vertex -12.2801 -0.828111 -2.32852
      vertex -8 -2.3022 -2.72431
    endloop
  endfacet
  facet normal -0.312665 -0.749432 -0.583603
    outer loop
      vertex -12.3493 -1.03193 -2.03195
      vertex -8 -3.05672 -1.76196
      vertex -12.4728 -1.39996 -1.49318
    endloop
  endfacet
  facet normal -0.312678 -0.749454 -0.583568
    outer loop
      vertex -8 -3.05672 -1.76196
      vertex -12.3493 -1.03193 -2.03195
      vertex -8 -2.98587 -1.85295
    endloop
  endfacet
  facet normal -0.346685 -0.885843 -0.30837
    outer loop
      vertex -12.4545 -1.49132 -1.25148
      vertex -8 -3.42561 -0.702887
      vertex -12.4807 -1.51759 -1.14656
    endloop
  endfacet
  facet normal -0.346645 -0.885788 -0.308572
    outer loop
      vertex -8 -3.05672 -1.76196
      vertex -12.4545 -1.49132 -1.25148
      vertex -12.4728 -1.39996 -1.49318
    endloop
  endfacet
  facet normal -0.346646 -0.8858 -0.308537
    outer loop
      vertex -12.4545 -1.49132 -1.25148
      vertex -8 -3.05672 -1.76196
      vertex -8 -3.42561 -0.702887
    endloop
  endfacet
  facet normal -0.165974 -0.165971 -0.972063
    outer loop
      vertex -11.5476 0.929401 -3.31145
      vertex -8 0.0272055 -3.76314
      vertex -8 -0.0538527 -3.7493
    endloop
  endfacet
  facet normal -0.16604 -0.166261 -0.972002
    outer loop
      vertex -8 0.0272055 -3.76314
      vertex -11.5476 0.929401 -3.31145
      vertex -11.534 0.961712 -3.3193
    endloop
  endfacet
  facet normal -0.120137 0.0190677 -0.992574
    outer loop
      vertex -14.4693 2 -2.96306
      vertex -13.6848 1.82001 -3.06147
      vertex -13.685 1.80001 -3.06183
    endloop
  endfacet
  facet normal -0.120134 0.0190372 -0.992575
    outer loop
      vertex -11.4124 1.22054 -3.348
      vertex -8 0.515698 -3.77453
      vertex -8 0.350418 -3.7777
    endloop
  endfacet
  facet normal -0.120122 0.0190959 -0.992575
    outer loop
      vertex -8 0.515698 -3.77453
      vertex -11.4124 1.22054 -3.348
      vertex -11.3777 1.29068 -3.35085
    endloop
  endfacet
  facet normal -0.242461 -0.475842 -0.845451
    outer loop
      vertex -11.9191 -0.0334481 -2.98068
      vertex -8 -1.18624 -3.45579
      vertex -8 -1.27227 -3.40737
    endloop
  endfacet
  facet normal -0.242409 -0.475602 -0.845601
    outer loop
      vertex -8 -1.18624 -3.45579
      vertex -11.9191 -0.0334481 -2.98068
      vertex -11.9098 -0.000211019 -3.00204
    endloop
  endfacet
  facet normal -0.308579 -0.0515327 -0.949802
    outer loop
      vertex -15.362 2 -2.67302
      vertex -14.8396 1.8 -2.83189
      vertex -15.3286 1.8 -2.67302
    endloop
  endfacet
  facet normal -0.308591 -0.0515682 -0.949796
    outer loop
      vertex -14.8396 1.8 -2.83189
      vertex -15.362 2 -2.67302
      vertex -14.4693 2 -2.96306
    endloop
  endfacet
  facet normal -0.130437 -0.0217423 -0.991218
    outer loop
      vertex -14.4693 2 -2.96306
      vertex -14.2608 1.8 -2.98611
      vertex -14.4439 1.84762 -2.96306
    endloop
  endfacet
  facet normal -0.130387 -0.0216892 -0.991226
    outer loop
      vertex -14.2608 1.8 -2.98611
      vertex -14.4693 2 -2.96306
      vertex -13.7513 1.8 -3.05313
    endloop
  endfacet
  facet normal -0.130384 -0.021724 -0.991225
    outer loop
      vertex -11.4811 1.07719 -3.3359
      vertex -8 0.19797 -3.77453
      vertex -8 0.171962 -3.77396
    endloop
  endfacet
  facet normal -0.130402 -0.0217938 -0.991222
    outer loop
      vertex -8 0.19797 -3.77453
      vertex -11.4811 1.07719 -3.3359
      vertex -11.4429 1.15699 -3.34268
    endloop
  endfacet
  facet normal -0.238225 0.543099 -0.805166
    outer loop
      vertex -15.1603 3.7759 -2.12132
      vertex -14.5208 4.05641 -2.12132
      vertex -14.3343 3.3203 -2.67302
    endloop
  endfacet
  facet normal -0.23822 0.543105 -0.805163
    outer loop
      vertex -15.1603 3.7759 -2.12132
      vertex -14.3343 3.3203 -2.67302
      vertex -14.7449 3.1402 -2.67302
    endloop
  endfacet
  facet normal -0.110763 0.0564927 -0.99224
    outer loop
      vertex -14.4439 2.15238 -2.96306
      vertex -13.6829 1.9813 -3.05775
      vertex -13.6834 1.96258 -3.05876
    endloop
  endfacet
  facet normal -0.110775 0.0564441 -0.992241
    outer loop
      vertex -8 0.544017 -3.77396
      vertex -11.3 1.44557 -3.35426
      vertex -8 0.703636 -3.76488
    endloop
  endfacet
  facet normal -0.110776 0.0564383 -0.992242
    outer loop
      vertex -11.3 1.44557 -3.35426
      vertex -8 0.544017 -3.77396
      vertex -11.3352 1.37648 -3.35426
    endloop
  endfacet
  facet normal -0.521594 0.282286 -0.805143
    outer loop
      vertex -15.674 3.30294 -2.12132
      vertex -15.0748 2.83654 -2.67302
      vertex -15.2882 2.44223 -2.67302
    endloop
  endfacet
  facet normal -0.40166 0.436368 -0.805141
    outer loop
      vertex -15.674 3.30294 -2.12132
      vertex -14.7449 3.1402 -2.67302
      vertex -15.0748 2.83654 -2.67302
    endloop
  endfacet
  facet normal 0.802454 -0.1271 -0.583021
    outer loop
      vertex -2.70293 -0.266955 -2.1252
      vertex -2.43597 0 -1.81596
      vertex -2.58457 -0.938198 -1.81596
    endloop
  endfacet
  facet normal 0.891007 -0.45399 8.40587e-19
    outer loop
      vertex -2.32686 -1.3862 0.625737
      vertex -2.24261 -1.22085 -0.625737
      vertex -2.24261 -1.22085 0.625737
    endloop
  endfacet
  facet normal 0.891007 -0.45399 8.40587e-19
    outer loop
      vertex -2.24261 -1.22085 -0.625737
      vertex -2.32686 -1.3862 0.625737
      vertex -2.32686 -1.3862 -0.625737
    endloop
  endfacet
  facet normal -0.185323 -0.247313 -0.951048
    outer loop
      vertex -11.709 0.516968 -3.17603
      vertex -8 -0.0689832 -3.7464
      vertex -8 -1.07009 -3.48607
    endloop
  endfacet
  facet normal -0.185322 -0.247306 -0.95105
    outer loop
      vertex -8 -0.0689832 -3.7464
      vertex -11.709 0.516968 -3.17603
      vertex -11.5655 0.886179 -3.3
    endloop
  endfacet
  facet normal -0.17084 -0.185472 -0.967685
    outer loop
      vertex -11.5655 0.886179 -3.3
      vertex -8 -0.0538527 -3.7493
      vertex -8 -0.0689832 -3.7464
    endloop
  endfacet
  facet normal -0.170866 -0.185581 -0.967659
    outer loop
      vertex -8 -0.0538527 -3.7493
      vertex -11.5655 0.886179 -3.3
      vertex -11.5476 0.929401 -3.31145
    endloop
  endfacet
  facet normal -0.308619 0.0514433 -0.949794
    outer loop
      vertex -15.2882 2.44223 -2.67302
      vertex -14.4439 2.15238 -2.96306
      vertex -14.4693 2 -2.96306
    endloop
  endfacet
  facet normal -0.143677 -0.0747941 -0.986794
    outer loop
      vertex -14.4439 1.84762 -2.96306
      vertex -14.2608 1.8 -2.98611
      vertex -14.2733 1.8 -2.98429
    endloop
  endfacet
  facet normal -0.143176 -0.0729529 -0.987005
    outer loop
      vertex -11.5041 1.02712 -3.32886
      vertex -8 0.171962 -3.77396
      vertex -8 0.0491155 -3.76488
    endloop
  endfacet
  facet normal -0.143187 -0.0730014 -0.987
    outer loop
      vertex -8 0.171962 -3.77396
      vertex -11.5041 1.02712 -3.32886
      vertex -11.4811 1.07719 -3.3359
    endloop
  endfacet
  facet normal -0.0465517 0.306848 -0.950619
    outer loop
      vertex -14.1152 2.45494 -2.96306
      vertex -13.5483 3.06615 -2.79353
      vertex -13.6627 2.35295 -3.01814
    endloop
  endfacet
  facet normal -0.0465363 0.306835 -0.950624
    outer loop
      vertex -13.5483 3.06615 -2.79353
      vertex -14.1152 2.45494 -2.96306
      vertex -14.3343 3.3203 -2.67302
    endloop
  endfacet
  facet normal -0.0465256 0.306885 -0.950609
    outer loop
      vertex -11.1244 1.7808 -3.32707
      vertex -8 1.27235 -3.64413
      vertex -8 1.07655 -3.70734
    endloop
  endfacet
  facet normal -0.0465353 0.306835 -0.950624
    outer loop
      vertex -8 1.27235 -3.64413
      vertex -11.1244 1.7808 -3.32707
      vertex -11.0044 2.24371 -3.18353
    endloop
  endfacet
  facet normal -0.047941 0.30156 -0.952241
    outer loop
      vertex -14.1152 2.45494 -2.96306
      vertex -13.6627 2.35295 -3.01814
      vertex -13.6634 2.34886 -3.0194
    endloop
  endfacet
  facet normal -0.0478564 0.30182 -0.952163
    outer loop
      vertex -11.1279 1.76712 -3.33123
      vertex -8 1.07655 -3.70734
      vertex -8 1.01926 -3.7255
    endloop
  endfacet
  facet normal -0.047863 0.301795 -0.952171
    outer loop
      vertex -8 1.07655 -3.70734
      vertex -11.1279 1.76712 -3.33123
      vertex -11.1244 1.7808 -3.32707
    endloop
  endfacet
  facet normal -0.0477652 0.302149 -0.952063
    outer loop
      vertex -11.1279 1.76712 -3.33123
      vertex -8 1.01926 -3.7255
      vertex -11.1351 1.7553 -3.33462
    endloop
  endfacet
  facet normal -0.714848 0.386901 -0.582494
    outer loop
      vertex -16.5282 2.86793 -1.36197
      vertex -15.674 3.30294 -2.12132
      vertex -16.0064 2.68879 -2.12132
    endloop
  endfacet
  facet normal -0.801754 0.13376 -0.582494
    outer loop
      vertex -16.673 2 -1.36197
      vertex -16.5282 2.86793 -1.36197
      vertex -16.0064 2.68879 -2.12132
    endloop
  endfacet
  facet normal -0.308634 -0.0514458 -0.949789
    outer loop
      vertex -14.5826 1.8 -2.91541
      vertex -14.4693 2 -2.96306
      vertex -14.4439 1.84762 -2.96306
    endloop
  endfacet
  facet normal -0.30866 -0.0514292 -0.949781
    outer loop
      vertex -14.4693 2 -2.96306
      vertex -14.5826 1.8 -2.91541
      vertex -14.8396 1.8 -2.83189
    endloop
  endfacet
  facet normal -0.27512 -0.149057 -0.949785
    outer loop
      vertex -14.5826 1.8 -2.91541
      vertex -14.4439 1.84762 -2.96306
      vertex -14.4181 1.8 -2.96306
    endloop
  endfacet
  facet normal -0.100023 0.0995856 -0.989989
    outer loop
      vertex -14.3703 2.28825 -2.96306
      vertex -13.6782 2.13412 -3.04849
      vertex -13.6789 2.1194 -3.0499
    endloop
  endfacet
  facet normal -0.0999294 0.0999285 -0.989964
    outer loop
      vertex -8 0.732584 -3.76314
      vertex -11.2263 1.58812 -3.35111
      vertex -8 0.869693 -3.7493
    endloop
  endfacet
  facet normal -0.0999404 0.0998887 -0.989967
    outer loop
      vertex -11.2263 1.58812 -3.35111
      vertex -8 0.732584 -3.76314
      vertex -11.2578 1.52816 -3.35398
    endloop
  endfacet
  facet normal -0.0983449 0.106788 -0.989406
    outer loop
      vertex -13.6782 2.13412 -3.04849
      vertex -14.2567 2.39288 -2.96306
      vertex -13.672 2.25305 -3.03627
    endloop
  endfacet
  facet normal -0.0983485 0.10678 -0.989407
    outer loop
      vertex -14.2567 2.39288 -2.96306
      vertex -13.6782 2.13412 -3.04849
      vertex -14.3703 2.28825 -2.96306
    endloop
  endfacet
  facet normal -0.0983494 0.106725 -0.989413
    outer loop
      vertex -8 0.869693 -3.7493
      vertex -11.1887 1.65916 -3.34718
      vertex -8 0.896578 -3.7464
    endloop
  endfacet
  facet normal -0.0983348 0.106782 -0.989408
    outer loop
      vertex -11.1887 1.65916 -3.34718
      vertex -8 0.869693 -3.7493
      vertex -11.2263 1.58812 -3.35111
    endloop
  endfacet
  facet normal 0.802453 -0.127095 -0.583023
    outer loop
      vertex -2.75 0 -2.24818
      vertex -2.43597 0 -1.81596
      vertex -2.70293 -0.266955 -2.1252
    endloop
  endfacet
  facet normal 0.802454 0.127085 -0.583024
    outer loop
      vertex -2.75 0 -2.24818
      vertex -2.75 0.314027 -2.17973
      vertex -2.43597 0 -1.81596
    endloop
  endfacet
  facet normal 0.84839 -0.432276 -0.305567
    outer loop
      vertex -2.46382 -1.14897 -1.3416
      vertex -2.24261 -1.22085 -0.625737
      vertex -2.32686 -1.3862 -0.625737
    endloop
  endfacet
  facet normal 0.940027 -0.14889 -0.306891
    outer loop
      vertex -2.43597 0 -1.81596
      vertex -2.58415 -0.940555 -1.81353
      vertex -2.58457 -0.938198 -1.81596
    endloop
  endfacet
  facet normal 0.940447 -0.148952 -0.30557
    outer loop
      vertex -2.43597 0 -1.81596
      vertex -2.46382 -1.14897 -1.3416
      vertex -2.58415 -0.940555 -1.81353
    endloop
  endfacet
  facet normal 0.940448 -0.14895 -0.305566
    outer loop
      vertex -2.46382 -1.14897 -1.3416
      vertex -2.43597 0 -1.81596
      vertex -2.24261 -1.22085 -0.625737
    endloop
  endfacet
  facet normal -0.110061 0.0595838 -0.992137
    outer loop
      vertex -13.6829 1.9813 -3.05775
      vertex -14.3703 2.28825 -2.96306
      vertex -13.6789 2.1194 -3.0499
    endloop
  endfacet
  facet normal -0.110049 0.0596126 -0.992137
    outer loop
      vertex -14.3703 2.28825 -2.96306
      vertex -13.6829 1.9813 -3.05775
      vertex -14.4439 2.15238 -2.96306
    endloop
  endfacet
  facet normal -0.110042 0.0596351 -0.992136
    outer loop
      vertex -11.266 1.51227 -3.35403
      vertex -8 0.732584 -3.76314
      vertex -8 0.703636 -3.76488
    endloop
  endfacet
  facet normal -0.109983 0.0598782 -0.992128
    outer loop
      vertex -8 0.732584 -3.76314
      vertex -11.266 1.51227 -3.35403
      vertex -11.2578 1.52816 -3.35398
    endloop
  endfacet
  facet normal -0.110069 0.0595281 -0.99214
    outer loop
      vertex -11.266 1.51227 -3.35403
      vertex -8 0.703636 -3.76488
      vertex -11.3 1.44557 -3.35426
    endloop
  endfacet
  facet normal -0.275117 0.149029 -0.94979
    outer loop
      vertex -15.2882 2.44223 -2.67302
      vertex -14.3703 2.28825 -2.96306
      vertex -14.4439 2.15238 -2.96306
    endloop
  endfacet
  facet normal -0.242535 -0.970143 0
    outer loop
      vertex -11.1133 0.325645 -0.420951
      vertex -8 -0.452677 0.420951
      vertex -11.1133 0.325645 0.420951
    endloop
  endfacet
  facet normal -0.242535 -0.970143 -0
    outer loop
      vertex -8 -0.452677 0.420951
      vertex -11.1133 0.325645 -0.420951
      vertex -8 -0.452677 -0.420951
    endloop
  endfacet
  facet normal 0.179408 0.717629 0.67292
    outer loop
      vertex -11.8863 -0.923151 -1.01627
      vertex -8 -2.45296 -0.420951
      vertex -8 -1.89473 -1.01627
    endloop
  endfacet
  facet normal 0.179408 0.717629 0.67292
    outer loop
      vertex -8 -2.45296 -0.420951
      vertex -11.8863 -0.923151 -1.01627
      vertex -12.3329 -1.36973 -0.420951
    endloop
  endfacet
  facet normal 0.179408 0.717629 -0.67292
    outer loop
      vertex -8 -2.45296 0.420951
      vertex -11.8863 -0.923151 1.01627
      vertex -8 -1.89473 1.01627
    endloop
  endfacet
  facet normal 0.179408 0.717629 -0.67292
    outer loop
      vertex -11.8863 -0.923151 1.01627
      vertex -8 -2.45296 0.420951
      vertex -12.3329 -1.36973 0.420951
    endloop
  endfacet
  facet normal -0.171516 -0.686066 0.707033
    outer loop
      vertex -11.3906 -0.218543 -1.01627
      vertex -8 -0.452677 -0.420951
      vertex -11.1133 0.325645 -0.420951
    endloop
  endfacet
  facet normal -0.171515 -0.686072 0.707028
    outer loop
      vertex -8 -0.452677 -0.420951
      vertex -11.3906 -0.218543 -1.01627
      vertex -8 -1.06618 -1.01627
    endloop
  endfacet
  facet normal -0.171515 -0.686072 -0.707028
    outer loop
      vertex -11.3906 -0.218543 1.01627
      vertex -8 -0.452677 0.420951
      vertex -8 -1.06618 1.01627
    endloop
  endfacet
  facet normal -0.171516 -0.686066 -0.707033
    outer loop
      vertex -8 -0.452677 0.420951
      vertex -11.3906 -0.218543 1.01627
      vertex -11.1133 0.325645 0.420951
    endloop
  endfacet
  facet normal 0 0 -1
    outer loop
      vertex -11.6075 -0.644388 1.01627
      vertex -8 -1.06618 1.01627
      vertex -8 -1.89473 1.01627
    endloop
  endfacet
  facet normal 0 0 -1
    outer loop
      vertex -8 -1.06618 1.01627
      vertex -11.6075 -0.644388 1.01627
      vertex -11.3906 -0.218543 1.01627
    endloop
  endfacet
  facet normal 0 -0 -1
    outer loop
      vertex -11.6075 -0.644388 1.01627
      vertex -8 -1.89473 1.01627
      vertex -11.8863 -0.923151 1.01627
    endloop
  endfacet
  facet normal 0.242537 0.970142 -0
    outer loop
      vertex -8 -2.45296 -0.420951
      vertex -12.3329 -1.36973 0.420951
      vertex -8 -2.45296 0.420951
    endloop
  endfacet
  facet normal 0.242537 0.970142 0
    outer loop
      vertex -12.3329 -1.36973 0.420951
      vertex -8 -2.45296 -0.420951
      vertex -12.3329 -1.36973 -0.420951
    endloop
  endfacet
  facet normal -0 0 1
    outer loop
      vertex -11.6075 -0.644388 -1.01627
      vertex -8 -1.06618 -1.01627
      vertex -11.3906 -0.218543 -1.01627
    endloop
  endfacet
  facet normal 0 0 1
    outer loop
      vertex -8 -1.06618 -1.01627
      vertex -11.6075 -0.644388 -1.01627
      vertex -8 -1.89473 -1.01627
    endloop
  endfacet
  facet normal 0 0 1
    outer loop
      vertex -8 -1.89473 -1.01627
      vertex -11.6075 -0.644388 -1.01627
      vertex -11.8863 -0.923151 -1.01627
    endloop
  endfacet
  facet normal -0.308655 0.0488698 0.949918
    outer loop
      vertex -21.6319 4 7.12805
      vertex -19.2515 4 7.90151
      vertex -21.4542 5.12233 7.12805
    endloop
  endfacet
  facet normal 0.308655 0.0488698 0.949918
    outer loop
      vertex -16.7485 4 7.90151
      vertex -14.3681 4 7.12805
      vertex -14.5458 5.12233 7.12805
    endloop
  endfacet
  facet normal -0.432298 -0.848388 0.305545
    outer loop
      vertex -22.4264 -2.13667 2.26995
      vertex -22.1898 -1.76672 3.63192
      vertex -22.4427 -2.11492 2.30728
    endloop
  endfacet
  facet normal -0.432274 -0.8484 0.305544
    outer loop
      vertex -22.1898 -1.76672 3.63192
      vertex -22.4264 -2.13667 2.26995
      vertex -20.2027 -2.77918 3.63192
    endloop
  endfacet
  facet normal -0.432281 -0.84839 0.30556
    outer loop
      vertex -22.4264 -2.2058 2.07801
      vertex -20.2027 -2.77918 3.63192
      vertex -22.4264 -2.13667 2.26995
    endloop
  endfacet
  facet normal -0.432287 -0.848383 0.305572
    outer loop
      vertex -20.2027 -2.77918 3.63192
      vertex -22.4264 -2.2058 2.07801
      vertex -22.4264 -2.42697 1.46396
    endloop
  endfacet
  facet normal -0.585241 0.0927047 0.805542
    outer loop
      vertex -23.6569 4 5.65685
      vertex -21.6319 4 7.12805
      vertex -23.38 5.74806 5.65685
    endloop
  endfacet
  facet normal 0.802454 0.127112 -0.583018
    outer loop
      vertex -12.62 5.74806 -5.65685
      vertex -10.8719 4 -3.63192
      vertex -12.3431 4 -5.65685
    endloop
  endfacet
  facet normal -0.585268 0.0926662 0.805528
    outer loop
      vertex -23.38 5.74806 5.65685
      vertex -21.6319 4 7.12805
      vertex -21.4542 5.12233 7.12805
    endloop
  endfacet
  facet normal -0.585241 -0.0927047 0.805542
    outer loop
      vertex -23.6569 4 5.65685
      vertex -23.38 2.25194 5.65685
      vertex -21.6319 4 7.12805
    endloop
  endfacet
  facet normal 0.585268 -0.0926662 0.805528
    outer loop
      vertex -14.5458 2.87767 7.12805
      vertex -12.62 2.25194 5.65685
      vertex -14.3681 4 7.12805
    endloop
  endfacet
  facet normal 0.940428 -0.149031 -0.305589
    outer loop
      vertex -10.8666 2.76697 -3.01428
      vertex -10.8719 4 -3.63192
      vertex -10.7307 3.10816 -2.76245
    endloop
  endfacet
  facet normal 0.940572 -0.148852 -0.305232
    outer loop
      vertex -10.8864 2.69794 -3.04163
      vertex -10.8719 4 -3.63192
      vertex -10.8666 2.76697 -3.01428
    endloop
  endfacet
  facet normal 0.940421 -0.148794 -0.305728
    outer loop
      vertex -11.2208 1.79731 -3.63192
      vertex -10.8864 2.69794 -3.04163
      vertex -11.0044 2.24371 -3.18353
    endloop
  endfacet
  facet normal 0.94047 -0.148968 -0.305491
    outer loop
      vertex -10.8864 2.69794 -3.04163
      vertex -11.2208 1.79731 -3.63192
      vertex -10.8719 4 -3.63192
    endloop
  endfacet
  facet normal 0.940461 -0.149075 -0.305467
    outer loop
      vertex -11.1244 1.7808 -3.32707
      vertex -11.2208 1.79731 -3.63192
      vertex -11.0044 2.24371 -3.18353
    endloop
  endfacet
  facet normal 0.940667 -0.147779 -0.305462
    outer loop
      vertex -11.2208 1.79731 -3.63192
      vertex -11.1244 1.7808 -3.32707
      vertex -11.1279 1.76712 -3.33123
    endloop
  endfacet
  facet normal 0.72391 -0.368851 0.583013
    outer loop
      vertex -13.4235 0.674984 5.65685
      vertex -12.2333 -0.189763 3.63192
      vertex -12.62 2.25194 5.65685
    endloop
  endfacet
  facet normal -0.0926975 -0.585252 -0.805535
    outer loop
      vertex -19.7481 -1.37999 -5.65685
      vertex -19.1223 0.545835 -7.12805
      vertex -18 0.368075 -7.12805
    endloop
  endfacet
  facet normal 0.723836 0.368899 -0.583074
    outer loop
      vertex -12.7484 6 -5.65685
      vertex -12.5801 6 -5.44792
      vertex -12.62 5.74806 -5.65685
    endloop
  endfacet
  facet normal 0.368844 -0.723911 -0.583015
    outer loop
      vertex -16.2519 -1.37999 -5.65685
      vertex -13.8102 -1.76672 -3.63192
      vertex -15.7973 -2.77918 -3.63192
    endloop
  endfacet
  facet normal 0.0926915 -0.585256 0.805533
    outer loop
      vertex -18 -1.65685 5.65685
      vertex -16.2519 -1.37999 5.65685
      vertex -18 0.368075 7.12805
    endloop
  endfacet
  facet normal -0.220949 0.22098 0.949921
    outer loop
      vertex -19.4531 6 7.50489
      vertex -19.0125 4.7356 7.90151
      vertex -18.7356 5.01246 7.90151
    endloop
  endfacet
  facet normal -0.220965 0.220974 0.949918
    outer loop
      vertex -19.0125 4.7356 7.90151
      vertex -19.4531 6 7.50489
      vertex -20.7528 6 7.20256
    endloop
  endfacet
  facet normal 0.308631 -0.0489207 0.949923
    outer loop
      vertex -16.8098 3.61327 7.90151
      vertex -14.5458 2.87767 7.12805
      vertex -16.7485 4 7.90151
    endloop
  endfacet
  facet normal -0.453999 -0.891002 7.32939e-05
    outer loop
      vertex -22.2606 -2.58802 0.782172
      vertex -20.4417 -3.51478 1.25148
      vertex -22.4264 -2.5035 1.25148
    endloop
  endfacet
  facet normal -0.453984 -0.89101 0
    outer loop
      vertex -22.2606 -2.58802 -0.782172
      vertex -20.4417 -3.51478 1.25148
      vertex -22.2606 -2.58802 0.782172
    endloop
  endfacet
  facet normal -0.453999 -0.891002 -7.32939e-05
    outer loop
      vertex -20.4417 -3.51478 -1.25148
      vertex -22.2606 -2.58802 -0.782172
      vertex -22.4264 -2.5035 -1.25148
    endloop
  endfacet
  facet normal -0.453984 -0.89101 1.78133e-17
    outer loop
      vertex -22.2606 -2.58802 -0.782172
      vertex -20.4417 -3.51478 -1.25148
      vertex -20.4417 -3.51478 1.25148
    endloop
  endfacet
  facet normal 0.308631 0.0489207 0.949923
    outer loop
      vertex -16.8098 4.38673 7.90151
      vertex -16.7485 4 7.90151
      vertex -14.5458 5.12233 7.12805
    endloop
  endfacet
  facet normal 0.432271 -0.848394 0.305564
    outer loop
      vertex -15.7973 -2.77918 3.63192
      vertex -13.3556 -2.39245 1.25148
      vertex -13.8102 -1.76672 3.63192
    endloop
  endfacet
  facet normal -0.368844 -0.723911 0.583015
    outer loop
      vertex -22.1898 -1.76672 3.63192
      vertex -20.2027 -2.77918 3.63192
      vertex -19.7481 -1.37999 5.65685
    endloop
  endfacet
  facet normal -0.148951 -0.940447 0.30557
    outer loop
      vertex -20.4417 -3.51478 1.25148
      vertex -18 -3.12805 3.63192
      vertex -20.2027 -2.77918 3.63192
    endloop
  endfacet
  facet normal 0.148953 -0.940446 -0.305573
    outer loop
      vertex -18 -3.90151 -1.25148
      vertex -18 -3.12805 -3.63192
      vertex -15.5583 -3.51478 -1.25148
    endloop
  endfacet
  facet normal -0.585241 -0.0927047 -0.805542
    outer loop
      vertex -23.6569 4 -5.65685
      vertex -21.6319 4 -7.12805
      vertex -23.38 2.25194 -5.65685
    endloop
  endfacet
  facet normal -0.585268 0.0926662 -0.805528
    outer loop
      vertex -23.38 5.74806 -5.65685
      vertex -21.4542 5.12233 -7.12805
      vertex -21.6319 4 -7.12805
    endloop
  endfacet
  facet normal -0.308631 -0.0489207 -0.949923
    outer loop
      vertex -21.4542 2.87767 -7.12805
      vertex -19.2515 4 -7.90151
      vertex -19.1902 3.61327 -7.90151
    endloop
  endfacet
  facet normal 0.940414 0.149245 0.305527
    outer loop
      vertex -11.1887 6 3.63192
      vertex -10.6004 5.71418 1.96075
      vertex -10.7382 6 2.24528
    endloop
  endfacet
  facet normal 0.94044 0.148966 0.305584
    outer loop
      vertex -10.6004 5.71418 1.96075
      vertex -11.1887 6 3.63192
      vertex -10.8719 4 3.63192
    endloop
  endfacet
  facet normal -0.278436 0.141872 0.949919
    outer loop
      vertex -21.4542 5.12233 7.12805
      vertex -20.7528 6 7.20256
      vertex -21.007 6 7.12805
    endloop
  endfacet
  facet normal -0.278436 0.141872 0.949919
    outer loop
      vertex -20.7528 6 7.20256
      vertex -21.4542 5.12233 7.12805
      vertex -19.0125 4.7356 7.90151
    endloop
  endfacet
  facet normal 0.308655 -0.0488698 0.949918
    outer loop
      vertex -16.7485 4 7.90151
      vertex -14.5458 2.87767 7.12805
      vertex -14.3681 4 7.12805
    endloop
  endfacet
  facet normal -0.432281 -0.84839 -0.30556
    outer loop
      vertex -20.2027 -2.77918 -3.63192
      vertex -22.4264 -2.2058 -2.07801
      vertex -22.4264 -2.13667 -2.26995
    endloop
  endfacet
  facet normal -0.432298 -0.848388 -0.305545
    outer loop
      vertex -22.1898 -1.76672 -3.63192
      vertex -22.4264 -2.13667 -2.26995
      vertex -22.4427 -2.11492 -2.30728
    endloop
  endfacet
  facet normal -0.432274 -0.8484 -0.305544
    outer loop
      vertex -20.2027 -2.77918 -3.63192
      vertex -22.4264 -2.13667 -2.26995
      vertex -22.1898 -1.76672 -3.63192
    endloop
  endfacet
  facet normal -0.432287 -0.848383 -0.305572
    outer loop
      vertex -22.4264 -2.2058 -2.07801
      vertex -20.2027 -2.77918 -3.63192
      vertex -22.4264 -2.42697 -1.46396
    endloop
  endfacet
  facet normal 0.707118 -0.707095 0.000465878
    outer loop
      vertex -13.3556 -2.39245 1.25148
      vertex -12.4807 -1.51759 1.14656
      vertex -12.4545 -1.49132 1.25148
    endloop
  endfacet
  facet normal 0.707088 -0.707125 -3.55278e-05
    outer loop
      vertex -13.3556 -2.39245 1.25148
      vertex -12.6384 -1.67525 0.512837
      vertex -12.4807 -1.51759 1.14656
    endloop
  endfacet
  facet normal 0.707107 -0.707107 -5.55299e-18
    outer loop
      vertex -13.3556 -2.39245 1.25148
      vertex -12.6384 -1.67525 -0.512837
      vertex -12.6384 -1.67525 0.512837
    endloop
  endfacet
  facet normal 0.707107 -0.707107 0
    outer loop
      vertex -13.3556 -2.39245 -1.25148
      vertex -12.6384 -1.67525 -0.512837
      vertex -13.3556 -2.39245 1.25148
    endloop
  endfacet
  facet normal 0.707088 -0.707125 3.55278e-05
    outer loop
      vertex -12.6384 -1.67525 -0.512837
      vertex -13.3556 -2.39245 -1.25148
      vertex -12.4807 -1.51759 -1.14656
    endloop
  endfacet
  facet normal 0.707118 -0.707095 -0.000465878
    outer loop
      vertex -12.4807 -1.51759 -1.14656
      vertex -13.3556 -2.39245 -1.25148
      vertex -12.4545 -1.49132 -1.25148
    endloop
  endfacet
  facet normal 0.70706 -0.707154 4.54581e-05
    outer loop
      vertex -12.3329 -1.36973 0.420951
      vertex -11.6075 -0.644388 1.01627
      vertex -11.8863 -0.923151 1.01627
    endloop
  endfacet
  facet normal 0.707079 -0.707135 0
    outer loop
      vertex -11.6075 -0.644388 1.01627
      vertex -12.3329 -1.36973 0.420951
      vertex -11.6075 -0.644388 -1.01627
    endloop
  endfacet
  facet normal 0.707079 -0.707135 0
    outer loop
      vertex -12.3329 -1.36973 -0.420951
      vertex -11.6075 -0.644388 -1.01627
      vertex -12.3329 -1.36973 0.420951
    endloop
  endfacet
  facet normal 0.70706 -0.707154 -4.54581e-05
    outer loop
      vertex -11.6075 -0.644388 -1.01627
      vertex -12.3329 -1.36973 -0.420951
      vertex -11.8863 -0.923151 -1.01627
    endloop
  endfacet
  facet normal 0.148951 -0.940447 0.30557
    outer loop
      vertex -18 -3.12805 3.63192
      vertex -15.5583 -3.51478 1.25148
      vertex -15.7973 -2.77918 3.63192
    endloop
  endfacet
  facet normal 0.278445 0.141828 0.949923
    outer loop
      vertex -16.9875 4.7356 7.90151
      vertex -16.8098 4.38673 7.90151
      vertex -14.5458 5.12233 7.12805
    endloop
  endfacet
  facet normal 0.368844 -0.723911 0.583015
    outer loop
      vertex -16.2519 -1.37999 5.65685
      vertex -15.7973 -2.77918 3.63192
      vertex -13.8102 -1.76672 3.63192
    endloop
  endfacet
  facet normal -0.308655 0.0488698 -0.949918
    outer loop
      vertex -21.6319 4 -7.12805
      vertex -21.4542 5.12233 -7.12805
      vertex -19.2515 4 -7.90151
    endloop
  endfacet
  facet normal -0.269021 -0.527964 -0.805532
    outer loop
      vertex -21.325 -0.57649 -5.65685
      vertex -20.1348 1.06171 -7.12805
      vertex -19.7481 -1.37999 -5.65685
    endloop
  endfacet
  facet normal 0.368857 -0.723895 -0.583027
    outer loop
      vertex -16.2519 -1.37999 -5.65685
      vertex -14.675 -0.57649 -5.65685
      vertex -13.8102 -1.76672 -3.63192
    endloop
  endfacet
  facet normal -0.574564 -0.574507 -0.582939
    outer loop
      vertex -22.845 -0.968183 -3.77312
      vertex -22.1898 -1.76672 -3.63192
      vertex -22.7972 -1.15926 -3.63192
    endloop
  endfacet
  facet normal -0.574519 -0.574482 -0.583008
    outer loop
      vertex -22.1898 -1.76672 -3.63192
      vertex -22.845 -0.968183 -3.77312
      vertex -22.5765 0.674984 -5.65685
    endloop
  endfacet
  facet normal -0.574498 -0.574495 -0.583016
    outer loop
      vertex -23.0758 -0.0453581 -4.45503
      vertex -22.5765 0.674984 -5.65685
      vertex -22.845 -0.968183 -3.77312
    endloop
  endfacet
  facet normal -0.574569 -0.574432 -0.583008
    outer loop
      vertex -22.5765 0.674984 -5.65685
      vertex -23.0758 -0.0453581 -4.45503
      vertex -23.2269 0.202399 -4.55023
    endloop
  endfacet
  facet normal -0.723897 0.368851 0.583028
    outer loop
      vertex -24.1554 6 4.53471
      vertex -23.38 5.74806 5.65685
      vertex -23.4199 6 5.44792
    endloop
  endfacet
  facet normal -0.278445 -0.141828 -0.949923
    outer loop
      vertex -21.4542 2.87767 -7.12805
      vertex -19.1902 3.61327 -7.90151
      vertex -19.0125 3.2644 -7.90151
    endloop
  endfacet
  facet normal -0.802476 0.127149 -0.58298
    outer loop
      vertex -23.38 5.74806 -5.65685
      vertex -24.5817 4.39389 -4.29805
      vertex -24.6255 4.50255 -4.21406
    endloop
  endfacet
  facet normal -0.802445 0.127059 -0.583042
    outer loop
      vertex -23.38 5.74806 -5.65685
      vertex -24.4998 4.19079 -4.45503
      vertex -24.5817 4.39389 -4.29805
    endloop
  endfacet
  facet normal -0.802471 0.127115 -0.582995
    outer loop
      vertex -23.6569 4 -5.65685
      vertex -24.4998 4.19079 -4.45503
      vertex -23.38 5.74806 -5.65685
    endloop
  endfacet
  facet normal -0.802475 0.127093 -0.582994
    outer loop
      vertex -24.4998 4.19079 -4.45503
      vertex -23.6569 4 -5.65685
      vertex -24.4844 4 -4.51782
    endloop
  endfacet
  facet normal -0.802477 -0.127071 -0.582996
    outer loop
      vertex -23.6569 4 -5.65685
      vertex -24.0376 2.9095 -4.89514
      vertex -24.4844 4 -4.51782
    endloop
  endfacet
  facet normal -0.802442 -0.12711 -0.583035
    outer loop
      vertex -24.0376 2.9095 -4.89514
      vertex -23.6569 4 -5.65685
      vertex -23.38 2.25194 -5.65685
    endloop
  endfacet
  facet normal 0.418994 -0.419003 -0.805531
    outer loop
      vertex -15.8652 1.06171 -7.12805
      vertex -13.4235 0.674984 -5.65685
      vertex -14.675 -0.57649 -5.65685
    endloop
  endfacet
  facet normal 0.585241 -0.0927047 0.805542
    outer loop
      vertex -14.3681 4 7.12805
      vertex -12.62 2.25194 5.65685
      vertex -12.3431 4 5.65685
    endloop
  endfacet
  facet normal 0.940398 -0.149312 0.305543
    outer loop
      vertex -10.8719 4 3.63192
      vertex -10.3659 3.85852 2.00542
      vertex -10.2762 4 1.79848
    endloop
  endfacet
  facet normal 0.940475 -0.148862 0.305528
    outer loop
      vertex -10.8719 4 3.63192
      vertex -10.5447 3.57514 2.41773
      vertex -10.3659 3.85852 2.00542
    endloop
  endfacet
  facet normal 0.940421 -0.149078 0.305589
    outer loop
      vertex -10.8719 4 3.63192
      vertex -10.7162 3.14466 2.7355
      vertex -10.5447 3.57514 2.41773
    endloop
  endfacet
  facet normal 0.940693 -0.148464 0.30505
    outer loop
      vertex -10.7162 3.14466 2.7355
      vertex -10.8719 4 3.63192
      vertex -10.7307 3.10816 2.76245
    endloop
  endfacet
  facet normal 0.141867 -0.278439 -0.949919
    outer loop
      vertex -17.2644 2.98753 -7.90151
      vertex -15.8652 1.06171 -7.12805
      vertex -16.8777 0.545835 -7.12805
    endloop
  endfacet
  facet normal 0.141822 0.278444 -0.949924
    outer loop
      vertex -17.2644 5.01246 -7.90151
      vertex -17.3502 6 -7.62485
      vertex -17.108 6 -7.58869
    endloop
  endfacet
  facet normal 0.141864 0.278445 -0.949917
    outer loop
      vertex -17.3502 6 -7.62485
      vertex -17.2644 5.01246 -7.90151
      vertex -17.6133 5.19022 -7.90151
    endloop
  endfacet
  facet normal 0.527959 0.269043 0.805528
    outer loop
      vertex -14.2107 6 6.61528
      vertex -14.5458 5.12233 7.12805
      vertex -12.62 5.74806 5.65685
    endloop
  endfacet
  facet normal 0.527987 0.269026 0.805515
    outer loop
      vertex -14.5458 5.12233 7.12805
      vertex -14.2107 6 6.61528
      vertex -14.993 6 7.12805
    endloop
  endfacet
  facet normal 0.0488868 -0.30865 0.949919
    outer loop
      vertex -18 0.368075 7.12805
      vertex -16.8777 0.545835 7.12805
      vertex -18 2.74852 7.90151
    endloop
  endfacet
  facet normal 0.84959 -0.429857 0.305645
    outer loop
      vertex -11.2208 1.79731 3.63192
      vertex -11.1351 1.7553 3.33462
      vertex -11.1279 1.76712 3.33123
    endloop
  endfacet
  facet normal 0.848121 -0.432759 0.305631
    outer loop
      vertex -11.2208 1.79731 3.63192
      vertex -11.1642 1.70339 3.34187
      vertex -11.1351 1.7553 3.33462
    endloop
  endfacet
  facet normal 0.847972 -0.433012 0.305684
    outer loop
      vertex -11.2208 1.79731 3.63192
      vertex -11.1887 1.65916 3.34718
      vertex -11.1642 1.70339 3.34187
    endloop
  endfacet
  facet normal 0.848505 -0.432204 0.305352
    outer loop
      vertex -11.2208 1.79731 3.63192
      vertex -11.2263 1.58812 3.35111
      vertex -11.1887 1.65916 3.34718
    endloop
  endfacet
  facet normal 0.849076 -0.431473 0.304797
    outer loop
      vertex -11.2208 1.79731 3.63192
      vertex -11.2578 1.52816 3.35398
      vertex -11.2263 1.58812 3.35111
    endloop
  endfacet
  facet normal 0.845546 -0.43537 0.30904
    outer loop
      vertex -11.2578 1.52816 3.35398
      vertex -11.2208 1.79731 3.63192
      vertex -11.266 1.51227 3.35403
    endloop
  endfacet
  facet normal 0.848979 -0.431712 0.30473
    outer loop
      vertex -11.2208 1.79731 3.63192
      vertex -11.3 1.44557 3.35426
      vertex -11.266 1.51227 3.35403
    endloop
  endfacet
  facet normal 0.848405 -0.432246 0.305569
    outer loop
      vertex -11.2208 1.79731 3.63192
      vertex -11.3352 1.37648 3.35426
      vertex -11.3 1.44557 3.35426
    endloop
  endfacet
  facet normal 0.848287 -0.432341 0.305762
    outer loop
      vertex -11.2208 1.79731 3.63192
      vertex -11.3777 1.29068 3.35085
      vertex -11.3352 1.37648 3.35426
    endloop
  endfacet
  facet normal 0.84851 -0.432187 0.30536
    outer loop
      vertex -11.2208 1.79731 3.63192
      vertex -11.4124 1.22054 3.348
      vertex -11.3777 1.29068 3.35085
    endloop
  endfacet
  facet normal 0.847856 -0.432585 0.30661
    outer loop
      vertex -11.2208 1.79731 3.63192
      vertex -11.4429 1.15699 3.34268
      vertex -11.4124 1.22054 3.348
    endloop
  endfacet
  facet normal 0.848632 -0.432156 0.305066
    outer loop
      vertex -11.2208 1.79731 3.63192
      vertex -11.4811 1.07719 3.3359
      vertex -11.4429 1.15699 3.34268
    endloop
  endfacet
  facet normal 0.84778 -0.432576 0.306834
    outer loop
      vertex -11.2208 1.79731 3.63192
      vertex -11.5041 1.02712 3.32886
      vertex -11.4811 1.07719 3.3359
    endloop
  endfacet
  facet normal 0.848391 -0.432292 0.305543
    outer loop
      vertex -12.2333 -0.189763 3.63192
      vertex -11.5041 1.02712 3.32886
      vertex -11.2208 1.79731 3.63192
    endloop
  endfacet
  facet normal 0.848472 -0.432454 0.305088
    outer loop
      vertex -11.5041 1.02712 3.32886
      vertex -12.2333 -0.189763 3.63192
      vertex -11.534 0.961712 3.3193
    endloop
  endfacet
  facet normal 0.848098 -0.431629 0.30729
    outer loop
      vertex -11.534 0.961712 3.3193
      vertex -12.2333 -0.189763 3.63192
      vertex -11.5476 0.929401 3.31145
    endloop
  endfacet
  facet normal 0.848381 -0.432297 0.305564
    outer loop
      vertex -11.5476 0.929401 3.31145
      vertex -12.2333 -0.189763 3.63192
      vertex -11.5655 0.886179 3.3
    endloop
  endfacet
  facet normal 0.84839 -0.43232 0.305505
    outer loop
      vertex -11.5655 0.886179 3.3
      vertex -12.2333 -0.189763 3.63192
      vertex -11.709 0.516968 3.17603
    endloop
  endfacet
  facet normal 0.848387 -0.432223 0.305653
    outer loop
      vertex -11.709 0.516968 3.17603
      vertex -12.2333 -0.189763 3.63192
      vertex -11.9098 -0.000211019 3.00204
    endloop
  endfacet
  facet normal 0.848001 -0.43336 0.305112
    outer loop
      vertex -12.2333 -0.189763 3.63192
      vertex -11.9191 -0.0334481 2.98068
      vertex -11.9098 -0.000211019 3.00204
    endloop
  endfacet
  facet normal 0.848431 -0.432168 0.305606
    outer loop
      vertex -11.9191 -0.0334481 2.98068
      vertex -12.2333 -0.189763 3.63192
      vertex -11.9987 -0.360176 2.73963
    endloop
  endfacet
  facet normal -0.723954 -0.369293 0.582678
    outer loop
      vertex -22.5765 0.674984 5.65685
      vertex -23.5175 1.38397 4.93704
      vertex -23.4966 1.30715 4.91432
    endloop
  endfacet
  facet normal -0.723892 -0.368842 0.583041
    outer loop
      vertex -23.5175 1.38397 4.93704
      vertex -22.5765 0.674984 5.65685
      vertex -23.38 2.25194 5.65685
    endloop
  endfacet
  facet normal -0.723916 -0.368864 0.582996
    outer loop
      vertex -22.5765 0.674984 5.65685
      vertex -23.4966 1.30715 4.91432
      vertex -23.2269 0.202399 4.55023
    endloop
  endfacet
  facet normal 0.585268 0.0926662 0.805528
    outer loop
      vertex -14.5458 5.12233 7.12805
      vertex -14.3681 4 7.12805
      vertex -12.62 5.74806 5.65685
    endloop
  endfacet
  facet normal -0.802602 -0.127667 0.582692
    outer loop
      vertex -24 2.81785 4.92685
      vertex -23.38 2.25194 5.65685
      vertex -24.0376 2.9095 4.89514
    endloop
  endfacet
  facet normal -0.80287 -0.12874 0.582088
    outer loop
      vertex -23.9922 2.79742 4.93309
      vertex -23.38 2.25194 5.65685
      vertex -24 2.81785 4.92685
    endloop
  endfacet
  facet normal -0.801527 -0.123196 0.58513
    outer loop
      vertex -23.9856 2.77989 4.93844
      vertex -23.38 2.25194 5.65685
      vertex -23.9922 2.79742 4.93309
    endloop
  endfacet
  facet normal -0.802452 -0.127135 0.583016
    outer loop
      vertex -23.38 2.25194 5.65685
      vertex -23.9856 2.77989 4.93844
      vertex -23.8764 2.09064 4.93844
    endloop
  endfacet
  facet normal -0.72389 -0.368891 0.583011
    outer loop
      vertex -23.5187 1.38871 4.93844
      vertex -23.38 2.25194 5.65685
      vertex -23.8764 2.09064 4.93844
    endloop
  endfacet
  facet normal -0.740156 -0.355893 0.570534
    outer loop
      vertex -23.38 2.25194 5.65685
      vertex -23.5187 1.38871 4.93844
      vertex -23.5175 1.38397 4.93704
    endloop
  endfacet
  facet normal -0.802461 0.127113 0.583008
    outer loop
      vertex -24.9292 5.2557 3.63192
      vertex -24.1554 6 4.53471
      vertex -24.8113 6 3.63192
    endloop
  endfacet
  facet normal -0.802449 0.127071 0.583033
    outer loop
      vertex -24.6255 4.50255 4.21406
      vertex -24.1554 6 4.53471
      vertex -24.9292 5.2557 3.63192
    endloop
  endfacet
  facet normal -0.802454 0.127073 0.583027
    outer loop
      vertex -24.1554 6 4.53471
      vertex -24.6255 4.50255 4.21406
      vertex -23.38 5.74806 5.65685
    endloop
  endfacet
  facet normal -0.940459 0.148866 0.305573
    outer loop
      vertex -24.9397 5.38669 3.53553
      vertex -24.8113 6 3.63192
      vertex -25.1304 6 2.64983
    endloop
  endfacet
  facet normal -0.94064 0.149001 0.304952
    outer loop
      vertex -24.8113 6 3.63192
      vertex -24.9397 5.38669 3.53553
      vertex -24.9292 5.2557 3.63192
    endloop
  endfacet
  facet normal -0.802477 -0.127071 0.582996
    outer loop
      vertex -24.0376 2.9095 4.89514
      vertex -23.6569 4 5.65685
      vertex -24.4844 4 4.51782
    endloop
  endfacet
  facet normal -0.802442 -0.12711 0.583035
    outer loop
      vertex -23.6569 4 5.65685
      vertex -24.0376 2.9095 4.89514
      vertex -23.38 2.25194 5.65685
    endloop
  endfacet
  facet normal -0.802476 0.127149 0.58298
    outer loop
      vertex -24.5817 4.39389 4.29805
      vertex -23.38 5.74806 5.65685
      vertex -24.6255 4.50255 4.21406
    endloop
  endfacet
  facet normal -0.802445 0.127059 0.583042
    outer loop
      vertex -24.4998 4.19079 4.45503
      vertex -23.38 5.74806 5.65685
      vertex -24.5817 4.39389 4.29805
    endloop
  endfacet
  facet normal -0.802475 0.127093 0.582994
    outer loop
      vertex -23.6569 4 5.65685
      vertex -24.4998 4.19079 4.45503
      vertex -24.4844 4 4.51782
    endloop
  endfacet
  facet normal -0.802471 0.127115 0.582995
    outer loop
      vertex -24.4998 4.19079 4.45503
      vertex -23.6569 4 5.65685
      vertex -23.38 5.74806 5.65685
    endloop
  endfacet
  facet normal 0.127091 -0.802456 -0.58302
    outer loop
      vertex -18 -3.12805 -3.63192
      vertex -18 -1.65685 -5.65685
      vertex -16.2519 -1.37999 -5.65685
    endloop
  endfacet
  facet normal -0.802602 -0.127667 -0.582692
    outer loop
      vertex -23.38 2.25194 -5.65685
      vertex -24 2.81785 -4.92685
      vertex -24.0376 2.9095 -4.89514
    endloop
  endfacet
  facet normal -0.80287 -0.12874 -0.582088
    outer loop
      vertex -23.38 2.25194 -5.65685
      vertex -23.9922 2.79742 -4.93309
      vertex -24 2.81785 -4.92685
    endloop
  endfacet
  facet normal -0.801527 -0.123196 -0.58513
    outer loop
      vertex -23.38 2.25194 -5.65685
      vertex -23.9856 2.77989 -4.93844
      vertex -23.9922 2.79742 -4.93309
    endloop
  endfacet
  facet normal -0.802452 -0.127135 -0.583016
    outer loop
      vertex -23.9856 2.77989 -4.93844
      vertex -23.38 2.25194 -5.65685
      vertex -23.8764 2.09064 -4.93844
    endloop
  endfacet
  facet normal -0.148951 -0.940447 -0.30557
    outer loop
      vertex -20.4417 -3.51478 -1.25148
      vertex -20.2027 -2.77918 -3.63192
      vertex -18 -3.12805 -3.63192
    endloop
  endfacet
  facet normal 0.84959 -0.429857 -0.305645
    outer loop
      vertex -11.1351 1.7553 -3.33462
      vertex -11.2208 1.79731 -3.63192
      vertex -11.1279 1.76712 -3.33123
    endloop
  endfacet
  facet normal 0.848121 -0.432759 -0.305631
    outer loop
      vertex -11.1642 1.70339 -3.34187
      vertex -11.2208 1.79731 -3.63192
      vertex -11.1351 1.7553 -3.33462
    endloop
  endfacet
  facet normal 0.847972 -0.433012 -0.305684
    outer loop
      vertex -11.1887 1.65916 -3.34718
      vertex -11.2208 1.79731 -3.63192
      vertex -11.1642 1.70339 -3.34187
    endloop
  endfacet
  facet normal 0.848505 -0.432204 -0.305352
    outer loop
      vertex -11.2263 1.58812 -3.35111
      vertex -11.2208 1.79731 -3.63192
      vertex -11.1887 1.65916 -3.34718
    endloop
  endfacet
  facet normal 0.849076 -0.431473 -0.304797
    outer loop
      vertex -11.2578 1.52816 -3.35398
      vertex -11.2208 1.79731 -3.63192
      vertex -11.2263 1.58812 -3.35111
    endloop
  endfacet
  facet normal 0.845546 -0.43537 -0.30904
    outer loop
      vertex -11.2208 1.79731 -3.63192
      vertex -11.2578 1.52816 -3.35398
      vertex -11.266 1.51227 -3.35403
    endloop
  endfacet
  facet normal 0.156436 -0.987688 0
    outer loop
      vertex -18 -3.90151 -1.25148
      vertex -15.5583 -3.51478 1.25148
      vertex -18 -3.90151 1.25148
    endloop
  endfacet
  facet normal 0.156436 -0.987688 0
    outer loop
      vertex -15.5583 -3.51478 1.25148
      vertex -18 -3.90151 -1.25148
      vertex -15.5583 -3.51478 -1.25148
    endloop
  endfacet
  facet normal 0.148951 -0.940447 -0.30557
    outer loop
      vertex -18 -3.12805 -3.63192
      vertex -15.7973 -2.77918 -3.63192
      vertex -15.5583 -3.51478 -1.25148
    endloop
  endfacet
  facet normal 0.220965 0.220974 0.949918
    outer loop
      vertex -16.5469 6 7.50489
      vertex -16.9875 4.7356 7.90151
      vertex -15.2472 6 7.20256
    endloop
  endfacet
  facet normal 0.220949 0.22098 0.949921
    outer loop
      vertex -16.9875 4.7356 7.90151
      vertex -16.5469 6 7.50489
      vertex -17.2644 5.01246 7.90151
    endloop
  endfacet
  facet normal -0.527987 0.269026 0.805515
    outer loop
      vertex -21.7893 6 6.61528
      vertex -21.4542 5.12233 7.12805
      vertex -21.007 6 7.12805
    endloop
  endfacet
  facet normal -0.527959 0.269043 0.805528
    outer loop
      vertex -21.4542 5.12233 7.12805
      vertex -21.7893 6 6.61528
      vertex -23.38 5.74806 5.65685
    endloop
  endfacet
  facet normal -0.0488949 -0.308646 0.949919
    outer loop
      vertex -19.1223 0.545835 7.12805
      vertex -18 2.74852 7.90151
      vertex -18.3867 2.80978 7.90151
    endloop
  endfacet
  facet normal -0.940459 0.148866 -0.305573
    outer loop
      vertex -24.8113 6 -3.63192
      vertex -24.9397 5.38669 -3.53553
      vertex -25.1304 6 -2.64983
    endloop
  endfacet
  facet normal -0.94064 0.149001 -0.304952
    outer loop
      vertex -24.9397 5.38669 -3.53553
      vertex -24.8113 6 -3.63192
      vertex -24.9292 5.2557 -3.63192
    endloop
  endfacet
  facet normal -0.527987 0.269026 -0.805515
    outer loop
      vertex -21.4542 5.12233 -7.12805
      vertex -21.7893 6 -6.61528
      vertex -21.007 6 -7.12805
    endloop
  endfacet
  facet normal -0.527959 0.269043 -0.805528
    outer loop
      vertex -21.7893 6 -6.61528
      vertex -21.4542 5.12233 -7.12805
      vertex -23.38 5.74806 -5.65685
    endloop
  endfacet
  facet normal -0.418994 -0.419003 -0.805531
    outer loop
      vertex -22.5765 0.674984 -5.65685
      vertex -20.1348 1.06171 -7.12805
      vertex -21.325 -0.57649 -5.65685
    endloop
  endfacet
  facet normal -0.723897 0.368851 -0.583028
    outer loop
      vertex -24.1554 6 -4.53471
      vertex -23.4199 6 -5.44792
      vertex -23.38 5.74806 -5.65685
    endloop
  endfacet
  facet normal 0.432271 -0.848394 -0.305564
    outer loop
      vertex -15.7973 -2.77918 -3.63192
      vertex -13.8102 -1.76672 -3.63192
      vertex -13.3556 -2.39245 -1.25148
    endloop
  endfacet
  facet normal 0.0926975 -0.585252 -0.805535
    outer loop
      vertex -18 0.368075 -7.12805
      vertex -16.8777 0.545835 -7.12805
      vertex -16.2519 -1.37999 -5.65685
    endloop
  endfacet
  facet normal 0.527959 0.269043 -0.805528
    outer loop
      vertex -14.5458 5.12233 -7.12805
      vertex -14.2107 6 -6.61528
      vertex -12.62 5.74806 -5.65685
    endloop
  endfacet
  facet normal 0.527987 0.269026 -0.805515
    outer loop
      vertex -14.2107 6 -6.61528
      vertex -14.5458 5.12233 -7.12805
      vertex -14.993 6 -7.12805
    endloop
  endfacet
  facet normal -0.278435 -0.141877 -0.949918
    outer loop
      vertex -21.4542 2.87767 -7.12805
      vertex -19.0125 3.2644 -7.90151
      vertex -20.9383 1.86521 -7.12805
    endloop
  endfacet
  facet normal 0.308631 -0.0489207 -0.949923
    outer loop
      vertex -16.8098 3.61327 -7.90151
      vertex -16.7485 4 -7.90151
      vertex -14.5458 2.87767 -7.12805
    endloop
  endfacet
  facet normal 0.987698 0.156374 7.13428e-05
    outer loop
      vertex -10.2325 4.84587 0.881678
      vertex -10.1762 4.49042 0.541499
      vertex -10.1893 4.57341 0
    endloop
  endfacet
  facet normal 0.987686 0.15645 -6.73453e-06
    outer loop
      vertex -10.1471 4.30674 1.09585
      vertex -10.2325 4.84587 0.881678
      vertex -10.2702 5.08389 1.25148
    endloop
  endfacet
  facet normal 0.987686 0.156449 -9.17554e-06
    outer loop
      vertex -10.2325 4.84587 0.881678
      vertex -10.1471 4.30674 1.09585
      vertex -10.1762 4.49042 0.541499
    endloop
  endfacet
  facet normal 0.98769 0.156423 0.000133892
    outer loop
      vertex -10.1471 4.30674 1.09585
      vertex -10.2702 5.08389 1.25148
      vertex -10.1389 4.25483 1.25148
    endloop
  endfacet
  facet normal 0.98777 0.15592 -0
    outer loop
      vertex -10.1762 4.49042 -0.541499
      vertex -10.1893 4.57341 0
      vertex -10.1762 4.49042 0.541499
    endloop
  endfacet
  facet normal 0.987698 0.156374 -7.13428e-05
    outer loop
      vertex -10.1762 4.49042 -0.541499
      vertex -10.2325 4.84587 -0.881678
      vertex -10.1893 4.57341 0
    endloop
  endfacet
  facet normal 0.987686 0.156449 9.17554e-06
    outer loop
      vertex -10.1471 4.30674 -1.09585
      vertex -10.2325 4.84587 -0.881678
      vertex -10.1762 4.49042 -0.541499
    endloop
  endfacet
  facet normal 0.987675 0.156517 -0.000166198
    outer loop
      vertex -10.1389 4.25483 -1.25148
      vertex -10.2325 4.84587 -0.881678
      vertex -10.1471 4.30674 -1.09585
    endloop
  endfacet
  facet normal 0.987692 0.156408 1.20047e-05
    outer loop
      vertex -10.2325 4.84587 -0.881678
      vertex -10.1389 4.25483 -1.25148
      vertex -10.2792 5.14079 -1.10697
    endloop
  endfacet
  facet normal 0.987697 0.156377 0.000211164
    outer loop
      vertex -10.2792 5.14079 -1.10697
      vertex -10.1389 4.25483 -1.25148
      vertex -10.321 5.405 -1.25148
    endloop
  endfacet
  facet normal -0.0488907 0.308649 0.949919
    outer loop
      vertex -18.3814 6 7.63867
      vertex -18 5.25148 7.90151
      vertex -18 6 7.6583
    endloop
  endfacet
  facet normal 0.7239 -0.368858 0.58302
    outer loop
      vertex -12.62 2.25194 5.65685
      vertex -12.2333 -0.189763 3.63192
      vertex -11.2208 1.79731 3.63192
    endloop
  endfacet
  facet normal 0.802452 -0.127106 0.583022
    outer loop
      vertex -12.62 2.25194 5.65685
      vertex -11.2208 1.79731 3.63192
      vertex -10.8719 4 3.63192
    endloop
  endfacet
  facet normal 0.940428 -0.149031 0.305589
    outer loop
      vertex -10.8719 4 3.63192
      vertex -10.8666 2.76697 3.01428
      vertex -10.7307 3.10816 2.76245
    endloop
  endfacet
  facet normal 0.940572 -0.148852 0.305232
    outer loop
      vertex -10.8719 4 3.63192
      vertex -10.8864 2.69794 3.04163
      vertex -10.8666 2.76697 3.01428
    endloop
  endfacet
  facet normal 0.94047 -0.148968 0.305491
    outer loop
      vertex -11.2208 1.79731 3.63192
      vertex -10.8864 2.69794 3.04163
      vertex -10.8719 4 3.63192
    endloop
  endfacet
  facet normal 0.940421 -0.148794 0.305728
    outer loop
      vertex -10.8864 2.69794 3.04163
      vertex -11.2208 1.79731 3.63192
      vertex -11.0044 2.24371 3.18353
    endloop
  endfacet
  facet normal 0.940461 -0.149075 0.305467
    outer loop
      vertex -11.2208 1.79731 3.63192
      vertex -11.1244 1.7808 3.32707
      vertex -11.0044 2.24371 3.18353
    endloop
  endfacet
  facet normal 0.940667 -0.147779 0.305462
    outer loop
      vertex -11.1244 1.7808 3.32707
      vertex -11.2208 1.79731 3.63192
      vertex -11.1279 1.76712 3.33123
    endloop
  endfacet
  facet normal -0.368857 -0.723895 0.583027
    outer loop
      vertex -22.1898 -1.76672 3.63192
      vertex -19.7481 -1.37999 5.65685
      vertex -21.325 -0.57649 5.65685
    endloop
  endfacet
  facet normal 0.14187 0.278435 0.949919
    outer loop
      vertex -17.2644 5.01246 7.90151
      vertex -16.5469 6 7.50489
      vertex -17.108 6 7.58869
    endloop
  endfacet
  facet normal 0.418996 -0.418996 0.805533
    outer loop
      vertex -15.8652 1.06171 7.12805
      vertex -13.4235 0.674984 5.65685
      vertex -15.0617 1.86521 7.12805
    endloop
  endfacet
  facet normal 0.368857 -0.723895 0.583027
    outer loop
      vertex -16.2519 -1.37999 5.65685
      vertex -13.8102 -1.76672 3.63192
      vertex -14.675 -0.57649 5.65685
    endloop
  endfacet
  facet normal -0.0926975 -0.585252 0.805535
    outer loop
      vertex -19.7481 -1.37999 5.65685
      vertex -18 0.368075 7.12805
      vertex -19.1223 0.545835 7.12805
    endloop
  endfacet
  facet normal -0.574483 -0.574495 0.58303
    outer loop
      vertex -22.5765 0.674984 5.65685
      vertex -22.1898 -1.76672 3.63192
      vertex -21.325 -0.57649 5.65685
    endloop
  endfacet
  facet normal -0.574519 -0.574482 0.583008
    outer loop
      vertex -22.845 -0.968183 3.77312
      vertex -22.1898 -1.76672 3.63192
      vertex -22.5765 0.674984 5.65685
    endloop
  endfacet
  facet normal -0.574564 -0.574507 0.582939
    outer loop
      vertex -22.1898 -1.76672 3.63192
      vertex -22.845 -0.968183 3.77312
      vertex -22.7972 -1.15926 3.63192
    endloop
  endfacet
  facet normal -0.574498 -0.574495 0.583016
    outer loop
      vertex -22.5765 0.674984 5.65685
      vertex -23.0758 -0.0453581 4.45503
      vertex -22.845 -0.968183 3.77312
    endloop
  endfacet
  facet normal -0.574569 -0.574432 0.583008
    outer loop
      vertex -23.0758 -0.0453581 4.45503
      vertex -22.5765 0.674984 5.65685
      vertex -23.2269 0.202399 4.55023
    endloop
  endfacet
  facet normal -0.673269 -0.673203 0.305789
    outer loop
      vertex -22.7288 -1.27145 3.53553
      vertex -22.1898 -1.76672 3.63192
      vertex -22.7972 -1.15926 3.63192
    endloop
  endfacet
  facet normal -0.673302 -0.673291 0.305521
    outer loop
      vertex -22.49 -1.97543 2.5104
      vertex -22.1898 -1.76672 3.63192
      vertex -22.7288 -1.27145 3.53553
    endloop
  endfacet
  facet normal -0.673364 -0.673227 0.305526
    outer loop
      vertex -22.1898 -1.76672 3.63192
      vertex -22.49 -1.97543 2.5104
      vertex -22.4427 -2.11492 2.30728
    endloop
  endfacet
  facet normal -0.673302 -0.673291 -0.305521
    outer loop
      vertex -22.1898 -1.76672 -3.63192
      vertex -22.49 -1.97543 -2.5104
      vertex -22.7288 -1.27145 -3.53553
    endloop
  endfacet
  facet normal -0.673364 -0.673227 -0.305526
    outer loop
      vertex -22.49 -1.97543 -2.5104
      vertex -22.1898 -1.76672 -3.63192
      vertex -22.4427 -2.11492 -2.30728
    endloop
  endfacet
  facet normal -0.673269 -0.673203 -0.305789
    outer loop
      vertex -22.1898 -1.76672 -3.63192
      vertex -22.7288 -1.27145 -3.53553
      vertex -22.7972 -1.15926 -3.63192
    endloop
  endfacet
  facet normal 0.127096 -0.802458 0.583017
    outer loop
      vertex -18 -3.12805 3.63192
      vertex -15.7973 -2.77918 3.63192
      vertex -16.2519 -1.37999 5.65685
    endloop
  endfacet
  facet normal -0.432285 -0.848386 0.305567
    outer loop
      vertex -20.4417 -3.51478 1.25148
      vertex -22.4264 -2.42697 1.46396
      vertex -22.4264 -2.5035 1.25148
    endloop
  endfacet
  facet normal -0.432284 -0.848385 0.305569
    outer loop
      vertex -22.4264 -2.42697 1.46396
      vertex -20.4417 -3.51478 1.25148
      vertex -20.2027 -2.77918 3.63192
    endloop
  endfacet
  facet normal -0.432285 -0.848386 -0.305567
    outer loop
      vertex -22.4264 -2.42697 -1.46396
      vertex -20.4417 -3.51478 -1.25148
      vertex -22.4264 -2.5035 -1.25148
    endloop
  endfacet
  facet normal -0.432284 -0.848385 -0.305569
    outer loop
      vertex -20.4417 -3.51478 -1.25148
      vertex -22.4264 -2.42697 -1.46396
      vertex -20.2027 -2.77918 -3.63192
    endloop
  endfacet
  facet normal 0.45399 -0.891007 0
    outer loop
      vertex -15.5583 -3.51478 -1.25148
      vertex -13.3556 -2.39245 1.25148
      vertex -15.5583 -3.51478 1.25148
    endloop
  endfacet
  facet normal 0.45399 -0.891007 0
    outer loop
      vertex -13.3556 -2.39245 1.25148
      vertex -15.5583 -3.51478 -1.25148
      vertex -13.3556 -2.39245 -1.25148
    endloop
  endfacet
  facet normal 0.432276 -0.84839 -0.305569
    outer loop
      vertex -15.7973 -2.77918 -3.63192
      vertex -13.3556 -2.39245 -1.25148
      vertex -15.5583 -3.51478 -1.25148
    endloop
  endfacet
  facet normal -0.278445 0.141828 0.949923
    outer loop
      vertex -21.4542 5.12233 7.12805
      vertex -19.1902 4.38673 7.90151
      vertex -19.0125 4.7356 7.90151
    endloop
  endfacet
  facet normal -0.308631 0.0489207 0.949923
    outer loop
      vertex -21.4542 5.12233 7.12805
      vertex -19.2515 4 7.90151
      vertex -19.1902 4.38673 7.90151
    endloop
  endfacet
  facet normal -0.527958 0.269071 0.805519
    outer loop
      vertex -23.38 5.74806 5.65685
      vertex -21.7893 6 6.61528
      vertex -23.2516 6 5.65685
    endloop
  endfacet
  facet normal -0.418996 -0.418996 -0.805533
    outer loop
      vertex -22.5765 0.674984 -5.65685
      vertex -20.9383 1.86521 -7.12805
      vertex -20.1348 1.06171 -7.12805
    endloop
  endfacet
  facet normal -0.72389 -0.368891 -0.583011
    outer loop
      vertex -23.38 2.25194 -5.65685
      vertex -23.5187 1.38871 -4.93844
      vertex -23.8764 2.09064 -4.93844
    endloop
  endfacet
  facet normal -0.740156 -0.355893 -0.570534
    outer loop
      vertex -23.5187 1.38871 -4.93844
      vertex -23.38 2.25194 -5.65685
      vertex -23.5175 1.38397 -4.93704
    endloop
  endfacet
  facet normal -0.723892 -0.368842 -0.583041
    outer loop
      vertex -22.5765 0.674984 -5.65685
      vertex -23.5175 1.38397 -4.93704
      vertex -23.38 2.25194 -5.65685
    endloop
  endfacet
  facet normal -0.723954 -0.369293 -0.582678
    outer loop
      vertex -23.5175 1.38397 -4.93704
      vertex -22.5765 0.674984 -5.65685
      vertex -23.4966 1.30715 -4.91432
    endloop
  endfacet
  facet normal -0.723916 -0.368864 -0.582996
    outer loop
      vertex -23.4966 1.30715 -4.91432
      vertex -22.5765 0.674984 -5.65685
      vertex -23.2269 0.202399 -4.55023
    endloop
  endfacet
  facet normal -0.585241 0.0927047 -0.805542
    outer loop
      vertex -23.6569 4 -5.65685
      vertex -23.38 5.74806 -5.65685
      vertex -21.6319 4 -7.12805
    endloop
  endfacet
  facet normal 0.891073 -0.453859 0.000184326
    outer loop
      vertex -11.6075 -0.644388 1.01627
      vertex -11.1133 0.325645 0.420951
      vertex -11.3906 -0.218543 1.01627
    endloop
  endfacet
  facet normal 0.891028 -0.453949 0
    outer loop
      vertex -11.1133 0.325645 0.420951
      vertex -11.6075 -0.644388 1.01627
      vertex -11.1133 0.325645 -0.420951
    endloop
  endfacet
  facet normal 0.891028 -0.453949 0
    outer loop
      vertex -11.6075 -0.644388 -1.01627
      vertex -11.1133 0.325645 -0.420951
      vertex -11.6075 -0.644388 1.01627
    endloop
  endfacet
  facet normal 0.891073 -0.453859 -0.000184326
    outer loop
      vertex -11.1133 0.325645 -0.420951
      vertex -11.6075 -0.644388 -1.01627
      vertex -11.3906 -0.218543 -1.01627
    endloop
  endfacet
  facet normal 0.585241 -0.0927047 -0.805542
    outer loop
      vertex -14.3681 4 -7.12805
      vertex -12.3431 4 -5.65685
      vertex -12.62 2.25194 -5.65685
    endloop
  endfacet
  facet normal 0.527966 -0.269013 -0.805533
    outer loop
      vertex -15.0617 1.86521 -7.12805
      vertex -12.62 2.25194 -5.65685
      vertex -13.4235 0.674984 -5.65685
    endloop
  endfacet
  facet normal 0.269021 -0.527964 -0.805532
    outer loop
      vertex -16.2519 -1.37999 -5.65685
      vertex -15.8652 1.06171 -7.12805
      vertex -14.675 -0.57649 -5.65685
    endloop
  endfacet
  facet normal -0.574483 -0.574495 -0.58303
    outer loop
      vertex -22.5765 0.674984 -5.65685
      vertex -21.325 -0.57649 -5.65685
      vertex -22.1898 -1.76672 -3.63192
    endloop
  endfacet
  facet normal 0.418996 -0.418996 -0.805533
    outer loop
      vertex -15.8652 1.06171 -7.12805
      vertex -15.0617 1.86521 -7.12805
      vertex -13.4235 0.674984 -5.65685
    endloop
  endfacet
  facet normal -0.368857 -0.723895 -0.583027
    outer loop
      vertex -22.1898 -1.76672 -3.63192
      vertex -21.325 -0.57649 -5.65685
      vertex -19.7481 -1.37999 -5.65685
    endloop
  endfacet
  facet normal 0.127096 -0.802458 -0.583017
    outer loop
      vertex -18 -3.12805 -3.63192
      vertex -16.2519 -1.37999 -5.65685
      vertex -15.7973 -2.77918 -3.63192
    endloop
  endfacet
  facet normal 0.527966 -0.269026 -0.805529
    outer loop
      vertex -15.0617 1.86521 -7.12805
      vertex -14.5458 2.87767 -7.12805
      vertex -12.62 2.25194 -5.65685
    endloop
  endfacet
  facet normal 0.585241 0.0927047 -0.805542
    outer loop
      vertex -14.3681 4 -7.12805
      vertex -12.62 5.74806 -5.65685
      vertex -12.3431 4 -5.65685
    endloop
  endfacet
  facet normal 0.22097 -0.22097 -0.949918
    outer loop
      vertex -15.8652 1.06171 -7.12805
      vertex -16.9875 3.2644 -7.90151
      vertex -15.0617 1.86521 -7.12805
    endloop
  endfacet
  facet normal 0.220955 -0.220979 -0.94992
    outer loop
      vertex -16.9875 3.2644 -7.90151
      vertex -15.8652 1.06171 -7.12805
      vertex -17.2644 2.98753 -7.90151
    endloop
  endfacet
  facet normal 0.527958 0.269071 -0.805519
    outer loop
      vertex -14.2107 6 -6.61528
      vertex -12.7484 6 -5.65685
      vertex -12.62 5.74806 -5.65685
    endloop
  endfacet
  facet normal 0.940573 0.148837 0.305236
    outer loop
      vertex -10.2274 4.16171 1.56926
      vertex -10.2702 5.08389 1.25148
      vertex -10.3015 5.13114 1.32489
    endloop
  endfacet
  facet normal 0.940398 0.148946 0.305723
    outer loop
      vertex -10.2274 4.16171 1.56926
      vertex -10.3015 5.13114 1.32489
      vertex -10.415 5.3292 1.57752
    endloop
  endfacet
  facet normal 0.940514 0.148972 0.305352
    outer loop
      vertex -10.2762 4 1.79848
      vertex -10.415 5.3292 1.57752
      vertex -10.6004 5.71418 1.96075
    endloop
  endfacet
  facet normal 0.940453 0.148942 0.305556
    outer loop
      vertex -10.2702 5.08389 1.25148
      vertex -10.2274 4.16171 1.56926
      vertex -10.1389 4.25483 1.25148
    endloop
  endfacet
  facet normal 0.940452 0.148941 0.305561
    outer loop
      vertex -10.2762 4 1.79848
      vertex -10.6004 5.71418 1.96075
      vertex -10.8719 4 3.63192
    endloop
  endfacet
  facet normal 0.940523 0.148969 0.305328
    outer loop
      vertex -10.415 5.3292 1.57752
      vertex -10.2762 4 1.79848
      vertex -10.2274 4.16171 1.56926
    endloop
  endfacet
  facet normal 0.585241 0.0927047 0.805542
    outer loop
      vertex -14.3681 4 7.12805
      vertex -12.3431 4 5.65685
      vertex -12.62 5.74806 5.65685
    endloop
  endfacet
  facet normal 0.802449 0.127095 0.583028
    outer loop
      vertex -10.8719 4 3.63192
      vertex -11.8446 6 4.53471
      vertex -12.62 5.74806 5.65685
    endloop
  endfacet
  facet normal 0.802461 0.12711 0.583009
    outer loop
      vertex -11.8446 6 4.53471
      vertex -10.8719 4 3.63192
      vertex -11.1887 6 3.63192
    endloop
  endfacet
  facet normal 0.723897 0.368851 0.583028
    outer loop
      vertex -12.62 5.74806 5.65685
      vertex -11.8446 6 4.53471
      vertex -12.5801 6 5.44792
    endloop
  endfacet
  facet normal 0.7239 -0.368858 -0.58302
    outer loop
      vertex -12.62 2.25194 -5.65685
      vertex -11.2208 1.79731 -3.63192
      vertex -12.2333 -0.189763 -3.63192
    endloop
  endfacet
  facet normal 0.72391 -0.368851 -0.583013
    outer loop
      vertex -13.4235 0.674984 -5.65685
      vertex -12.62 2.25194 -5.65685
      vertex -12.2333 -0.189763 -3.63192
    endloop
  endfacet
  facet normal 0.527966 -0.269013 0.805533
    outer loop
      vertex -15.0617 1.86521 7.12805
      vertex -13.4235 0.674984 5.65685
      vertex -12.62 2.25194 5.65685
    endloop
  endfacet
  facet normal 0.432276 -0.84839 0.305569
    outer loop
      vertex -15.7973 -2.77918 3.63192
      vertex -15.5583 -3.51478 1.25148
      vertex -13.3556 -2.39245 1.25148
    endloop
  endfacet
  facet normal 0.673009 -0.673555 0.305585
    outer loop
      vertex -12.2333 -0.189763 3.63192
      vertex -12.0703 -0.477037 2.63974
      vertex -11.9987 -0.360176 2.73963
    endloop
  endfacet
  facet normal 0.673302 -0.673277 0.305553
    outer loop
      vertex -13.8102 -1.76672 3.63192
      vertex -12.0703 -0.477037 2.63974
      vertex -12.2333 -0.189763 3.63192
    endloop
  endfacet
  facet normal 0.67331 -0.673242 0.305613
    outer loop
      vertex -12.0703 -0.477037 2.63974
      vertex -13.8102 -1.76672 3.63192
      vertex -12.2644 -0.794311 2.36844
    endloop
  endfacet
  facet normal 0.673239 -0.673411 0.305397
    outer loop
      vertex -12.2644 -0.794311 2.36844
      vertex -13.8102 -1.76672 3.63192
      vertex -12.2801 -0.828111 2.32852
    endloop
  endfacet
  facet normal 0.673308 -0.673254 0.305591
    outer loop
      vertex -12.2801 -0.828111 2.32852
      vertex -13.8102 -1.76672 3.63192
      vertex -12.3493 -1.03193 2.03195
    endloop
  endfacet
  facet normal 0.673292 -0.673283 0.305562
    outer loop
      vertex -13.3556 -2.39245 1.25148
      vertex -12.3493 -1.03193 2.03195
      vertex -13.8102 -1.76672 3.63192
    endloop
  endfacet
  facet normal 0.673278 -0.673286 0.305584
    outer loop
      vertex -12.3493 -1.03193 2.03195
      vertex -13.3556 -2.39245 1.25148
      vertex -12.4728 -1.39996 1.49318
    endloop
  endfacet
  facet normal 0.673318 -0.673295 0.305478
    outer loop
      vertex -12.4728 -1.39996 1.49318
      vertex -13.3556 -2.39245 1.25148
      vertex -12.4545 -1.49132 1.25148
    endloop
  endfacet
  facet normal 0.418994 -0.419003 0.805531
    outer loop
      vertex -15.8652 1.06171 7.12805
      vertex -14.675 -0.57649 5.65685
      vertex -13.4235 0.674984 5.65685
    endloop
  endfacet
  facet normal 0.269021 -0.527964 0.805532
    outer loop
      vertex -16.2519 -1.37999 5.65685
      vertex -14.675 -0.57649 5.65685
      vertex -15.8652 1.06171 7.12805
    endloop
  endfacet
  facet normal -0.220955 -0.220979 0.94992
    outer loop
      vertex -19.0125 3.2644 7.90151
      vertex -20.1348 1.06171 7.12805
      vertex -18.7356 2.98753 7.90151
    endloop
  endfacet
  facet normal -0.22097 -0.22097 0.949918
    outer loop
      vertex -20.1348 1.06171 7.12805
      vertex -19.0125 3.2644 7.90151
      vertex -20.9383 1.86521 7.12805
    endloop
  endfacet
  facet normal 0.141867 -0.278439 0.949919
    outer loop
      vertex -17.2644 2.98753 7.90151
      vertex -16.8777 0.545835 7.12805
      vertex -15.8652 1.06171 7.12805
    endloop
  endfacet
  facet normal -0.127096 -0.802458 0.583017
    outer loop
      vertex -20.2027 -2.77918 3.63192
      vertex -18 -3.12805 3.63192
      vertex -19.7481 -1.37999 5.65685
    endloop
  endfacet
  facet normal 0.127091 -0.802456 0.58302
    outer loop
      vertex -18 -3.12805 3.63192
      vertex -16.2519 -1.37999 5.65685
      vertex -18 -1.65685 5.65685
    endloop
  endfacet
  facet normal -0.278435 -0.141877 0.949918
    outer loop
      vertex -21.4542 2.87767 7.12805
      vertex -20.9383 1.86521 7.12805
      vertex -19.0125 3.2644 7.90151
    endloop
  endfacet
  facet normal 0.0488907 0.308649 0.949919
    outer loop
      vertex -18 5.25148 7.90151
      vertex -17.6186 6 7.63867
      vertex -18 6 7.6583
    endloop
  endfacet
  facet normal -0.141854 -0.278442 -0.94992
    outer loop
      vertex -19.1223 0.545835 -7.12805
      vertex -18.7356 2.98753 -7.90151
      vertex -18.3867 2.80978 -7.90151
    endloop
  endfacet
  facet normal 0.0926915 -0.585256 -0.805533
    outer loop
      vertex -18 -1.65685 -5.65685
      vertex -18 0.368075 -7.12805
      vertex -16.2519 -1.37999 -5.65685
    endloop
  endfacet
  facet normal -0.148953 -0.940446 -0.305573
    outer loop
      vertex -20.4417 -3.51478 -1.25148
      vertex -18 -3.12805 -3.63192
      vertex -18 -3.90151 -1.25148
    endloop
  endfacet
  facet normal -0.156436 -0.987688 0
    outer loop
      vertex -20.4417 -3.51478 -1.25148
      vertex -18 -3.90151 1.25148
      vertex -20.4417 -3.51478 1.25148
    endloop
  endfacet
  facet normal -0.156436 -0.987688 -0
    outer loop
      vertex -18 -3.90151 1.25148
      vertex -20.4417 -3.51478 -1.25148
      vertex -18 -3.90151 -1.25148
    endloop
  endfacet
  facet normal 0.141854 -0.278442 0.94992
    outer loop
      vertex -17.6133 2.80978 7.90151
      vertex -16.8777 0.545835 7.12805
      vertex -17.2644 2.98753 7.90151
    endloop
  endfacet
  facet normal -0.278445 -0.141828 0.949923
    outer loop
      vertex -21.4542 2.87767 7.12805
      vertex -19.0125 3.2644 7.90151
      vertex -19.1902 3.61327 7.90151
    endloop
  endfacet
  facet normal 0.278445 -0.141828 0.949923
    outer loop
      vertex -16.9875 3.2644 7.90151
      vertex -14.5458 2.87767 7.12805
      vertex -16.8098 3.61327 7.90151
    endloop
  endfacet
  facet normal -0.802454 0.127073 -0.583027
    outer loop
      vertex -24.6255 4.50255 -4.21406
      vertex -24.1554 6 -4.53471
      vertex -23.38 5.74806 -5.65685
    endloop
  endfacet
  facet normal -0.802461 0.127113 -0.583008
    outer loop
      vertex -24.1554 6 -4.53471
      vertex -24.9292 5.2557 -3.63192
      vertex -24.8113 6 -3.63192
    endloop
  endfacet
  facet normal -0.802449 0.127071 -0.583033
    outer loop
      vertex -24.1554 6 -4.53471
      vertex -24.6255 4.50255 -4.21406
      vertex -24.9292 5.2557 -3.63192
    endloop
  endfacet
  facet normal -0.527958 0.269071 -0.805519
    outer loop
      vertex -23.38 5.74806 -5.65685
      vertex -23.2516 6 -5.65685
      vertex -21.7893 6 -6.61528
    endloop
  endfacet
  facet normal -0.723836 0.368899 -0.583074
    outer loop
      vertex -23.4199 6 -5.44792
      vertex -23.2516 6 -5.65685
      vertex -23.38 5.74806 -5.65685
    endloop
  endfacet
  facet normal 0.574483 -0.574495 -0.58303
    outer loop
      vertex -14.675 -0.57649 -5.65685
      vertex -13.4235 0.674984 -5.65685
      vertex -13.8102 -1.76672 -3.63192
    endloop
  endfacet
  facet normal 0.574507 -0.574487 -0.583015
    outer loop
      vertex -13.8102 -1.76672 -3.63192
      vertex -13.4235 0.674984 -5.65685
      vertex -12.2333 -0.189763 -3.63192
    endloop
  endfacet
  facet normal -0.220955 -0.220979 -0.94992
    outer loop
      vertex -20.1348 1.06171 -7.12805
      vertex -19.0125 3.2644 -7.90151
      vertex -18.7356 2.98753 -7.90151
    endloop
  endfacet
  facet normal -0.22097 -0.22097 -0.949918
    outer loop
      vertex -19.0125 3.2644 -7.90151
      vertex -20.1348 1.06171 -7.12805
      vertex -20.9383 1.86521 -7.12805
    endloop
  endfacet
  facet normal 0.269001 -0.527964 -0.805538
    outer loop
      vertex -16.8777 0.545835 -7.12805
      vertex -15.8652 1.06171 -7.12805
      vertex -16.2519 -1.37999 -5.65685
    endloop
  endfacet
  facet normal 0.278445 -0.141828 -0.949923
    outer loop
      vertex -16.9875 3.2644 -7.90151
      vertex -16.8098 3.61327 -7.90151
      vertex -14.5458 2.87767 -7.12805
    endloop
  endfacet
  facet normal 0.308655 0.0488698 -0.949918
    outer loop
      vertex -16.7485 4 -7.90151
      vertex -14.5458 5.12233 -7.12805
      vertex -14.3681 4 -7.12805
    endloop
  endfacet
  facet normal 0.585268 0.0926662 -0.805528
    outer loop
      vertex -14.5458 5.12233 -7.12805
      vertex -12.62 5.74806 -5.65685
      vertex -14.3681 4 -7.12805
    endloop
  endfacet
  facet normal 0.585268 -0.0926662 -0.805528
    outer loop
      vertex -14.5458 2.87767 -7.12805
      vertex -14.3681 4 -7.12805
      vertex -12.62 2.25194 -5.65685
    endloop
  endfacet
  facet normal 0.308655 -0.0488698 -0.949918
    outer loop
      vertex -16.7485 4 -7.90151
      vertex -14.3681 4 -7.12805
      vertex -14.5458 2.87767 -7.12805
    endloop
  endfacet
  facet normal 0.802454 -0.127112 -0.583018
    outer loop
      vertex -12.62 2.25194 -5.65685
      vertex -12.3431 4 -5.65685
      vertex -10.8719 4 -3.63192
    endloop
  endfacet
  facet normal 0.802452 -0.127106 -0.583022
    outer loop
      vertex -12.62 2.25194 -5.65685
      vertex -10.8719 4 -3.63192
      vertex -11.2208 1.79731 -3.63192
    endloop
  endfacet
  facet normal 0.220965 0.220974 -0.949918
    outer loop
      vertex -16.9875 4.7356 -7.90151
      vertex -16.5469 6 -7.50489
      vertex -15.2472 6 -7.20256
    endloop
  endfacet
  facet normal 0.220949 0.22098 -0.949921
    outer loop
      vertex -16.5469 6 -7.50489
      vertex -16.9875 4.7356 -7.90151
      vertex -17.2644 5.01246 -7.90151
    endloop
  endfacet
  facet normal 0.278435 -0.141877 -0.949918
    outer loop
      vertex -16.9875 3.2644 -7.90151
      vertex -14.5458 2.87767 -7.12805
      vertex -15.0617 1.86521 -7.12805
    endloop
  endfacet
  facet normal 0.0488907 0.308649 -0.949919
    outer loop
      vertex -18 5.25148 -7.90151
      vertex -18 6 -7.6583
      vertex -17.6186 6 -7.63867
    endloop
  endfacet
  facet normal 0.802454 0.127112 0.583018
    outer loop
      vertex -12.62 5.74806 5.65685
      vertex -12.3431 4 5.65685
      vertex -10.8719 4 3.63192
    endloop
  endfacet
  facet normal 0.802454 -0.127112 0.583018
    outer loop
      vertex -12.62 2.25194 5.65685
      vertex -10.8719 4 3.63192
      vertex -12.3431 4 5.65685
    endloop
  endfacet
  facet normal 0.22097 -0.22097 0.949918
    outer loop
      vertex -16.9875 3.2644 7.90151
      vertex -15.8652 1.06171 7.12805
      vertex -15.0617 1.86521 7.12805
    endloop
  endfacet
  facet normal 0.220955 -0.220979 0.94992
    outer loop
      vertex -15.8652 1.06171 7.12805
      vertex -16.9875 3.2644 7.90151
      vertex -17.2644 2.98753 7.90151
    endloop
  endfacet
  facet normal 0.278436 0.141872 0.949919
    outer loop
      vertex -15.2472 6 7.20256
      vertex -14.5458 5.12233 7.12805
      vertex -14.993 6 7.12805
    endloop
  endfacet
  facet normal 0.278436 0.141872 0.949919
    outer loop
      vertex -14.5458 5.12233 7.12805
      vertex -15.2472 6 7.20256
      vertex -16.9875 4.7356 7.90151
    endloop
  endfacet
  facet normal 0.723836 0.368899 0.583074
    outer loop
      vertex -12.7484 6 5.65685
      vertex -12.62 5.74806 5.65685
      vertex -12.5801 6 5.44792
    endloop
  endfacet
  facet normal 0.527958 0.269071 0.805519
    outer loop
      vertex -14.2107 6 6.61528
      vertex -12.62 5.74806 5.65685
      vertex -12.7484 6 5.65685
    endloop
  endfacet
  facet normal 0.940435 0.148792 -0.305683
    outer loop
      vertex -10.4216 5.74268 -1.39632
      vertex -10.5552 6 -1.68209
      vertex -10.4705 6 -1.42151
    endloop
  endfacet
  facet normal 0.940507 0.149405 -0.305164
    outer loop
      vertex -10.4134 5.69966 -1.39211
      vertex -10.5552 6 -1.68209
      vertex -10.4216 5.74268 -1.39632
    endloop
  endfacet
  facet normal 0.940458 0.14909 -0.305467
    outer loop
      vertex -10.375 5.57719 -1.33366
      vertex -10.5552 6 -1.68209
      vertex -10.4134 5.69966 -1.39211
    endloop
  endfacet
  facet normal 0.94037 0.148957 -0.305804
    outer loop
      vertex -10.2274 4.16171 -1.56926
      vertex -10.375 5.57719 -1.33366
      vertex -10.321 5.405 -1.25148
    endloop
  endfacet
  facet normal 0.940463 0.148898 -0.305546
    outer loop
      vertex -10.2274 4.16171 -1.56926
      vertex -10.321 5.405 -1.25148
      vertex -10.1389 4.25483 -1.25148
    endloop
  endfacet
  facet normal 0.940552 0.148889 -0.305277
    outer loop
      vertex -10.375 5.57719 -1.33366
      vertex -10.2274 4.16171 -1.56926
      vertex -10.2762 4 -1.79848
    endloop
  endfacet
  facet normal 0.940435 0.148975 -0.305595
    outer loop
      vertex -10.375 5.57719 -1.33366
      vertex -10.2762 4 -1.79848
      vertex -10.5552 6 -1.68209
    endloop
  endfacet
  facet normal 0.940447 0.148974 -0.305559
    outer loop
      vertex -10.5552 6 -1.68209
      vertex -10.2762 4 -1.79848
      vertex -10.8719 4 -3.63192
    endloop
  endfacet
  facet normal 0.574483 -0.574495 0.58303
    outer loop
      vertex -14.675 -0.57649 5.65685
      vertex -13.8102 -1.76672 3.63192
      vertex -13.4235 0.674984 5.65685
    endloop
  endfacet
  facet normal 0.574507 -0.574487 0.583015
    outer loop
      vertex -13.8102 -1.76672 3.63192
      vertex -12.2333 -0.189763 3.63192
      vertex -13.4235 0.674984 5.65685
    endloop
  endfacet
  facet normal 0.269001 -0.527964 0.805538
    outer loop
      vertex -16.8777 0.545835 7.12805
      vertex -16.2519 -1.37999 5.65685
      vertex -15.8652 1.06171 7.12805
    endloop
  endfacet
  facet normal 0.0926975 -0.585252 0.805535
    outer loop
      vertex -18 0.368075 7.12805
      vertex -16.2519 -1.37999 5.65685
      vertex -16.8777 0.545835 7.12805
    endloop
  endfacet
  facet normal -0.048895 0.308647 0.949919
    outer loop
      vertex -18.3814 6 7.63867
      vertex -18.3867 5.19022 7.90151
      vertex -18 5.25148 7.90151
    endloop
  endfacet
  facet normal -0.0489116 0.308647 0.949918
    outer loop
      vertex -18.3867 5.19022 7.90151
      vertex -18.3814 6 7.63867
      vertex -18.6498 6 7.62485
    endloop
  endfacet
  facet normal -0.308631 -0.0489207 0.949923
    outer loop
      vertex -21.4542 2.87767 7.12805
      vertex -19.1902 3.61327 7.90151
      vertex -19.2515 4 7.90151
    endloop
  endfacet
  facet normal -0.141854 -0.278442 0.94992
    outer loop
      vertex -19.1223 0.545835 7.12805
      vertex -18.3867 2.80978 7.90151
      vertex -18.7356 2.98753 7.90151
    endloop
  endfacet
  facet normal -0.527966 -0.269026 0.805529
    outer loop
      vertex -23.38 2.25194 5.65685
      vertex -20.9383 1.86521 7.12805
      vertex -21.4542 2.87767 7.12805
    endloop
  endfacet
  facet normal 0.148953 -0.940446 0.305573
    outer loop
      vertex -18 -3.90151 1.25148
      vertex -15.5583 -3.51478 1.25148
      vertex -18 -3.12805 3.63192
    endloop
  endfacet
  facet normal -0.148953 -0.940446 0.305573
    outer loop
      vertex -20.4417 -3.51478 1.25148
      vertex -18 -3.90151 1.25148
      vertex -18 -3.12805 3.63192
    endloop
  endfacet
  facet normal -0.141867 -0.278439 0.949919
    outer loop
      vertex -20.1348 1.06171 7.12805
      vertex -19.1223 0.545835 7.12805
      vertex -18.7356 2.98753 7.90151
    endloop
  endfacet
  facet normal -0.269001 -0.527964 0.805538
    outer loop
      vertex -20.1348 1.06171 7.12805
      vertex -19.7481 -1.37999 5.65685
      vertex -19.1223 0.545835 7.12805
    endloop
  endfacet
  facet normal -0.368844 -0.723911 -0.583015
    outer loop
      vertex -22.1898 -1.76672 -3.63192
      vertex -19.7481 -1.37999 -5.65685
      vertex -20.2027 -2.77918 -3.63192
    endloop
  endfacet
  facet normal -0.127096 -0.802458 -0.583017
    outer loop
      vertex -20.2027 -2.77918 -3.63192
      vertex -19.7481 -1.37999 -5.65685
      vertex -18 -3.12805 -3.63192
    endloop
  endfacet
  facet normal 0.141822 0.278444 0.949924
    outer loop
      vertex -17.3502 6 7.62485
      vertex -17.2644 5.01246 7.90151
      vertex -17.108 6 7.58869
    endloop
  endfacet
  facet normal 0.141864 0.278445 0.949917
    outer loop
      vertex -17.2644 5.01246 7.90151
      vertex -17.3502 6 7.62485
      vertex -17.6133 5.19022 7.90151
    endloop
  endfacet
  facet normal -0.141864 0.278445 0.949917
    outer loop
      vertex -18.6498 6 7.62485
      vertex -18.7356 5.01246 7.90151
      vertex -18.3867 5.19022 7.90151
    endloop
  endfacet
  facet normal -0.141822 0.278444 0.949924
    outer loop
      vertex -18.7356 5.01246 7.90151
      vertex -18.6498 6 7.62485
      vertex -18.892 6 7.58869
    endloop
  endfacet
  facet normal -0.14187 0.278435 0.949919
    outer loop
      vertex -19.4531 6 7.50489
      vertex -18.7356 5.01246 7.90151
      vertex -18.892 6 7.58869
    endloop
  endfacet
  facet normal -0.278436 0.141872 -0.949919
    outer loop
      vertex -21.4542 5.12233 -7.12805
      vertex -20.7528 6 -7.20256
      vertex -19.0125 4.7356 -7.90151
    endloop
  endfacet
  facet normal -0.278436 0.141872 -0.949919
    outer loop
      vertex -20.7528 6 -7.20256
      vertex -21.4542 5.12233 -7.12805
      vertex -21.007 6 -7.12805
    endloop
  endfacet
  facet normal 0.0488949 -0.308646 -0.949919
    outer loop
      vertex -18 2.74852 -7.90151
      vertex -17.6133 2.80978 -7.90151
      vertex -16.8777 0.545835 -7.12805
    endloop
  endfacet
  facet normal 0.673009 -0.673555 -0.305585
    outer loop
      vertex -12.0703 -0.477037 -2.63974
      vertex -12.2333 -0.189763 -3.63192
      vertex -11.9987 -0.360176 -2.73963
    endloop
  endfacet
  facet normal 0.67331 -0.673242 -0.305613
    outer loop
      vertex -13.8102 -1.76672 -3.63192
      vertex -12.0703 -0.477037 -2.63974
      vertex -12.2644 -0.794311 -2.36844
    endloop
  endfacet
  facet normal 0.673239 -0.673411 -0.305397
    outer loop
      vertex -13.8102 -1.76672 -3.63192
      vertex -12.2644 -0.794311 -2.36844
      vertex -12.2801 -0.828111 -2.32852
    endloop
  endfacet
  facet normal 0.673308 -0.673254 -0.305591
    outer loop
      vertex -13.8102 -1.76672 -3.63192
      vertex -12.2801 -0.828111 -2.32852
      vertex -12.3493 -1.03193 -2.03195
    endloop
  endfacet
  facet normal 0.673278 -0.673286 -0.305584
    outer loop
      vertex -13.3556 -2.39245 -1.25148
      vertex -12.3493 -1.03193 -2.03195
      vertex -12.4728 -1.39996 -1.49318
    endloop
  endfacet
  facet normal 0.673302 -0.673277 -0.305553
    outer loop
      vertex -12.0703 -0.477037 -2.63974
      vertex -13.8102 -1.76672 -3.63192
      vertex -12.2333 -0.189763 -3.63192
    endloop
  endfacet
  facet normal 0.673318 -0.673295 -0.305478
    outer loop
      vertex -13.3556 -2.39245 -1.25148
      vertex -12.4728 -1.39996 -1.49318
      vertex -12.4545 -1.49132 -1.25148
    endloop
  endfacet
  facet normal 0.673292 -0.673283 -0.305562
    outer loop
      vertex -12.3493 -1.03193 -2.03195
      vertex -13.3556 -2.39245 -1.25148
      vertex -13.8102 -1.76672 -3.63192
    endloop
  endfacet
  facet normal 0.848979 -0.431712 -0.30473
    outer loop
      vertex -11.3 1.44557 -3.35426
      vertex -11.2208 1.79731 -3.63192
      vertex -11.266 1.51227 -3.35403
    endloop
  endfacet
  facet normal 0.848405 -0.432246 -0.305569
    outer loop
      vertex -11.3352 1.37648 -3.35426
      vertex -11.2208 1.79731 -3.63192
      vertex -11.3 1.44557 -3.35426
    endloop
  endfacet
  facet normal 0.848287 -0.432341 -0.305762
    outer loop
      vertex -11.3777 1.29068 -3.35085
      vertex -11.2208 1.79731 -3.63192
      vertex -11.3352 1.37648 -3.35426
    endloop
  endfacet
  facet normal 0.84851 -0.432187 -0.30536
    outer loop
      vertex -11.4124 1.22054 -3.348
      vertex -11.2208 1.79731 -3.63192
      vertex -11.3777 1.29068 -3.35085
    endloop
  endfacet
  facet normal 0.847856 -0.432585 -0.30661
    outer loop
      vertex -11.4429 1.15699 -3.34268
      vertex -11.2208 1.79731 -3.63192
      vertex -11.4124 1.22054 -3.348
    endloop
  endfacet
  facet normal 0.848632 -0.432156 -0.305066
    outer loop
      vertex -11.4811 1.07719 -3.3359
      vertex -11.2208 1.79731 -3.63192
      vertex -11.4429 1.15699 -3.34268
    endloop
  endfacet
  facet normal 0.84778 -0.432576 -0.306834
    outer loop
      vertex -11.5041 1.02712 -3.32886
      vertex -11.2208 1.79731 -3.63192
      vertex -11.4811 1.07719 -3.3359
    endloop
  endfacet
  facet normal 0.848472 -0.432454 -0.305088
    outer loop
      vertex -12.2333 -0.189763 -3.63192
      vertex -11.5041 1.02712 -3.32886
      vertex -11.534 0.961712 -3.3193
    endloop
  endfacet
  facet normal 0.848098 -0.431629 -0.30729
    outer loop
      vertex -12.2333 -0.189763 -3.63192
      vertex -11.534 0.961712 -3.3193
      vertex -11.5476 0.929401 -3.31145
    endloop
  endfacet
  facet normal 0.848381 -0.432297 -0.305564
    outer loop
      vertex -12.2333 -0.189763 -3.63192
      vertex -11.5476 0.929401 -3.31145
      vertex -11.5655 0.886179 -3.3
    endloop
  endfacet
  facet normal 0.84839 -0.43232 -0.305505
    outer loop
      vertex -12.2333 -0.189763 -3.63192
      vertex -11.5655 0.886179 -3.3
      vertex -11.709 0.516968 -3.17603
    endloop
  endfacet
  facet normal 0.848387 -0.432223 -0.305653
    outer loop
      vertex -12.2333 -0.189763 -3.63192
      vertex -11.709 0.516968 -3.17603
      vertex -11.9098 -0.000211019 -3.00204
    endloop
  endfacet
  facet normal 0.848391 -0.432292 -0.305543
    outer loop
      vertex -11.5041 1.02712 -3.32886
      vertex -12.2333 -0.189763 -3.63192
      vertex -11.2208 1.79731 -3.63192
    endloop
  endfacet
  facet normal 0.848001 -0.43336 -0.305112
    outer loop
      vertex -11.9191 -0.0334481 -2.98068
      vertex -12.2333 -0.189763 -3.63192
      vertex -11.9098 -0.000211019 -3.00204
    endloop
  endfacet
  facet normal 0.848431 -0.432168 -0.305606
    outer loop
      vertex -12.2333 -0.189763 -3.63192
      vertex -11.9191 -0.0334481 -2.98068
      vertex -11.9987 -0.360176 -2.73963
    endloop
  endfacet
  facet normal -0.585268 -0.0926662 -0.805528
    outer loop
      vertex -23.38 2.25194 -5.65685
      vertex -21.6319 4 -7.12805
      vertex -21.4542 2.87767 -7.12805
    endloop
  endfacet
  facet normal -0.308655 -0.0488698 -0.949918
    outer loop
      vertex -21.6319 4 -7.12805
      vertex -19.2515 4 -7.90151
      vertex -21.4542 2.87767 -7.12805
    endloop
  endfacet
  facet normal -0.527966 -0.269026 -0.805529
    outer loop
      vertex -23.38 2.25194 -5.65685
      vertex -21.4542 2.87767 -7.12805
      vertex -20.9383 1.86521 -7.12805
    endloop
  endfacet
  facet normal -0.527966 -0.269013 -0.805533
    outer loop
      vertex -23.38 2.25194 -5.65685
      vertex -20.9383 1.86521 -7.12805
      vertex -22.5765 0.674984 -5.65685
    endloop
  endfacet
  facet normal 0.0488868 -0.30865 -0.949919
    outer loop
      vertex -18 0.368075 -7.12805
      vertex -18 2.74852 -7.90151
      vertex -16.8777 0.545835 -7.12805
    endloop
  endfacet
  facet normal -0.269001 -0.527964 -0.805538
    outer loop
      vertex -20.1348 1.06171 -7.12805
      vertex -19.1223 0.545835 -7.12805
      vertex -19.7481 -1.37999 -5.65685
    endloop
  endfacet
  facet normal -0.141867 -0.278439 -0.949919
    outer loop
      vertex -20.1348 1.06171 -7.12805
      vertex -18.7356 2.98753 -7.90151
      vertex -19.1223 0.545835 -7.12805
    endloop
  endfacet
  facet normal -0.14187 0.278435 -0.949919
    outer loop
      vertex -19.4531 6 -7.50489
      vertex -18.892 6 -7.58869
      vertex -18.7356 5.01246 -7.90151
    endloop
  endfacet
  facet normal -0.220949 0.22098 -0.949921
    outer loop
      vertex -19.0125 4.7356 -7.90151
      vertex -19.4531 6 -7.50489
      vertex -18.7356 5.01246 -7.90151
    endloop
  endfacet
  facet normal -0.220965 0.220974 -0.949918
    outer loop
      vertex -19.4531 6 -7.50489
      vertex -19.0125 4.7356 -7.90151
      vertex -20.7528 6 -7.20256
    endloop
  endfacet
  facet normal 0.0489116 0.308647 -0.949918
    outer loop
      vertex -17.6133 5.19022 -7.90151
      vertex -17.6186 6 -7.63867
      vertex -17.3502 6 -7.62485
    endloop
  endfacet
  facet normal 0.048895 0.308647 -0.949919
    outer loop
      vertex -17.6186 6 -7.63867
      vertex -17.6133 5.19022 -7.90151
      vertex -18 5.25148 -7.90151
    endloop
  endfacet
  facet normal 0.278436 0.141872 -0.949919
    outer loop
      vertex -14.5458 5.12233 -7.12805
      vertex -15.2472 6 -7.20256
      vertex -14.993 6 -7.12805
    endloop
  endfacet
  facet normal 0.278436 0.141872 -0.949919
    outer loop
      vertex -15.2472 6 -7.20256
      vertex -14.5458 5.12233 -7.12805
      vertex -16.9875 4.7356 -7.90151
    endloop
  endfacet
  facet normal 0.802461 0.12711 -0.583009
    outer loop
      vertex -10.8719 4 -3.63192
      vertex -11.8446 6 -4.53471
      vertex -11.1887 6 -3.63192
    endloop
  endfacet
  facet normal 0.802449 0.127095 -0.583028
    outer loop
      vertex -11.8446 6 -4.53471
      vertex -10.8719 4 -3.63192
      vertex -12.62 5.74806 -5.65685
    endloop
  endfacet
  facet normal 0.94045 0.148967 -0.305552
    outer loop
      vertex -11.1887 6 -3.63192
      vertex -10.5552 6 -1.68209
      vertex -10.8719 4 -3.63192
    endloop
  endfacet
  facet normal -0.141864 0.278445 -0.949917
    outer loop
      vertex -18.7356 5.01246 -7.90151
      vertex -18.6498 6 -7.62485
      vertex -18.3867 5.19022 -7.90151
    endloop
  endfacet
  facet normal -0.141822 0.278444 -0.949924
    outer loop
      vertex -18.6498 6 -7.62485
      vertex -18.7356 5.01246 -7.90151
      vertex -18.892 6 -7.58869
    endloop
  endfacet
  facet normal -0.048895 0.308647 -0.949919
    outer loop
      vertex -18.3867 5.19022 -7.90151
      vertex -18.3814 6 -7.63867
      vertex -18 5.25148 -7.90151
    endloop
  endfacet
  facet normal -0.0489116 0.308647 -0.949918
    outer loop
      vertex -18.3814 6 -7.63867
      vertex -18.3867 5.19022 -7.90151
      vertex -18.6498 6 -7.62485
    endloop
  endfacet
  facet normal 0.14187 0.278435 -0.949919
    outer loop
      vertex -17.2644 5.01246 -7.90151
      vertex -17.108 6 -7.58869
      vertex -16.5469 6 -7.50489
    endloop
  endfacet
  facet normal 0.278435 -0.141877 0.949918
    outer loop
      vertex -16.9875 3.2644 7.90151
      vertex -15.0617 1.86521 7.12805
      vertex -14.5458 2.87767 7.12805
    endloop
  endfacet
  facet normal 0.527966 -0.269026 0.805529
    outer loop
      vertex -15.0617 1.86521 7.12805
      vertex -12.62 2.25194 5.65685
      vertex -14.5458 2.87767 7.12805
    endloop
  endfacet
  facet normal 0.0488949 -0.308646 0.949919
    outer loop
      vertex -18 2.74852 7.90151
      vertex -16.8777 0.545835 7.12805
      vertex -17.6133 2.80978 7.90151
    endloop
  endfacet
  facet normal 0.0489116 0.308647 0.949918
    outer loop
      vertex -17.6186 6 7.63867
      vertex -17.6133 5.19022 7.90151
      vertex -17.3502 6 7.62485
    endloop
  endfacet
  facet normal 0.048895 0.308647 0.949919
    outer loop
      vertex -17.6133 5.19022 7.90151
      vertex -17.6186 6 7.63867
      vertex -18 5.25148 7.90151
    endloop
  endfacet
  facet normal -0.127091 -0.802456 0.58302
    outer loop
      vertex -19.7481 -1.37999 5.65685
      vertex -18 -3.12805 3.63192
      vertex -18 -1.65685 5.65685
    endloop
  endfacet
  facet normal -0.0926915 -0.585256 0.805533
    outer loop
      vertex -19.7481 -1.37999 5.65685
      vertex -18 -1.65685 5.65685
      vertex -18 0.368075 7.12805
    endloop
  endfacet
  facet normal -0.0488868 -0.30865 0.949919
    outer loop
      vertex -19.1223 0.545835 7.12805
      vertex -18 0.368075 7.12805
      vertex -18 2.74852 7.90151
    endloop
  endfacet
  facet normal -0.418994 -0.419003 0.805531
    outer loop
      vertex -22.5765 0.674984 5.65685
      vertex -21.325 -0.57649 5.65685
      vertex -20.1348 1.06171 7.12805
    endloop
  endfacet
  facet normal -0.269021 -0.527964 0.805532
    outer loop
      vertex -21.325 -0.57649 5.65685
      vertex -19.7481 -1.37999 5.65685
      vertex -20.1348 1.06171 7.12805
    endloop
  endfacet
  facet normal -0.418996 -0.418996 0.805533
    outer loop
      vertex -22.5765 0.674984 5.65685
      vertex -20.1348 1.06171 7.12805
      vertex -20.9383 1.86521 7.12805
    endloop
  endfacet
  facet normal -0.527966 -0.269013 0.805533
    outer loop
      vertex -23.38 2.25194 5.65685
      vertex -22.5765 0.674984 5.65685
      vertex -20.9383 1.86521 7.12805
    endloop
  endfacet
  facet normal -0.0926915 -0.585256 -0.805533
    outer loop
      vertex -19.7481 -1.37999 -5.65685
      vertex -18 0.368075 -7.12805
      vertex -18 -1.65685 -5.65685
    endloop
  endfacet
  facet normal -0.127091 -0.802456 -0.58302
    outer loop
      vertex -19.7481 -1.37999 -5.65685
      vertex -18 -1.65685 -5.65685
      vertex -18 -3.12805 -3.63192
    endloop
  endfacet
  facet normal -0.0488868 -0.30865 -0.949919
    outer loop
      vertex -19.1223 0.545835 -7.12805
      vertex -18 2.74852 -7.90151
      vertex -18 0.368075 -7.12805
    endloop
  endfacet
  facet normal -0.0488949 -0.308646 -0.949919
    outer loop
      vertex -19.1223 0.545835 -7.12805
      vertex -18.3867 2.80978 -7.90151
      vertex -18 2.74852 -7.90151
    endloop
  endfacet
  facet normal -0.723836 0.368899 0.583074
    outer loop
      vertex -23.4199 6 5.44792
      vertex -23.38 5.74806 5.65685
      vertex -23.2516 6 5.65685
    endloop
  endfacet
  facet normal -0.278445 0.141828 -0.949923
    outer loop
      vertex -21.4542 5.12233 -7.12805
      vertex -19.0125 4.7356 -7.90151
      vertex -19.1902 4.38673 -7.90151
    endloop
  endfacet
  facet normal -0.308631 0.0489207 -0.949923
    outer loop
      vertex -21.4542 5.12233 -7.12805
      vertex -19.1902 4.38673 -7.90151
      vertex -19.2515 4 -7.90151
    endloop
  endfacet
  facet normal 0.278445 0.141828 -0.949923
    outer loop
      vertex -16.9875 4.7356 -7.90151
      vertex -14.5458 5.12233 -7.12805
      vertex -16.8098 4.38673 -7.90151
    endloop
  endfacet
  facet normal 0.141854 -0.278442 -0.94992
    outer loop
      vertex -17.6133 2.80978 -7.90151
      vertex -17.2644 2.98753 -7.90151
      vertex -16.8777 0.545835 -7.12805
    endloop
  endfacet
  facet normal 0.308631 0.0489207 -0.949923
    outer loop
      vertex -16.8098 4.38673 -7.90151
      vertex -14.5458 5.12233 -7.12805
      vertex -16.7485 4 -7.90151
    endloop
  endfacet
  facet normal 0.940398 -0.149312 -0.305543
    outer loop
      vertex -10.3659 3.85852 -2.00542
      vertex -10.8719 4 -3.63192
      vertex -10.2762 4 -1.79848
    endloop
  endfacet
  facet normal 0.940475 -0.148862 -0.305528
    outer loop
      vertex -10.5447 3.57514 -2.41773
      vertex -10.8719 4 -3.63192
      vertex -10.3659 3.85852 -2.00542
    endloop
  endfacet
  facet normal 0.940421 -0.149078 -0.305589
    outer loop
      vertex -10.7162 3.14466 -2.7355
      vertex -10.8719 4 -3.63192
      vertex -10.5447 3.57514 -2.41773
    endloop
  endfacet
  facet normal 0.940693 -0.148464 -0.30505
    outer loop
      vertex -10.8719 4 -3.63192
      vertex -10.7162 3.14466 -2.7355
      vertex -10.7307 3.10816 -2.76245
    endloop
  endfacet
  facet normal 0.723897 0.368851 -0.583028
    outer loop
      vertex -12.62 5.74806 -5.65685
      vertex -12.5801 6 -5.44792
      vertex -11.8446 6 -4.53471
    endloop
  endfacet
  facet normal 0 0 -1
    outer loop
      vertex -16.8098 3.61327 -7.90151
      vertex -16.8098 4.38673 -7.90151
      vertex -16.7485 4 -7.90151
    endloop
  endfacet
  facet normal 0 0 -1
    outer loop
      vertex -16.9875 3.2644 -7.90151
      vertex -16.8098 4.38673 -7.90151
      vertex -16.8098 3.61327 -7.90151
    endloop
  endfacet
  facet normal 0 0 -1
    outer loop
      vertex -16.9875 3.2644 -7.90151
      vertex -16.9875 4.7356 -7.90151
      vertex -16.8098 4.38673 -7.90151
    endloop
  endfacet
  facet normal 0 0 -1
    outer loop
      vertex -17.2644 2.98753 -7.90151
      vertex -16.9875 4.7356 -7.90151
      vertex -16.9875 3.2644 -7.90151
    endloop
  endfacet
  facet normal 0 0 -1
    outer loop
      vertex -17.2644 2.98753 -7.90151
      vertex -17.2644 5.01246 -7.90151
      vertex -16.9875 4.7356 -7.90151
    endloop
  endfacet
  facet normal 0 0 -1
    outer loop
      vertex -17.6133 2.80978 -7.90151
      vertex -17.2644 5.01246 -7.90151
      vertex -17.2644 2.98753 -7.90151
    endloop
  endfacet
  facet normal 0 0 -1
    outer loop
      vertex -17.6133 2.80978 -7.90151
      vertex -17.6133 5.19022 -7.90151
      vertex -17.2644 5.01246 -7.90151
    endloop
  endfacet
  facet normal 0 0 -1
    outer loop
      vertex -18 2.74852 -7.90151
      vertex -17.6133 5.19022 -7.90151
      vertex -17.6133 2.80978 -7.90151
    endloop
  endfacet
  facet normal 0 0 -1
    outer loop
      vertex -18 2.74852 -7.90151
      vertex -18 5.25148 -7.90151
      vertex -17.6133 5.19022 -7.90151
    endloop
  endfacet
  facet normal 0 0 -1
    outer loop
      vertex -18.3867 2.80978 -7.90151
      vertex -18 5.25148 -7.90151
      vertex -18 2.74852 -7.90151
    endloop
  endfacet
  facet normal 0 0 -1
    outer loop
      vertex -18.3867 2.80978 -7.90151
      vertex -18.3867 5.19022 -7.90151
      vertex -18 5.25148 -7.90151
    endloop
  endfacet
  facet normal 0 0 -1
    outer loop
      vertex -18.7356 2.98753 -7.90151
      vertex -18.3867 5.19022 -7.90151
      vertex -18.3867 2.80978 -7.90151
    endloop
  endfacet
  facet normal 0 0 -1
    outer loop
      vertex -18.7356 2.98753 -7.90151
      vertex -18.7356 5.01246 -7.90151
      vertex -18.3867 5.19022 -7.90151
    endloop
  endfacet
  facet normal 0 0 -1
    outer loop
      vertex -19.0125 3.2644 -7.90151
      vertex -18.7356 5.01246 -7.90151
      vertex -18.7356 2.98753 -7.90151
    endloop
  endfacet
  facet normal 0 0 -1
    outer loop
      vertex -19.0125 3.2644 -7.90151
      vertex -19.0125 4.7356 -7.90151
      vertex -18.7356 5.01246 -7.90151
    endloop
  endfacet
  facet normal 0 0 -1
    outer loop
      vertex -19.1902 3.61327 -7.90151
      vertex -19.0125 4.7356 -7.90151
      vertex -19.0125 3.2644 -7.90151
    endloop
  endfacet
  facet normal 0 0 -1
    outer loop
      vertex -19.1902 3.61327 -7.90151
      vertex -19.1902 4.38673 -7.90151
      vertex -19.0125 4.7356 -7.90151
    endloop
  endfacet
  facet normal 0 -0 -1
    outer loop
      vertex -19.1902 4.38673 -7.90151
      vertex -19.1902 3.61327 -7.90151
      vertex -19.2515 4 -7.90151
    endloop
  endfacet
  facet normal -0.0488907 0.308649 -0.949919
    outer loop
      vertex -18.3814 6 -7.63867
      vertex -18 6 -7.6583
      vertex -18 5.25148 -7.90151
    endloop
  endfacet
  facet normal 0 0 1
    outer loop
      vertex -16.8098 4.38673 7.90151
      vertex -16.8098 3.61327 7.90151
      vertex -16.7485 4 7.90151
    endloop
  endfacet
  facet normal 0 0 1
    outer loop
      vertex -16.9875 4.7356 7.90151
      vertex -16.8098 3.61327 7.90151
      vertex -16.8098 4.38673 7.90151
    endloop
  endfacet
  facet normal 0 0 1
    outer loop
      vertex -16.9875 4.7356 7.90151
      vertex -16.9875 3.2644 7.90151
      vertex -16.8098 3.61327 7.90151
    endloop
  endfacet
  facet normal 0 0 1
    outer loop
      vertex -17.2644 5.01246 7.90151
      vertex -16.9875 3.2644 7.90151
      vertex -16.9875 4.7356 7.90151
    endloop
  endfacet
  facet normal 0 0 1
    outer loop
      vertex -17.2644 5.01246 7.90151
      vertex -17.2644 2.98753 7.90151
      vertex -16.9875 3.2644 7.90151
    endloop
  endfacet
  facet normal 0 0 1
    outer loop
      vertex -17.6133 5.19022 7.90151
      vertex -17.2644 2.98753 7.90151
      vertex -17.2644 5.01246 7.90151
    endloop
  endfacet
  facet normal 0 0 1
    outer loop
      vertex -17.6133 5.19022 7.90151
      vertex -17.6133 2.80978 7.90151
      vertex -17.2644 2.98753 7.90151
    endloop
  endfacet
  facet normal 0 0 1
    outer loop
      vertex -18 5.25148 7.90151
      vertex -17.6133 2.80978 7.90151
      vertex -17.6133 5.19022 7.90151
    endloop
  endfacet
  facet normal 0 0 1
    outer loop
      vertex -18 5.25148 7.90151
      vertex -18 2.74852 7.90151
      vertex -17.6133 2.80978 7.90151
    endloop
  endfacet
  facet normal -0 0 1
    outer loop
      vertex -18.3867 5.19022 7.90151
      vertex -18 2.74852 7.90151
      vertex -18 5.25148 7.90151
    endloop
  endfacet
  facet normal 0 0 1
    outer loop
      vertex -18.3867 5.19022 7.90151
      vertex -18.3867 2.80978 7.90151
      vertex -18 2.74852 7.90151
    endloop
  endfacet
  facet normal -0 0 1
    outer loop
      vertex -18.7356 5.01246 7.90151
      vertex -18.3867 2.80978 7.90151
      vertex -18.3867 5.19022 7.90151
    endloop
  endfacet
  facet normal 0 0 1
    outer loop
      vertex -18.7356 5.01246 7.90151
      vertex -18.7356 2.98753 7.90151
      vertex -18.3867 2.80978 7.90151
    endloop
  endfacet
  facet normal -0 0 1
    outer loop
      vertex -19.0125 4.7356 7.90151
      vertex -18.7356 2.98753 7.90151
      vertex -18.7356 5.01246 7.90151
    endloop
  endfacet
  facet normal 0 0 1
    outer loop
      vertex -19.0125 4.7356 7.90151
      vertex -19.0125 3.2644 7.90151
      vertex -18.7356 2.98753 7.90151
    endloop
  endfacet
  facet normal -0 0 1
    outer loop
      vertex -19.1902 4.38673 7.90151
      vertex -19.0125 3.2644 7.90151
      vertex -19.0125 4.7356 7.90151
    endloop
  endfacet
  facet normal 0 0 1
    outer loop
      vertex -19.1902 4.38673 7.90151
      vertex -19.1902 3.61327 7.90151
      vertex -19.0125 3.2644 7.90151
    endloop
  endfacet
  facet normal 0 -0 1
    outer loop
      vertex -19.1902 3.61327 7.90151
      vertex -19.1902 4.38673 7.90151
      vertex -19.2515 4 7.90151
    endloop
  endfacet
  facet normal -0.585268 -0.0926662 0.805528
    outer loop
      vertex -23.38 2.25194 5.65685
      vertex -21.4542 2.87767 7.12805
      vertex -21.6319 4 7.12805
    endloop
  endfacet
  facet normal -0.308655 -0.0488698 0.949918
    outer loop
      vertex -21.6319 4 7.12805
      vertex -21.4542 2.87767 7.12805
      vertex -19.2515 4 7.90151
    endloop
  endfacet
  facet normal 0.891021 9.59718e-18 -0.453962
    outer loop
      vertex -22.5819 6 2.53801
      vertex -22.2878 6 3.11526
      vertex -22.2878 5.38523 3.11526
    endloop
  endfacet
  facet normal -0.453984 -1.56761e-17 -0.89101
    outer loop
      vertex -16.3622 1.8 5.0406
      vertex -14.8847 6 4.28779
      vertex -14.8847 1.8 4.28779
    endloop
  endfacet
  facet normal -0.453984 -1.56761e-17 -0.89101
    outer loop
      vertex -14.8847 6 4.28779
      vertex -16.3622 1.8 5.0406
      vertex -16.3622 6 5.0406
    endloop
  endfacet
  facet normal -0.891009 0 -0.453986
    outer loop
      vertex -12.9594 4.38193 1.63779
      vertex -13.7122 6 3.11526
      vertex -12.9594 6 1.63779
    endloop
  endfacet
  facet normal -0.891016 -1.60295e-05 -0.453972
    outer loop
      vertex -13.233 4.01684 2.1748
      vertex -13.7122 6 3.11526
      vertex -12.9594 4.38193 1.63779
    endloop
  endfacet
  facet normal -0.890979 2.71623e-05 -0.454045
    outer loop
      vertex -13.4909 3.33072 2.68084
      vertex -13.7122 6 3.11526
      vertex -13.233 4.01684 2.1748
    endloop
  endfacet
  facet normal -0.89121 -6.56663e-05 -0.453592
    outer loop
      vertex -13.5087 3.28329 2.71582
      vertex -13.7122 6 3.11526
      vertex -13.4909 3.33072 2.68084
    endloop
  endfacet
  facet normal -0.890834 7.09075e-05 -0.454329
    outer loop
      vertex -13.5307 3.17523 2.75894
      vertex -13.7122 6 3.11526
      vertex -13.5087 3.28329 2.71582
    endloop
  endfacet
  facet normal -0.891205 -4.47181e-05 -0.453602
    outer loop
      vertex -13.5483 3.06615 2.79353
      vertex -13.7122 6 3.11526
      vertex -13.5307 3.17523 2.75894
    endloop
  endfacet
  facet normal -0.891068 -7.68977e-06 -0.45387
    outer loop
      vertex -13.6627 2.35295 3.01814
      vertex -13.7122 6 3.11526
      vertex -13.5483 3.06615 2.79353
    endloop
  endfacet
  facet normal -0.87551 0.000984499 -0.483199
    outer loop
      vertex -13.6634 2.34886 3.0194
      vertex -13.7122 6 3.11526
      vertex -13.6627 2.35295 3.01814
    endloop
  endfacet
  facet normal -0.891772 -3.92423e-05 -0.452485
    outer loop
      vertex -13.6712 2.26235 3.03478
      vertex -13.7122 6 3.11526
      vertex -13.6634 2.34886 3.0194
    endloop
  endfacet
  facet normal -0.882234 0.00046 -0.470811
    outer loop
      vertex -13.672 2.25305 3.03627
      vertex -13.7122 6 3.11526
      vertex -13.6712 2.26235 3.03478
    endloop
  endfacet
  facet normal -0.890416 -0.00034758 -0.455148
    outer loop
      vertex -13.7122 1.8 3.11526
      vertex -13.672 2.25305 3.03627
      vertex -13.6782 2.13412 3.04849
    endloop
  endfacet
  facet normal -0.886868 -0.00208137 -0.462018
    outer loop
      vertex -13.7122 1.8 3.11526
      vertex -13.6782 2.13412 3.04849
      vertex -13.6789 2.1194 3.0499
    endloop
  endfacet
  facet normal -0.89103 4.78393e-06 -0.453944
    outer loop
      vertex -13.7122 1.8 3.11526
      vertex -13.6789 2.1194 3.0499
      vertex -13.6829 1.9813 3.05775
    endloop
  endfacet
  facet normal -0.889957 -0.000834701 -0.456044
    outer loop
      vertex -13.7122 1.8 3.11526
      vertex -13.6829 1.9813 3.05775
      vertex -13.6834 1.96258 3.05876
    endloop
  endfacet
  facet normal -0.891074 0.000123107 -0.453857
    outer loop
      vertex -13.7122 1.8 3.11526
      vertex -13.6834 1.96258 3.05876
      vertex -13.6848 1.82001 3.06147
    endloop
  endfacet
  facet normal -0.891168 0.000745561 -0.453673
    outer loop
      vertex -13.7122 1.8 3.11526
      vertex -13.6848 1.82001 3.06147
      vertex -13.685 1.80001 3.06183
    endloop
  endfacet
  facet normal -0.891223 1.49068e-19 -0.453566
    outer loop
      vertex -13.672 2.25305 3.03627
      vertex -13.7122 1.8 3.11526
      vertex -13.7122 6 3.11526
    endloop
  endfacet
  facet normal -0.891168 7.21505e-14 -0.453673
    outer loop
      vertex -13.7122 1.8 3.11526
      vertex -13.685 1.80001 3.06183
      vertex -13.685 1.8 3.06183
    endloop
  endfacet
  facet normal -0.156433 -3.96365e-18 -0.987689
    outer loop
      vertex -18 1.8 5.3
      vertex -16.3622 6 5.0406
      vertex -16.3622 1.8 5.0406
    endloop
  endfacet
  facet normal -0.156433 -3.96365e-18 -0.987689
    outer loop
      vertex -16.3622 6 5.0406
      vertex -18 1.8 5.3
      vertex -18 6 5.3
    endloop
  endfacet
  facet normal -0.987688 3.84741e-05 -0.156434
    outer loop
      vertex -12.7 6 0
      vertex -12.7775 4.82658 0.489028
      vertex -12.9594 6 1.63779
    endloop
  endfacet
  facet normal -0.987674 2.59136e-18 -0.156524
    outer loop
      vertex -12.7775 4.82658 0.489028
      vertex -12.7 6 0
      vertex -12.7 4.81657 0
    endloop
  endfacet
  facet normal -0.987716 -0.00013915 -0.156257
    outer loop
      vertex -12.8006 4.78196 0.635085
      vertex -12.9594 6 1.63779
      vertex -12.7775 4.82658 0.489028
    endloop
  endfacet
  facet normal -0.987695 -2.25667e-05 -0.156395
    outer loop
      vertex -12.9236 4.54292 1.41191
      vertex -12.9594 6 1.63779
      vertex -12.8006 4.78196 0.635085
    endloop
  endfacet
  facet normal -0.987593 7.95077e-05 -0.157038
    outer loop
      vertex -12.9408 4.46605 1.52004
      vertex -12.9594 6 1.63779
      vertex -12.9236 4.54292 1.41191
    endloop
  endfacet
  facet normal -0.987753 -0 -0.156027
    outer loop
      vertex -12.9594 6 1.63779
      vertex -12.9408 4.46605 1.52004
      vertex -12.9594 4.38193 1.63779
    endloop
  endfacet
  facet normal 0.891021 -9.59718e-18 0.453962
    outer loop
      vertex -22.5819 6 -2.53801
      vertex -22.2878 5.38523 -3.11526
      vertex -22.2878 6 -3.11526
    endloop
  endfacet
  facet normal -0.707116 0 -0.707098
    outer loop
      vertex -13.7122 1.8 3.11526
      vertex -14.8847 6 4.28779
      vertex -13.7122 6 3.11526
    endloop
  endfacet
  facet normal -0.707116 -0 -0.707098
    outer loop
      vertex -14.8847 6 4.28779
      vertex -13.7122 1.8 3.11526
      vertex -14.8847 1.8 4.28779
    endloop
  endfacet
  facet normal 0.707116 -0 0.707098
    outer loop
      vertex -22.2878 5.38523 -3.11526
      vertex -21.1153 6 -4.28779
      vertex -22.2878 6 -3.11526
    endloop
  endfacet
  facet normal 0.707096 7.42684e-05 0.707117
    outer loop
      vertex -21.9894 4.99294 -3.41361
      vertex -21.1153 6 -4.28779
      vertex -22.2878 5.38523 -3.11526
    endloop
  endfacet
  facet normal 0.707203 -0.000110533 0.707011
    outer loop
      vertex -21.9056 4.88269 -3.49745
      vertex -21.1153 6 -4.28779
      vertex -21.9894 4.99294 -3.41361
    endloop
  endfacet
  facet normal 0.707041 0.000118742 0.707173
    outer loop
      vertex -21.8675 4.80596 -3.53553
      vertex -21.1153 6 -4.28779
      vertex -21.9056 4.88269 -3.49745
    endloop
  endfacet
  facet normal 0.707114 2.61654e-05 0.707099
    outer loop
      vertex -21.5231 3.79954 -3.8799
      vertex -21.1153 6 -4.28779
      vertex -21.8675 4.80596 -3.53553
    endloop
  endfacet
  facet normal 0.707413 -8.46849e-05 0.7068
    outer loop
      vertex -21.4547 3.45999 -3.9484
      vertex -21.1153 6 -4.28779
      vertex -21.5231 3.79954 -3.8799
    endloop
  endfacet
  facet normal 0.706978 3.15209e-05 0.707235
    outer loop
      vertex -21.3348 2.86597 -4.06823
      vertex -21.1153 6 -4.28779
      vertex -21.4547 3.45999 -3.9484
    endloop
  endfacet
  facet normal 0.70696 -0.000100449 0.707254
    outer loop
      vertex -21.1153 1.8 -4.28779
      vertex -21.3348 2.86597 -4.06823
      vertex -21.3057 2.42861 -4.09738
    endloop
  endfacet
  facet normal 0.707235 6.66433e-05 0.706978
    outer loop
      vertex -21.1153 1.8 -4.28779
      vertex -21.3057 2.42861 -4.09738
      vertex -21.2771 2 -4.12595
    endloop
  endfacet
  facet normal 0.707203 -6.98804e-19 0.70701
    outer loop
      vertex -21.3348 2.86597 -4.06823
      vertex -21.1153 1.8 -4.28779
      vertex -21.1153 6 -4.28779
    endloop
  endfacet
  facet normal 0.707248 8.72503e-05 0.706965
    outer loop
      vertex -21.1153 1.8 -4.28779
      vertex -21.2771 2 -4.12595
      vertex -21.2904 1.8 -4.11262
    endloop
  endfacet
  facet normal 0.156433 -3.96365e-18 0.987689
    outer loop
      vertex -19.6378 6 -5.0406
      vertex -18 1.8 -5.3
      vertex -18 6 -5.3
    endloop
  endfacet
  facet normal 0.156433 -3.96365e-18 0.987689
    outer loop
      vertex -18 1.8 -5.3
      vertex -19.6378 6 -5.0406
      vertex -19.6378 1.8 -5.0406
    endloop
  endfacet
  facet normal 0.156433 3.96365e-18 -0.987689
    outer loop
      vertex -19.6378 1.8 5.0406
      vertex -18 6 5.3
      vertex -18 1.8 5.3
    endloop
  endfacet
  facet normal 0.156433 3.96365e-18 -0.987689
    outer loop
      vertex -18 6 5.3
      vertex -19.6378 1.8 5.0406
      vertex -19.6378 6 5.0406
    endloop
  endfacet
  facet normal -0.987688 3.84741e-05 0.156434
    outer loop
      vertex -12.9594 6 -1.63779
      vertex -12.7775 4.82658 -0.489028
      vertex -12.7 6 0
    endloop
  endfacet
  facet normal -0.987716 -0.00013915 0.156257
    outer loop
      vertex -12.9594 6 -1.63779
      vertex -12.8006 4.78196 -0.635085
      vertex -12.7775 4.82658 -0.489028
    endloop
  endfacet
  facet normal -0.987695 -2.25667e-05 0.156395
    outer loop
      vertex -12.9594 6 -1.63779
      vertex -12.9236 4.54292 -1.41191
      vertex -12.8006 4.78196 -0.635085
    endloop
  endfacet
  facet normal -0.987593 7.95077e-05 0.157038
    outer loop
      vertex -12.9594 6 -1.63779
      vertex -12.9408 4.46605 -1.52004
      vertex -12.9236 4.54292 -1.41191
    endloop
  endfacet
  facet normal -0.987753 -9.84258e-19 0.156027
    outer loop
      vertex -12.9408 4.46605 -1.52004
      vertex -12.9594 6 -1.63779
      vertex -12.9594 4.38193 -1.63779
    endloop
  endfacet
  facet normal -0.987674 0 0.156524
    outer loop
      vertex -12.7 6 0
      vertex -12.7775 4.82658 -0.489028
      vertex -12.7 4.81657 0
    endloop
  endfacet
  facet normal -0.156433 3.96365e-18 0.987689
    outer loop
      vertex -18 6 -5.3
      vertex -16.3622 1.8 -5.0406
      vertex -16.3622 6 -5.0406
    endloop
  endfacet
  facet normal -0.156433 3.96365e-18 0.987689
    outer loop
      vertex -16.3622 1.8 -5.0406
      vertex -18 6 -5.3
      vertex -18 1.8 -5.3
    endloop
  endfacet
  facet normal -0.707116 0 0.707098
    outer loop
      vertex -14.8847 1.8 -4.28779
      vertex -13.7122 6 -3.11526
      vertex -14.8847 6 -4.28779
    endloop
  endfacet
  facet normal -0.707116 0 0.707098
    outer loop
      vertex -13.7122 6 -3.11526
      vertex -14.8847 1.8 -4.28779
      vertex -13.7122 1.8 -3.11526
    endloop
  endfacet
  facet normal 0.453984 1.54893e-17 0.89101
    outer loop
      vertex -21.1153 6 -4.28779
      vertex -19.6378 1.8 -5.0406
      vertex -19.6378 6 -5.0406
    endloop
  endfacet
  facet normal 0.453984 1.54893e-17 0.89101
    outer loop
      vertex -19.6378 1.8 -5.0406
      vertex -21.1153 6 -4.28779
      vertex -21.1153 1.8 -4.28779
    endloop
  endfacet
  facet normal 0.707116 -9.18489e-17 -0.707098
    outer loop
      vertex -21.1153 6 4.28779
      vertex -22.2878 5.38523 3.11526
      vertex -22.2878 6 3.11526
    endloop
  endfacet
  facet normal 0.707096 7.42684e-05 -0.707117
    outer loop
      vertex -21.1153 6 4.28779
      vertex -21.9894 4.99294 3.41361
      vertex -22.2878 5.38523 3.11526
    endloop
  endfacet
  facet normal 0.707203 -0.000110533 -0.707011
    outer loop
      vertex -21.1153 6 4.28779
      vertex -21.9056 4.88269 3.49745
      vertex -21.9894 4.99294 3.41361
    endloop
  endfacet
  facet normal 0.707041 0.000118742 -0.707173
    outer loop
      vertex -21.1153 6 4.28779
      vertex -21.8675 4.80596 3.53553
      vertex -21.9056 4.88269 3.49745
    endloop
  endfacet
  facet normal 0.707114 2.61654e-05 -0.707099
    outer loop
      vertex -21.1153 6 4.28779
      vertex -21.5231 3.79954 3.8799
      vertex -21.8675 4.80596 3.53553
    endloop
  endfacet
  facet normal 0.707413 -8.46849e-05 -0.7068
    outer loop
      vertex -21.1153 6 4.28779
      vertex -21.4547 3.45999 3.9484
      vertex -21.5231 3.79954 3.8799
    endloop
  endfacet
  facet normal 0.706978 3.15209e-05 -0.707235
    outer loop
      vertex -21.1153 6 4.28779
      vertex -21.3348 2.86597 4.06823
      vertex -21.4547 3.45999 3.9484
    endloop
  endfacet
  facet normal 0.707203 0 -0.70701
    outer loop
      vertex -21.1153 1.8 4.28779
      vertex -21.3348 2.86597 4.06823
      vertex -21.1153 6 4.28779
    endloop
  endfacet
  facet normal 0.70696 -0.000100449 -0.707254
    outer loop
      vertex -21.3348 2.86597 4.06823
      vertex -21.1153 1.8 4.28779
      vertex -21.3057 2.42861 4.09738
    endloop
  endfacet
  facet normal 0.707235 6.66433e-05 -0.706978
    outer loop
      vertex -21.3057 2.42861 4.09738
      vertex -21.1153 1.8 4.28779
      vertex -21.2771 2 4.12595
    endloop
  endfacet
  facet normal 0.707248 8.72503e-05 -0.706965
    outer loop
      vertex -21.2771 2 4.12595
      vertex -21.1153 1.8 4.28779
      vertex -21.2904 1.8 4.11262
    endloop
  endfacet
  facet normal 0.453984 -1.54893e-17 -0.89101
    outer loop
      vertex -21.1153 1.8 4.28779
      vertex -19.6378 6 5.0406
      vertex -19.6378 1.8 5.0406
    endloop
  endfacet
  facet normal 0.453984 -1.54893e-17 -0.89101
    outer loop
      vertex -19.6378 6 5.0406
      vertex -21.1153 1.8 4.28779
      vertex -21.1153 6 4.28779
    endloop
  endfacet
  facet normal -0.891009 2.74597e-17 0.453986
    outer loop
      vertex -13.7122 6 -3.11526
      vertex -12.9594 4.38193 -1.63779
      vertex -12.9594 6 -1.63779
    endloop
  endfacet
  facet normal -0.891016 -1.60295e-05 0.453972
    outer loop
      vertex -13.7122 6 -3.11526
      vertex -13.233 4.01684 -2.1748
      vertex -12.9594 4.38193 -1.63779
    endloop
  endfacet
  facet normal -0.890979 2.71623e-05 0.454045
    outer loop
      vertex -13.7122 6 -3.11526
      vertex -13.4909 3.33072 -2.68084
      vertex -13.233 4.01684 -2.1748
    endloop
  endfacet
  facet normal -0.89121 -6.56663e-05 0.453592
    outer loop
      vertex -13.7122 6 -3.11526
      vertex -13.5087 3.28329 -2.71582
      vertex -13.4909 3.33072 -2.68084
    endloop
  endfacet
  facet normal -0.890834 7.09075e-05 0.454329
    outer loop
      vertex -13.7122 6 -3.11526
      vertex -13.5307 3.17523 -2.75894
      vertex -13.5087 3.28329 -2.71582
    endloop
  endfacet
  facet normal -0.891205 -4.47181e-05 0.453602
    outer loop
      vertex -13.7122 6 -3.11526
      vertex -13.5483 3.06615 -2.79353
      vertex -13.5307 3.17523 -2.75894
    endloop
  endfacet
  facet normal -0.891068 -7.68977e-06 0.45387
    outer loop
      vertex -13.7122 6 -3.11526
      vertex -13.6627 2.35295 -3.01814
      vertex -13.5483 3.06615 -2.79353
    endloop
  endfacet
  facet normal -0.87551 0.000984499 0.483199
    outer loop
      vertex -13.7122 6 -3.11526
      vertex -13.6634 2.34886 -3.0194
      vertex -13.6627 2.35295 -3.01814
    endloop
  endfacet
  facet normal -0.891772 -3.92423e-05 0.452485
    outer loop
      vertex -13.7122 6 -3.11526
      vertex -13.6712 2.26235 -3.03478
      vertex -13.6634 2.34886 -3.0194
    endloop
  endfacet
  facet normal -0.882234 0.00046 0.470811
    outer loop
      vertex -13.7122 6 -3.11526
      vertex -13.672 2.25305 -3.03627
      vertex -13.6712 2.26235 -3.03478
    endloop
  endfacet
  facet normal -0.891223 0 0.453566
    outer loop
      vertex -13.7122 1.8 -3.11526
      vertex -13.672 2.25305 -3.03627
      vertex -13.7122 6 -3.11526
    endloop
  endfacet
  facet normal -0.890416 -0.00034758 0.455148
    outer loop
      vertex -13.672 2.25305 -3.03627
      vertex -13.7122 1.8 -3.11526
      vertex -13.6782 2.13412 -3.04849
    endloop
  endfacet
  facet normal -0.886868 -0.00208137 0.462018
    outer loop
      vertex -13.6782 2.13412 -3.04849
      vertex -13.7122 1.8 -3.11526
      vertex -13.6789 2.1194 -3.0499
    endloop
  endfacet
  facet normal -0.89103 4.78393e-06 0.453944
    outer loop
      vertex -13.6789 2.1194 -3.0499
      vertex -13.7122 1.8 -3.11526
      vertex -13.6829 1.9813 -3.05775
    endloop
  endfacet
  facet normal -0.889957 -0.000834701 0.456044
    outer loop
      vertex -13.6829 1.9813 -3.05775
      vertex -13.7122 1.8 -3.11526
      vertex -13.6834 1.96258 -3.05876
    endloop
  endfacet
  facet normal -0.891074 0.000123107 0.453857
    outer loop
      vertex -13.6834 1.96258 -3.05876
      vertex -13.7122 1.8 -3.11526
      vertex -13.6848 1.82001 -3.06147
    endloop
  endfacet
  facet normal -0.891168 0.000745561 0.453673
    outer loop
      vertex -13.6848 1.82001 -3.06147
      vertex -13.7122 1.8 -3.11526
      vertex -13.685 1.80001 -3.06183
    endloop
  endfacet
  facet normal -0.891168 0 0.453673
    outer loop
      vertex -13.685 1.80001 -3.06183
      vertex -13.7122 1.8 -3.11526
      vertex -13.685 1.8 -3.06183
    endloop
  endfacet
  facet normal 0 1 0
    outer loop
      vertex -16.0879 1.8 2.12132
      vertex -18 1.8 5.3
      vertex -16.3622 1.8 5.0406
    endloop
  endfacet
  facet normal 0 1 -0
    outer loop
      vertex -15.3286 1.8 2.67302
      vertex -16.3622 1.8 5.0406
      vertex -14.8847 1.8 4.28779
    endloop
  endfacet
  facet normal 0 1 0
    outer loop
      vertex -18 1.8 5.3
      vertex -16.0879 1.8 2.12132
      vertex -19.5766 1.8 2.26995
    endloop
  endfacet
  facet normal -0 1 0
    outer loop
      vertex -20.857 1.8 3.7977
      vertex -19.6378 1.8 5.0406
      vertex -20.4961 1.8 3.53553
    endloop
  endfacet
  facet normal 0 1 0
    outer loop
      vertex -21.1153 1.8 4.28779
      vertex -20.857 1.8 3.7977
      vertex -21.2904 1.8 4.11262
    endloop
  endfacet
  facet normal 0 1 0
    outer loop
      vertex -19.6378 1.8 5.0406
      vertex -20.857 1.8 3.7977
      vertex -21.1153 1.8 4.28779
    endloop
  endfacet
  facet normal 0 1 0
    outer loop
      vertex -19.6378 1.8 5.0406
      vertex -20.3626 1.8 3.35167
      vertex -20.4961 1.8 3.53553
    endloop
  endfacet
  facet normal 0 1 -0
    outer loop
      vertex -14.2608 1.8 2.98611
      vertex -14.8847 1.8 4.28779
      vertex -13.7122 1.8 3.11526
    endloop
  endfacet
  facet normal 0 1 0
    outer loop
      vertex -13.7513 1.8 3.05313
      vertex -13.7122 1.8 3.11526
      vertex -13.685 1.8 3.06183
    endloop
  endfacet
  facet normal 0 1 0
    outer loop
      vertex -14.2608 1.8 2.98611
      vertex -13.7122 1.8 3.11526
      vertex -13.7513 1.8 3.05313
    endloop
  endfacet
  facet normal 0 1 0
    outer loop
      vertex -14.8847 1.8 4.28779
      vertex -14.2608 1.8 2.98611
      vertex -14.2733 1.8 2.98429
    endloop
  endfacet
  facet normal 0 1 0
    outer loop
      vertex -14.8847 1.8 4.28779
      vertex -14.2733 1.8 2.98429
      vertex -14.4181 1.8 2.96306
    endloop
  endfacet
  facet normal 0 1 -0
    outer loop
      vertex -14.5826 1.8 2.91541
      vertex -14.8847 1.8 4.28779
      vertex -14.4181 1.8 2.96306
    endloop
  endfacet
  facet normal 0 1 -0
    outer loop
      vertex -14.8396 1.8 2.83189
      vertex -14.8847 1.8 4.28779
      vertex -14.5826 1.8 2.91541
    endloop
  endfacet
  facet normal 0 1 0
    outer loop
      vertex -15.3286 1.8 2.67302
      vertex -14.8847 1.8 4.28779
      vertex -14.8396 1.8 2.83189
    endloop
  endfacet
  facet normal 0 1 0
    outer loop
      vertex -16.3622 1.8 5.0406
      vertex -15.3286 1.8 2.67302
      vertex -15.5491 1.8 2.51283
    endloop
  endfacet
  facet normal 0 1 0
    outer loop
      vertex -16.3622 1.8 5.0406
      vertex -15.5491 1.8 2.51283
      vertex -16.0879 1.8 2.12132
    endloop
  endfacet
  facet normal 0 1 0
    outer loop
      vertex -18 1.8 5.3
      vertex -19.5766 1.8 2.26995
      vertex -19.6378 1.8 5.0406
    endloop
  endfacet
  facet normal 0 1 0
    outer loop
      vertex -19.6378 1.8 5.0406
      vertex -19.5766 1.8 2.26995
      vertex -20.3626 1.8 3.35167
    endloop
  endfacet
  facet normal 0 1 -0
    outer loop
      vertex -16.6287 1.8 1.55496
      vertex -19.5766 1.8 2.26995
      vertex -16.0879 1.8 2.12132
    endloop
  endfacet
  facet normal 0 1 0
    outer loop
      vertex -16.6287 1.8 1.55496
      vertex -16.0879 1.8 2.12132
      vertex -16.406 1.8 1.68357
    endloop
  endfacet
  facet normal 0 1 -0
    outer loop
      vertex -17.1787 1.8 1.23744
      vertex -19.5766 1.8 2.26995
      vertex -16.6287 1.8 1.55496
    endloop
  endfacet
  facet normal 0 1 0
    outer loop
      vertex -19.5766 1.8 2.26995
      vertex -17.1787 1.8 1.23744
      vertex -19.5133 1.8 2.07497
    endloop
  endfacet
  facet normal 0 1 -0
    outer loop
      vertex -17.2778 1.8 1.06575
      vertex -19.5133 1.8 2.07497
      vertex -17.1787 1.8 1.23744
    endloop
  endfacet
  facet normal 0 1 0
    outer loop
      vertex -17.2778 1.8 1.06575
      vertex -19.0932 1.8 0.782172
      vertex -19.5133 1.8 2.07497
    endloop
  endfacet
  facet normal 0 1 -0
    outer loop
      vertex -17.6316 1.8 0.452933
      vertex -19.0932 1.8 0.782172
      vertex -17.2778 1.8 1.06575
    endloop
  endfacet
  facet normal 0 1 -0
    outer loop
      vertex -17.6316 1.8 -0.452933
      vertex -19.0932 1.8 0.782172
      vertex -17.6316 1.8 0.452933
    endloop
  endfacet
  facet normal 0 1 0
    outer loop
      vertex -17.6316 1.8 -0.452933
      vertex -19.0932 1.8 -0.782172
      vertex -19.0932 1.8 0.782172
    endloop
  endfacet
  facet normal 0 1 0
    outer loop
      vertex -17.2778 1.8 -1.06575
      vertex -19.0932 1.8 -0.782172
      vertex -17.6316 1.8 -0.452933
    endloop
  endfacet
  facet normal 0 1 0
    outer loop
      vertex -19.5133 1.8 -2.07497
      vertex -17.2778 1.8 -1.06575
      vertex -17.1787 1.8 -1.23744
    endloop
  endfacet
  facet normal 0 1 0
    outer loop
      vertex -19.5766 1.8 -2.26995
      vertex -17.1787 1.8 -1.23744
      vertex -16.6287 1.8 -1.55496
    endloop
  endfacet
  facet normal 0 1 0
    outer loop
      vertex -16.0879 1.8 -2.12132
      vertex -16.6287 1.8 -1.55496
      vertex -16.406 1.8 -1.68357
    endloop
  endfacet
  facet normal 0 1 0
    outer loop
      vertex -17.2778 1.8 -1.06575
      vertex -19.5133 1.8 -2.07497
      vertex -19.0932 1.8 -0.782172
    endloop
  endfacet
  facet normal 0 1 0
    outer loop
      vertex -16.6287 1.8 -1.55496
      vertex -16.0879 1.8 -2.12132
      vertex -19.5766 1.8 -2.26995
    endloop
  endfacet
  facet normal 0 1 0
    outer loop
      vertex -17.1787 1.8 -1.23744
      vertex -19.5766 1.8 -2.26995
      vertex -19.5133 1.8 -2.07497
    endloop
  endfacet
  facet normal 0 1 0
    outer loop
      vertex -16.3622 1.8 -5.0406
      vertex -16.0879 1.8 -2.12132
      vertex -15.5491 1.8 -2.51283
    endloop
  endfacet
  facet normal 0 1 0
    outer loop
      vertex -16.3622 1.8 -5.0406
      vertex -15.5491 1.8 -2.51283
      vertex -15.3286 1.8 -2.67302
    endloop
  endfacet
  facet normal 0 1 -0
    outer loop
      vertex -14.8847 1.8 -4.28779
      vertex -15.3286 1.8 -2.67302
      vertex -14.8396 1.8 -2.83189
    endloop
  endfacet
  facet normal 0 1 0
    outer loop
      vertex -14.8847 1.8 -4.28779
      vertex -14.8396 1.8 -2.83189
      vertex -14.5826 1.8 -2.91541
    endloop
  endfacet
  facet normal 0 1 0
    outer loop
      vertex -14.8847 1.8 -4.28779
      vertex -14.5826 1.8 -2.91541
      vertex -14.4181 1.8 -2.96306
    endloop
  endfacet
  facet normal 0 1 0
    outer loop
      vertex -14.8847 1.8 -4.28779
      vertex -14.4181 1.8 -2.96306
      vertex -14.2733 1.8 -2.98429
    endloop
  endfacet
  facet normal 0 1 0
    outer loop
      vertex -14.8847 1.8 -4.28779
      vertex -14.2733 1.8 -2.98429
      vertex -14.2608 1.8 -2.98611
    endloop
  endfacet
  facet normal 0 1 -0
    outer loop
      vertex -13.7122 1.8 -3.11526
      vertex -13.7513 1.8 -3.05313
      vertex -13.685 1.8 -3.06183
    endloop
  endfacet
  facet normal 0 1 0
    outer loop
      vertex -13.7122 1.8 -3.11526
      vertex -14.2608 1.8 -2.98611
      vertex -13.7513 1.8 -3.05313
    endloop
  endfacet
  facet normal 0 1 0
    outer loop
      vertex -14.8847 1.8 -4.28779
      vertex -14.2608 1.8 -2.98611
      vertex -13.7122 1.8 -3.11526
    endloop
  endfacet
  facet normal 0 1 0
    outer loop
      vertex -15.3286 1.8 -2.67302
      vertex -14.8847 1.8 -4.28779
      vertex -16.3622 1.8 -5.0406
    endloop
  endfacet
  facet normal 0 1 0
    outer loop
      vertex -16.0879 1.8 -2.12132
      vertex -16.3622 1.8 -5.0406
      vertex -18 1.8 -5.3
    endloop
  endfacet
  facet normal 0 1 0
    outer loop
      vertex -16.0879 1.8 -2.12132
      vertex -18 1.8 -5.3
      vertex -19.5766 1.8 -2.26995
    endloop
  endfacet
  facet normal -0 1 0
    outer loop
      vertex -19.6378 1.8 -5.0406
      vertex -19.5766 1.8 -2.26995
      vertex -18 1.8 -5.3
    endloop
  endfacet
  facet normal 0 1 0
    outer loop
      vertex -19.5766 1.8 -2.26995
      vertex -19.6378 1.8 -5.0406
      vertex -20.3626 1.8 -3.35167
    endloop
  endfacet
  facet normal 0 1 0
    outer loop
      vertex -20.3626 1.8 -3.35167
      vertex -19.6378 1.8 -5.0406
      vertex -20.4961 1.8 -3.53553
    endloop
  endfacet
  facet normal 0 1 0
    outer loop
      vertex -20.4961 1.8 -3.53553
      vertex -19.6378 1.8 -5.0406
      vertex -20.857 1.8 -3.7977
    endloop
  endfacet
  facet normal 0 1 0
    outer loop
      vertex -20.857 1.8 -3.7977
      vertex -21.1153 1.8 -4.28779
      vertex -21.2904 1.8 -4.11262
    endloop
  endfacet
  facet normal -0 1 0
    outer loop
      vertex -21.1153 1.8 -4.28779
      vertex -20.857 1.8 -3.7977
      vertex -19.6378 1.8 -5.0406
    endloop
  endfacet
  facet normal 0 1 0
    outer loop
      vertex -24.1554 6 4.53471
      vertex -23.0884 6 2.69753
      vertex -24 6 2.89625
    endloop
  endfacet
  facet normal 0 1 0
    outer loop
      vertex -22.2878 6 3.11526
      vertex -22.7003 6 2.61292
      vertex -23.0884 6 2.69753
    endloop
  endfacet
  facet normal -0 1 0
    outer loop
      vertex -22.7003 6 2.61292
      vertex -22.2878 6 3.11526
      vertex -22.5819 6 2.53801
    endloop
  endfacet
  facet normal 0 1 0
    outer loop
      vertex -18 6 5.3
      vertex -18 6 7.6583
      vertex -17.6186 6 7.63867
    endloop
  endfacet
  facet normal 0 1 0
    outer loop
      vertex -18 6 5.3
      vertex -17.6186 6 7.63867
      vertex -17.3502 6 7.62485
    endloop
  endfacet
  facet normal 0 1 0
    outer loop
      vertex -18 6 7.6583
      vertex -18 6 5.3
      vertex -18.3814 6 7.63867
    endloop
  endfacet
  facet normal 0 1 0
    outer loop
      vertex -18 6 5.3
      vertex -17.3502 6 7.62485
      vertex -17.108 6 7.58869
    endloop
  endfacet
  facet normal 0 1 0
    outer loop
      vertex -18.3814 6 7.63867
      vertex -18 6 5.3
      vertex -18.6498 6 7.62485
    endloop
  endfacet
  facet normal 0 1 0
    outer loop
      vertex -18 6 5.3
      vertex -17.108 6 7.58869
      vertex -16.5469 6 7.50489
    endloop
  endfacet
  facet normal 0 1 0
    outer loop
      vertex -18.6498 6 7.62485
      vertex -18 6 5.3
      vertex -18.892 6 7.58869
    endloop
  endfacet
  facet normal 0 1 -0
    outer loop
      vertex -16.3622 6 5.0406
      vertex -16.5469 6 7.50489
      vertex -15.2472 6 7.20256
    endloop
  endfacet
  facet normal 0 1 0
    outer loop
      vertex -18.892 6 7.58869
      vertex -18 6 5.3
      vertex -19.4531 6 7.50489
    endloop
  endfacet
  facet normal 0 1 0
    outer loop
      vertex -16.3622 6 5.0406
      vertex -15.2472 6 7.20256
      vertex -14.993 6 7.12805
    endloop
  endfacet
  facet normal 0 1 0
    outer loop
      vertex -19.6378 6 5.0406
      vertex -19.4531 6 7.50489
      vertex -18 6 5.3
    endloop
  endfacet
  facet normal 0 1 0
    outer loop
      vertex -16.3622 6 5.0406
      vertex -14.993 6 7.12805
      vertex -14.2107 6 6.61528
    endloop
  endfacet
  facet normal 0 1 0
    outer loop
      vertex -19.4531 6 7.50489
      vertex -19.6378 6 5.0406
      vertex -20.7528 6 7.20256
    endloop
  endfacet
  facet normal 0 1 0
    outer loop
      vertex -14.8847 6 4.28779
      vertex -14.2107 6 6.61528
      vertex -12.7484 6 5.65685
    endloop
  endfacet
  facet normal 0 1 0
    outer loop
      vertex -20.7528 6 7.20256
      vertex -19.6378 6 5.0406
      vertex -21.007 6 7.12805
    endloop
  endfacet
  facet normal 0 1 0
    outer loop
      vertex -14.8847 6 4.28779
      vertex -12.7484 6 5.65685
      vertex -12.5801 6 5.44792
    endloop
  endfacet
  facet normal 0 1 0
    outer loop
      vertex -21.007 6 7.12805
      vertex -19.6378 6 5.0406
      vertex -21.7893 6 6.61528
    endloop
  endfacet
  facet normal 0 1 -0
    outer loop
      vertex -21.1153 6 4.28779
      vertex -21.7893 6 6.61528
      vertex -19.6378 6 5.0406
    endloop
  endfacet
  facet normal 0 1 0
    outer loop
      vertex -16.5469 6 7.50489
      vertex -16.3622 6 5.0406
      vertex -18 6 5.3
    endloop
  endfacet
  facet normal 0 1 0
    outer loop
      vertex -13.7122 6 3.11526
      vertex -12.5801 6 5.44792
      vertex -11.8446 6 4.53471
    endloop
  endfacet
  facet normal 0 1 0
    outer loop
      vertex -14.2107 6 6.61528
      vertex -14.8847 6 4.28779
      vertex -16.3622 6 5.0406
    endloop
  endfacet
  facet normal 0 1 0
    outer loop
      vertex -13.7122 6 3.11526
      vertex -11.8446 6 4.53471
      vertex -11.1887 6 3.63192
    endloop
  endfacet
  facet normal 0 1 0
    outer loop
      vertex -12.5801 6 5.44792
      vertex -13.7122 6 3.11526
      vertex -14.8847 6 4.28779
    endloop
  endfacet
  facet normal 0 1 -0
    outer loop
      vertex -10.8364 6 2.13596
      vertex -11.1887 6 3.63192
      vertex -10.7382 6 2.24528
    endloop
  endfacet
  facet normal 0 1 0
    outer loop
      vertex -12.9594 6 1.63779
      vertex -11.1887 6 3.63192
      vertex -10.8364 6 2.13596
    endloop
  endfacet
  facet normal 0 1 0
    outer loop
      vertex -12.9594 6 1.63779
      vertex -10.8364 6 2.13596
      vertex -10.9665 6 1.80205
    endloop
  endfacet
  facet normal 0 1 0
    outer loop
      vertex -11.1887 6 3.63192
      vertex -12.9594 6 1.63779
      vertex -13.7122 6 3.11526
    endloop
  endfacet
  facet normal 0 1 -0
    outer loop
      vertex -11.1249 6 1.34093
      vertex -12.9594 6 1.63779
      vertex -10.9665 6 1.80205
    endloop
  endfacet
  facet normal 0 1 0
    outer loop
      vertex -12.7 6 0
      vertex -11.1249 6 1.34093
      vertex -11.5 6 0
    endloop
  endfacet
  facet normal 0 1 0
    outer loop
      vertex -11.1249 6 1.34093
      vertex -12.7 6 0
      vertex -12.9594 6 1.63779
    endloop
  endfacet
  facet normal 0 1 0
    outer loop
      vertex -11.2135 6 -0.881678
      vertex -12.7 6 0
      vertex -11.5 6 0
    endloop
  endfacet
  facet normal 0 1 -0
    outer loop
      vertex -10.5552 6 -1.68209
      vertex -11.2135 6 -0.881678
      vertex -10.4705 6 -1.42151
    endloop
  endfacet
  facet normal 0 1 0
    outer loop
      vertex -11.2135 6 -0.881678
      vertex -12.9594 6 -1.63779
      vertex -12.7 6 0
    endloop
  endfacet
  facet normal 0 1 0
    outer loop
      vertex -11.2135 6 -0.881678
      vertex -10.5552 6 -1.68209
      vertex -12.9594 6 -1.63779
    endloop
  endfacet
  facet normal 0 1 -0
    outer loop
      vertex -11.1887 6 -3.63192
      vertex -12.9594 6 -1.63779
      vertex -10.5552 6 -1.68209
    endloop
  endfacet
  facet normal 0 1 0
    outer loop
      vertex -12.9594 6 -1.63779
      vertex -11.1887 6 -3.63192
      vertex -13.7122 6 -3.11526
    endloop
  endfacet
  facet normal 0 1 -0
    outer loop
      vertex -11.8446 6 -4.53471
      vertex -13.7122 6 -3.11526
      vertex -11.1887 6 -3.63192
    endloop
  endfacet
  facet normal 0 1 -0
    outer loop
      vertex -12.5801 6 -5.44792
      vertex -13.7122 6 -3.11526
      vertex -11.8446 6 -4.53471
    endloop
  endfacet
  facet normal 0 1 0
    outer loop
      vertex -13.7122 6 -3.11526
      vertex -12.5801 6 -5.44792
      vertex -14.8847 6 -4.28779
    endloop
  endfacet
  facet normal 0 1 -0
    outer loop
      vertex -12.7484 6 -5.65685
      vertex -14.8847 6 -4.28779
      vertex -12.5801 6 -5.44792
    endloop
  endfacet
  facet normal 0 1 -0
    outer loop
      vertex -14.2107 6 -6.61528
      vertex -14.8847 6 -4.28779
      vertex -12.7484 6 -5.65685
    endloop
  endfacet
  facet normal 0 1 0
    outer loop
      vertex -21.7893 6 6.61528
      vertex -21.1153 6 4.28779
      vertex -23.2516 6 5.65685
    endloop
  endfacet
  facet normal 0 1 0
    outer loop
      vertex -23.2516 6 5.65685
      vertex -21.1153 6 4.28779
      vertex -23.4199 6 5.44792
    endloop
  endfacet
  facet normal 0 1 -0
    outer loop
      vertex -22.2878 6 3.11526
      vertex -23.4199 6 5.44792
      vertex -21.1153 6 4.28779
    endloop
  endfacet
  facet normal 0 1 0
    outer loop
      vertex -23.4199 6 5.44792
      vertex -22.2878 6 3.11526
      vertex -24.1554 6 4.53471
    endloop
  endfacet
  facet normal 0 1 -0
    outer loop
      vertex -23.0884 6 2.69753
      vertex -24.1554 6 4.53471
      vertex -22.2878 6 3.11526
    endloop
  endfacet
  facet normal 0 1 0
    outer loop
      vertex -24.1554 6 4.53471
      vertex -24 6 2.89625
      vertex -24.8113 6 3.63192
    endloop
  endfacet
  facet normal 0 1 0
    outer loop
      vertex -24.9116 6 2.69753
      vertex -24.8113 6 3.63192
      vertex -24 6 2.89625
    endloop
  endfacet
  facet normal 0 1 0
    outer loop
      vertex -24.8113 6 3.63192
      vertex -24.9116 6 2.69753
      vertex -25.1304 6 2.64983
    endloop
  endfacet
  facet normal 0 1 0
    outer loop
      vertex -24.1554 6 -4.53471
      vertex -23.0884 6 -2.69753
      vertex -22.2878 6 -3.11526
    endloop
  endfacet
  facet normal 0 1 0
    outer loop
      vertex -22.7003 6 -2.61292
      vertex -22.2878 6 -3.11526
      vertex -23.0884 6 -2.69753
    endloop
  endfacet
  facet normal 0 1 0
    outer loop
      vertex -22.2878 6 -3.11526
      vertex -22.7003 6 -2.61292
      vertex -22.5819 6 -2.53801
    endloop
  endfacet
  facet normal 0 1 -0
    outer loop
      vertex -24.8113 6 -3.63192
      vertex -24.9116 6 -2.69753
      vertex -24 6 -2.89625
    endloop
  endfacet
  facet normal 0 1 0
    outer loop
      vertex -24.9116 6 -2.69753
      vertex -24.8113 6 -3.63192
      vertex -25.1304 6 -2.64983
    endloop
  endfacet
  facet normal 0 1 0
    outer loop
      vertex -23.0884 6 -2.69753
      vertex -24.1554 6 -4.53471
      vertex -24 6 -2.89625
    endloop
  endfacet
  facet normal 0 1 0
    outer loop
      vertex -23.4199 6 -5.44792
      vertex -22.2878 6 -3.11526
      vertex -21.1153 6 -4.28779
    endloop
  endfacet
  facet normal 0 1 0
    outer loop
      vertex -24 6 -2.89625
      vertex -24.1554 6 -4.53471
      vertex -24.8113 6 -3.63192
    endloop
  endfacet
  facet normal 0 1 0
    outer loop
      vertex -21.7893 6 -6.61528
      vertex -21.1153 6 -4.28779
      vertex -19.6378 6 -5.0406
    endloop
  endfacet
  facet normal 0 1 -0
    outer loop
      vertex -19.4531 6 -7.50489
      vertex -19.6378 6 -5.0406
      vertex -18 6 -5.3
    endloop
  endfacet
  facet normal 0 1 0
    outer loop
      vertex -22.2878 6 -3.11526
      vertex -23.4199 6 -5.44792
      vertex -24.1554 6 -4.53471
    endloop
  endfacet
  facet normal 0 1 -0
    outer loop
      vertex -14.993 6 -7.12805
      vertex -16.3622 6 -5.0406
      vertex -14.2107 6 -6.61528
    endloop
  endfacet
  facet normal 0 1 0
    outer loop
      vertex -14.8847 6 -4.28779
      vertex -14.2107 6 -6.61528
      vertex -16.3622 6 -5.0406
    endloop
  endfacet
  facet normal 0 1 0
    outer loop
      vertex -16.5469 6 -7.50489
      vertex -16.3622 6 -5.0406
      vertex -15.2472 6 -7.20256
    endloop
  endfacet
  facet normal 0 1 0
    outer loop
      vertex -21.1153 6 -4.28779
      vertex -21.7893 6 -6.61528
      vertex -23.2516 6 -5.65685
    endloop
  endfacet
  facet normal 0 1 0
    outer loop
      vertex -21.1153 6 -4.28779
      vertex -23.2516 6 -5.65685
      vertex -23.4199 6 -5.44792
    endloop
  endfacet
  facet normal 0 1 0
    outer loop
      vertex -16.3622 6 -5.0406
      vertex -14.993 6 -7.12805
      vertex -15.2472 6 -7.20256
    endloop
  endfacet
  facet normal 0 1 0
    outer loop
      vertex -16.3622 6 -5.0406
      vertex -16.5469 6 -7.50489
      vertex -18 6 -5.3
    endloop
  endfacet
  facet normal 0 1 0
    outer loop
      vertex -18 6 -5.3
      vertex -16.5469 6 -7.50489
      vertex -17.108 6 -7.58869
    endloop
  endfacet
  facet normal 0 1 0
    outer loop
      vertex -19.6378 6 -5.0406
      vertex -21.007 6 -7.12805
      vertex -21.7893 6 -6.61528
    endloop
  endfacet
  facet normal 0 1 -0
    outer loop
      vertex -17.3502 6 -7.62485
      vertex -18 6 -5.3
      vertex -17.108 6 -7.58869
    endloop
  endfacet
  facet normal -0 1 0
    outer loop
      vertex -21.007 6 -7.12805
      vertex -19.6378 6 -5.0406
      vertex -20.7528 6 -7.20256
    endloop
  endfacet
  facet normal -0 1 0
    outer loop
      vertex -19.4531 6 -7.50489
      vertex -18 6 -5.3
      vertex -18.892 6 -7.58869
    endloop
  endfacet
  facet normal 0 1 0
    outer loop
      vertex -19.6378 6 -5.0406
      vertex -19.4531 6 -7.50489
      vertex -20.7528 6 -7.20256
    endloop
  endfacet
  facet normal 0 1 0
    outer loop
      vertex -18 6 -5.3
      vertex -17.3502 6 -7.62485
      vertex -17.6186 6 -7.63867
    endloop
  endfacet
  facet normal 0 1 0
    outer loop
      vertex -18 6 -7.6583
      vertex -18 6 -5.3
      vertex -17.6186 6 -7.63867
    endloop
  endfacet
  facet normal -0 1 0
    outer loop
      vertex -18.6498 6 -7.62485
      vertex -18 6 -5.3
      vertex -18.3814 6 -7.63867
    endloop
  endfacet
  facet normal 0 1 0
    outer loop
      vertex -18 6 -5.3
      vertex -18.6498 6 -7.62485
      vertex -18.892 6 -7.58869
    endloop
  endfacet
  facet normal 0 1 0
    outer loop
      vertex -18 6 -5.3
      vertex -18 6 -7.6583
      vertex -18.3814 6 -7.63867
    endloop
  endfacet
  facet normal 0 1 0
    outer loop
      vertex -25.1087 6 0.0930841
      vertex -25.2367 6 0
      vertex -25.1625 6 0.128639
    endloop
  endfacet
  facet normal 0 1 0
    outer loop
      vertex -25.1087 6 -0.0930841
      vertex -25.1087 6 0.0930841
      vertex -24.968 6 0
    endloop
  endfacet
  facet normal 0 1 0
    outer loop
      vertex -25.1087 6 0.0930841
      vertex -25.1087 6 -0.0930841
      vertex -25.2367 6 0
    endloop
  endfacet
  facet normal 0 1 0
    outer loop
      vertex -25.2367 6 0
      vertex -25.1087 6 -0.0930841
      vertex -25.1625 6 -0.128639
    endloop
  endfacet
  facet normal -0.453984 1.56761e-17 0.89101
    outer loop
      vertex -16.3622 6 -5.0406
      vertex -14.8847 1.8 -4.28779
      vertex -14.8847 6 -4.28779
    endloop
  endfacet
  facet normal -0.453984 1.56761e-17 0.89101
    outer loop
      vertex -14.8847 1.8 -4.28779
      vertex -16.3622 6 -5.0406
      vertex -16.3622 1.8 -5.0406
    endloop
  endfacet
  facet normal 0.0734349 0.510308 0.85685
    outer loop
      vertex -16.514 0.874388 -1.23744
      vertex -16.4274 0.861926 -1.23744
      vertex -16.4664 0.97866 -1.30362
    endloop
  endfacet
  facet normal 0.654876 0.755737 -0
    outer loop
      vertex -16.7022 0.462385 -0.452933
      vertex -17.422 1.08612 0.452933
      vertex -16.7022 0.462385 0.452933
    endloop
  endfacet
  facet normal 0.654876 0.755737 0
    outer loop
      vertex -17.422 1.08612 0.452933
      vertex -16.7022 0.462385 -0.452933
      vertex -17.422 1.08612 -0.452933
    endloop
  endfacet
  facet normal 0.839323 0.246431 -0.48457
    outer loop
      vertex -17.6316 1.8 0.452933
      vertex -17.2778 1.8 1.06575
      vertex -17.422 1.08612 0.452933
    endloop
  endfacet
  facet normal 0.572815 0.66113 0.484551
    outer loop
      vertex -17.422 1.08612 -0.452933
      vertex -16.514 0.874388 -1.23744
      vertex -17.041 1.33099 -1.23744
    endloop
  endfacet
  facet normal 0.494775 0.145534 0.856748
    outer loop
      vertex -16.6287 1.8 -1.55496
      vertex -16.4016 1.74189 -1.67624
      vertex -16.406 1.8 -1.68357
    endloop
  endfacet
  facet normal 0.494729 0.14517 0.856837
    outer loop
      vertex -16.4016 1.74189 -1.67624
      vertex -16.6287 1.8 -1.55496
      vertex -17.041 1.33099 -1.23744
    endloop
  endfacet
  facet normal 0.124599 0.865857 -0.484527
    outer loop
      vertex -16.514 0.874388 1.23744
      vertex -16.4274 0.861926 1.23744
      vertex -16.433 0.815575 1.15317
    endloop
  endfacet
  facet normal 0.142345 0.989817 -0
    outer loop
      vertex -16.4733 0.429467 -0.452933
      vertex -16.7022 0.462385 0.452933
      vertex -16.4733 0.429467 0.452933
    endloop
  endfacet
  facet normal 0.142345 0.989817 0
    outer loop
      vertex -16.7022 0.462385 0.452933
      vertex -16.4733 0.429467 -0.452933
      vertex -16.7022 0.462385 -0.452933
    endloop
  endfacet
  facet normal 0.124599 0.865857 0.484527
    outer loop
      vertex -16.514 0.874388 -1.23744
      vertex -16.433 0.815575 -1.15317
      vertex -16.4274 0.861926 -1.23744
    endloop
  endfacet
  facet normal 0.572843 0.66107 -0.4846
    outer loop
      vertex -17.422 1.08612 0.452933
      vertex -16.514 0.874388 1.23744
      vertex -16.7022 0.462385 0.452933
    endloop
  endfacet
  facet normal 0.124538 0.86584 -0.484574
    outer loop
      vertex -16.4451 0.715649 0.971512
      vertex -16.514 0.874388 1.23744
      vertex -16.433 0.815575 1.15317
    endloop
  endfacet
  facet normal 0.124477 0.865847 -0.484576
    outer loop
      vertex -16.7022 0.462385 0.452933
      vertex -16.4451 0.715649 0.971512
      vertex -16.4786 0.439401 0.469303
    endloop
  endfacet
  facet normal 0.1245 0.86584 -0.484584
    outer loop
      vertex -16.4451 0.715649 0.971512
      vertex -16.7022 0.462385 0.452933
      vertex -16.514 0.874388 1.23744
    endloop
  endfacet
  facet normal 0.124484 0.865615 -0.484988
    outer loop
      vertex -16.7022 0.462385 0.452933
      vertex -16.4786 0.439401 0.469303
      vertex -16.4733 0.429467 0.452933
    endloop
  endfacet
  facet normal 0.839323 0.246431 0.48457
    outer loop
      vertex -17.6316 1.8 -0.452933
      vertex -17.422 1.08612 -0.452933
      vertex -17.2778 1.8 -1.06575
    endloop
  endfacet
  facet normal 0.83937 0.246437 0.484487
    outer loop
      vertex -17.2778 1.8 -1.06575
      vertex -17.041 1.33099 -1.23744
      vertex -17.1787 1.8 -1.23744
    endloop
  endfacet
  facet normal 0.839346 0.246404 0.484544
    outer loop
      vertex -17.041 1.33099 -1.23744
      vertex -17.2778 1.8 -1.06575
      vertex -17.422 1.08612 -0.452933
    endloop
  endfacet
  facet normal 0.0734349 0.510308 -0.85685
    outer loop
      vertex -16.514 0.874388 1.23744
      vertex -16.4664 0.97866 1.30362
      vertex -16.4274 0.861926 1.23744
    endloop
  endfacet
  facet normal 0.494672 0.145234 0.856858
    outer loop
      vertex -17.1787 1.8 -1.23744
      vertex -17.041 1.33099 -1.23744
      vertex -16.6287 1.8 -1.55496
    endloop
  endfacet
  facet normal 0.959498 0.281715 -1.36305e-17
    outer loop
      vertex -17.422 1.08612 0.452933
      vertex -17.6316 1.8 -0.452933
      vertex -17.6316 1.8 0.452933
    endloop
  endfacet
  facet normal 0.959498 0.281715 -1.36305e-17
    outer loop
      vertex -17.6316 1.8 -0.452933
      vertex -17.422 1.08612 0.452933
      vertex -17.422 1.08612 -0.452933
    endloop
  endfacet
  facet normal 0.337609 0.389699 -0.856828
    outer loop
      vertex -16.514 0.874388 1.23744
      vertex -16.5236 1.10906 1.34039
      vertex -16.4664 0.97866 1.30362
    endloop
  endfacet
  facet normal 0.336335 0.389839 -0.857266
    outer loop
      vertex -16.514 0.874388 1.23744
      vertex -16.533 1.13043 1.34642
      vertex -16.5236 1.10906 1.34039
    endloop
  endfacet
  facet normal 0.337504 0.389119 -0.857133
    outer loop
      vertex -16.533 1.13043 1.34642
      vertex -17.041 1.33099 1.23744
      vertex -16.5337 1.16529 1.36197
    endloop
  endfacet
  facet normal 0.337673 0.389735 -0.856787
    outer loop
      vertex -17.041 1.33099 1.23744
      vertex -16.533 1.13043 1.34642
      vertex -16.514 0.874388 1.23744
    endloop
  endfacet
  facet normal 0.337612 0.389669 -0.856841
    outer loop
      vertex -16.4553 1.50748 1.54848
      vertex -16.5337 1.16529 1.36197
      vertex -17.041 1.33099 1.23744
    endloop
  endfacet
  facet normal 0.572815 0.66113 -0.484551
    outer loop
      vertex -17.422 1.08612 0.452933
      vertex -17.041 1.33099 1.23744
      vertex -16.514 0.874388 1.23744
    endloop
  endfacet
  facet normal 0.83937 0.246437 -0.484487
    outer loop
      vertex -17.041 1.33099 1.23744
      vertex -17.2778 1.8 1.06575
      vertex -17.1787 1.8 1.23744
    endloop
  endfacet
  facet normal 0.839346 0.246404 -0.484544
    outer loop
      vertex -17.2778 1.8 1.06575
      vertex -17.041 1.33099 1.23744
      vertex -17.422 1.08612 0.452933
    endloop
  endfacet
  facet normal 0.494672 0.145234 -0.856858
    outer loop
      vertex -17.1787 1.8 1.23744
      vertex -16.6287 1.8 1.55496
      vertex -17.041 1.33099 1.23744
    endloop
  endfacet
  facet normal 0.338743 0.388158 0.85708
    outer loop
      vertex -17.041 1.33099 -1.23744
      vertex -16.4058 1.72385 -1.66641
      vertex -16.4016 1.74189 -1.67624
    endloop
  endfacet
  facet normal 0.337567 0.389769 0.856813
    outer loop
      vertex -16.4058 1.72385 -1.66641
      vertex -17.041 1.33099 -1.23744
      vertex -16.4553 1.50748 -1.54848
    endloop
  endfacet
  facet normal 0.337612 0.389669 0.856841
    outer loop
      vertex -16.4553 1.50748 -1.54848
      vertex -17.041 1.33099 -1.23744
      vertex -16.5337 1.16529 -1.36197
    endloop
  endfacet
  facet normal 0.337609 0.389699 0.856828
    outer loop
      vertex -16.5236 1.10906 -1.34039
      vertex -16.514 0.874388 -1.23744
      vertex -16.4664 0.97866 -1.30362
    endloop
  endfacet
  facet normal 0.336335 0.389839 0.857266
    outer loop
      vertex -16.533 1.13043 -1.34642
      vertex -16.514 0.874388 -1.23744
      vertex -16.5236 1.10906 -1.34039
    endloop
  endfacet
  facet normal 0.337673 0.389735 0.856787
    outer loop
      vertex -16.533 1.13043 -1.34642
      vertex -17.041 1.33099 -1.23744
      vertex -16.514 0.874388 -1.23744
    endloop
  endfacet
  facet normal 0.337504 0.389119 0.857133
    outer loop
      vertex -17.041 1.33099 -1.23744
      vertex -16.533 1.13043 -1.34642
      vertex -16.5337 1.16529 -1.36197
    endloop
  endfacet
  facet normal 0.337567 0.389769 -0.856813
    outer loop
      vertex -17.041 1.33099 1.23744
      vertex -16.4058 1.72385 1.66641
      vertex -16.4553 1.50748 1.54848
    endloop
  endfacet
  facet normal 0.338743 0.388158 -0.85708
    outer loop
      vertex -16.4058 1.72385 1.66641
      vertex -17.041 1.33099 1.23744
      vertex -16.4016 1.74189 1.67624
    endloop
  endfacet
  facet normal 0.494775 0.145534 -0.856748
    outer loop
      vertex -16.4016 1.74189 1.67624
      vertex -16.6287 1.8 1.55496
      vertex -16.406 1.8 1.68357
    endloop
  endfacet
  facet normal 0.494729 0.14517 -0.856837
    outer loop
      vertex -16.6287 1.8 1.55496
      vertex -16.4016 1.74189 1.67624
      vertex -17.041 1.33099 1.23744
    endloop
  endfacet
  facet normal 0.572843 0.66107 0.4846
    outer loop
      vertex -17.422 1.08612 -0.452933
      vertex -16.7022 0.462385 -0.452933
      vertex -16.514 0.874388 -1.23744
    endloop
  endfacet
  facet normal 0.124484 0.865615 0.484988
    outer loop
      vertex -16.4786 0.439401 -0.469303
      vertex -16.7022 0.462385 -0.452933
      vertex -16.4733 0.429467 -0.452933
    endloop
  endfacet
  facet normal 0.124477 0.865847 0.484576
    outer loop
      vertex -16.4451 0.715649 -0.971512
      vertex -16.7022 0.462385 -0.452933
      vertex -16.4786 0.439401 -0.469303
    endloop
  endfacet
  facet normal 0.124538 0.86584 0.484574
    outer loop
      vertex -16.514 0.874388 -1.23744
      vertex -16.4451 0.715649 -0.971512
      vertex -16.433 0.815575 -1.15317
    endloop
  endfacet
  facet normal 0.1245 0.86584 0.484584
    outer loop
      vertex -16.4451 0.715649 -0.971512
      vertex -16.514 0.874388 -1.23744
      vertex -16.7022 0.462385 -0.452933
    endloop
  endfacet
  facet normal -0.279987 0.861695 0.423189
    outer loop
      vertex -22.1854 5.92937 0
      vertex -21.5146 6.14733 0
      vertex -21.7573 6.32366 -0.519615
    endloop
  endfacet
  facet normal 0.732997 0.532561 0.423196
    outer loop
      vertex -22.6 6.5 0
      vertex -22.0927 6.21468 -0.519615
      vertex -22.3 6.5 -0.519615
    endloop
  endfacet
  facet normal -0.906041 0 0.42319
    outer loop
      vertex -21.7573 6.32366 -0.519615
      vertex -21.5146 6.20792 0
      vertex -21.7573 6.33159 -0.519615
    endloop
  endfacet
  facet normal -0.906041 0 0.42319
    outer loop
      vertex -21.5146 6.20792 0
      vertex -21.7573 6.32366 -0.519615
      vertex -21.5146 6.14733 0
    endloop
  endfacet
  facet normal 0.732934 -0.532595 -0.423263
    outer loop
      vertex -22.6 6.5 0
      vertex -22.4616 6.69046 0
      vertex -22.3565 6.63692 0.249364
    endloop
  endfacet
  facet normal 0.733166 -0.532451 -0.42304
    outer loop
      vertex -22.3 6.5 0.519615
      vertex -22.3565 6.63692 0.249364
      vertex -22.2427 6.5789 0.519615
    endloop
  endfacet
  facet normal 0.732892 -0.532752 -0.423136
    outer loop
      vertex -22.3565 6.63692 0.249364
      vertex -22.3 6.5 0.519615
      vertex -22.6 6.5 0
    endloop
  endfacet
  facet normal -0.279987 0.861695 -0.423189
    outer loop
      vertex -22.1854 5.92937 0
      vertex -22.0927 6.21468 0.519615
      vertex -21.7573 6.32366 0.519615
    endloop
  endfacet
  facet normal -0.279987 0.861695 0.423189
    outer loop
      vertex -22.1854 5.92937 0
      vertex -21.7573 6.32366 -0.519615
      vertex -22.0927 6.21468 -0.519615
    endloop
  endfacet
  facet normal 0.732995 0.532569 0.42319
    outer loop
      vertex -22.6 6.5 0
      vertex -22.1854 5.92937 0
      vertex -22.0927 6.21468 -0.519615
    endloop
  endfacet
  facet normal 0 0 -1
    outer loop
      vertex -22.0927 6.21468 0.519615
      vertex -21.7573 6.33159 0.519615
      vertex -21.7573 6.32366 0.519615
    endloop
  endfacet
  facet normal 0 0 -1
    outer loop
      vertex -22.0927 6.21468 0.519615
      vertex -22.2427 6.5789 0.519615
      vertex -21.7573 6.33159 0.519615
    endloop
  endfacet
  facet normal 0 -0 -1
    outer loop
      vertex -22.2427 6.5789 0.519615
      vertex -22.0927 6.21468 0.519615
      vertex -22.3 6.5 0.519615
    endloop
  endfacet
  facet normal -0.906041 2.95546e-15 -0.42319
    outer loop
      vertex -21.5146 6.20792 0
      vertex -21.7573 6.32366 0.519615
      vertex -21.7573 6.33159 0.519615
    endloop
  endfacet
  facet normal -0.906041 3.8681e-16 -0.42319
    outer loop
      vertex -21.7573 6.32366 0.519615
      vertex -21.5146 6.20792 0
      vertex -21.5146 6.14733 0
    endloop
  endfacet
  facet normal 0.732934 -0.532595 0.423263
    outer loop
      vertex -22.6 6.5 0
      vertex -22.3565 6.63692 -0.249364
      vertex -22.4616 6.69046 0
    endloop
  endfacet
  facet normal 0.732892 -0.532752 0.423136
    outer loop
      vertex -22.3 6.5 -0.519615
      vertex -22.3565 6.63692 -0.249364
      vertex -22.6 6.5 0
    endloop
  endfacet
  facet normal 0.733166 -0.532451 0.42304
    outer loop
      vertex -22.3565 6.63692 -0.249364
      vertex -22.3 6.5 -0.519615
      vertex -22.2427 6.5789 -0.519615
    endloop
  endfacet
  facet normal 0.732995 0.532569 -0.42319
    outer loop
      vertex -22.6 6.5 0
      vertex -22.0927 6.21468 0.519615
      vertex -22.1854 5.92937 0
    endloop
  endfacet
  facet normal 0.732997 0.532561 -0.423196
    outer loop
      vertex -22.6 6.5 0
      vertex -22.3 6.5 0.519615
      vertex -22.0927 6.21468 0.519615
    endloop
  endfacet
  facet normal -0.279987 0.861695 -0.423189
    outer loop
      vertex -22.1854 5.92937 0
      vertex -21.7573 6.32366 0.519615
      vertex -21.5146 6.14733 0
    endloop
  endfacet
  facet normal 0 0 1
    outer loop
      vertex -21.7573 6.33159 -0.519615
      vertex -22.0927 6.21468 -0.519615
      vertex -21.7573 6.32366 -0.519615
    endloop
  endfacet
  facet normal 0 0 1
    outer loop
      vertex -22.2427 6.5789 -0.519615
      vertex -22.0927 6.21468 -0.519615
      vertex -21.7573 6.33159 -0.519615
    endloop
  endfacet
  facet normal 0 0 1
    outer loop
      vertex -22.0927 6.21468 -0.519615
      vertex -22.2427 6.5789 -0.519615
      vertex -22.3 6.5 -0.519615
    endloop
  endfacet
  facet normal -0.280001 0.861688 0.423194
    outer loop
      vertex -24.7573 6.32366 -0.519615
      vertex -24.968 6 0
      vertex -24.5146 6.14733 0
    endloop
  endfacet
  facet normal -0.279982 0.86169 0.423203
    outer loop
      vertex -24.968 6 0
      vertex -24.7573 6.32366 -0.519615
      vertex -25.1087 6 -0.0930841
    endloop
  endfacet
  facet normal 0.732997 0.532561 0.423196
    outer loop
      vertex -25.6 6.5 0
      vertex -25.0927 6.21468 -0.519615
      vertex -25.3 6.5 -0.519615
    endloop
  endfacet
  facet normal -0.906041 0 0.42319
    outer loop
      vertex -24.7573 6.32366 -0.519615
      vertex -24.5146 6.85267 0
      vertex -24.7573 6.67634 -0.519615
    endloop
  endfacet
  facet normal -0.906041 0 0.42319
    outer loop
      vertex -24.5146 6.85267 0
      vertex -24.7573 6.32366 -0.519615
      vertex -24.5146 6.14733 0
    endloop
  endfacet
  facet normal 0.733028 -0.532532 -0.423178
    outer loop
      vertex -25.6 6.5 0
      vertex -25.4481 6.70909 0
      vertex -25.1421 6.75756 0.469058
    endloop
  endfacet
  facet normal 0.732938 -0.532452 -0.423434
    outer loop
      vertex -25.3 6.5 0.519615
      vertex -25.1421 6.75756 0.469058
      vertex -25.1091 6.76278 0.519615
    endloop
  endfacet
  facet normal 0.733043 -0.532476 -0.423223
    outer loop
      vertex -25.1421 6.75756 0.469058
      vertex -25.3 6.5 0.519615
      vertex -25.6 6.5 0
    endloop
  endfacet
  facet normal -0.279985 0.86169 -0.4232
    outer loop
      vertex -25.1087 6 0.0930841
      vertex -25.0927 6.21468 0.519615
      vertex -24.7573 6.32366 0.519615
    endloop
  endfacet
  facet normal -0.27971 0.861758 -0.423244
    outer loop
      vertex -25.0927 6.21468 0.519615
      vertex -25.1087 6 0.0930841
      vertex -25.1625 6 0.128639
    endloop
  endfacet
  facet normal -0.279985 0.86169 0.4232
    outer loop
      vertex -25.0927 6.21468 -0.519615
      vertex -25.1087 6 -0.0930841
      vertex -24.7573 6.32366 -0.519615
    endloop
  endfacet
  facet normal -0.27971 0.861758 0.423244
    outer loop
      vertex -25.1087 6 -0.0930841
      vertex -25.0927 6.21468 -0.519615
      vertex -25.1625 6 -0.128639
    endloop
  endfacet
  facet normal 0.733107 0.532675 0.422862
    outer loop
      vertex -25.1625 6 -0.128639
      vertex -25.6 6.5 0
      vertex -25.2367 6 0
    endloop
  endfacet
  facet normal 0.733014 0.532495 0.423249
    outer loop
      vertex -25.6 6.5 0
      vertex -25.1625 6 -0.128639
      vertex -25.0927 6.21468 -0.519615
    endloop
  endfacet
  facet normal 0 0 -1
    outer loop
      vertex -24.7573 6.32366 0.519615
      vertex -25.0514 6.77191 0.519615
      vertex -24.7573 6.67634 0.519615
    endloop
  endfacet
  facet normal 0 0 -1
    outer loop
      vertex -25.0927 6.21468 0.519615
      vertex -25.0514 6.77191 0.519615
      vertex -24.7573 6.32366 0.519615
    endloop
  endfacet
  facet normal 0 0 -1
    outer loop
      vertex -25.3 6.5 0.519615
      vertex -25.0514 6.77191 0.519615
      vertex -25.0927 6.21468 0.519615
    endloop
  endfacet
  facet normal 0 0 -1
    outer loop
      vertex -25.0514 6.77191 0.519615
      vertex -25.3 6.5 0.519615
      vertex -25.1091 6.76278 0.519615
    endloop
  endfacet
  facet normal -0.279976 -0.861692 -0.423201
    outer loop
      vertex -24.5234 6.85554 0
      vertex -24.7573 6.67634 0.519615
      vertex -24.889 6.79764 0.359761
    endloop
  endfacet
  facet normal -0.28089 -0.861265 -0.423465
    outer loop
      vertex -24.7573 6.67634 0.519615
      vertex -24.5234 6.85554 0
      vertex -24.5146 6.85267 0
    endloop
  endfacet
  facet normal -0.280014 -0.861695 -0.423172
    outer loop
      vertex -25.0514 6.77191 0.519615
      vertex -24.889 6.79764 0.359761
      vertex -24.7573 6.67634 0.519615
    endloop
  endfacet
  facet normal -0.279976 -0.861692 0.423201
    outer loop
      vertex -24.7573 6.67634 -0.519615
      vertex -24.5234 6.85554 0
      vertex -24.889 6.79764 -0.359761
    endloop
  endfacet
  facet normal -0.28089 -0.861265 0.423465
    outer loop
      vertex -24.5234 6.85554 0
      vertex -24.7573 6.67634 -0.519615
      vertex -24.5146 6.85267 0
    endloop
  endfacet
  facet normal 0.733028 -0.532532 0.423178
    outer loop
      vertex -25.6 6.5 0
      vertex -25.1421 6.75756 -0.469058
      vertex -25.4481 6.70909 0
    endloop
  endfacet
  facet normal 0.733043 -0.532476 0.423223
    outer loop
      vertex -25.3 6.5 -0.519615
      vertex -25.1421 6.75756 -0.469058
      vertex -25.6 6.5 0
    endloop
  endfacet
  facet normal 0.732938 -0.532452 0.423434
    outer loop
      vertex -25.1421 6.75756 -0.469058
      vertex -25.3 6.5 -0.519615
      vertex -25.1091 6.76278 -0.519615
    endloop
  endfacet
  facet normal 0.733014 0.532495 -0.423249
    outer loop
      vertex -25.1625 6 0.128639
      vertex -25.6 6.5 0
      vertex -25.0927 6.21468 0.519615
    endloop
  endfacet
  facet normal 0.733107 0.532675 -0.422862
    outer loop
      vertex -25.6 6.5 0
      vertex -25.1625 6 0.128639
      vertex -25.2367 6 0
    endloop
  endfacet
  facet normal 0.732997 0.532561 -0.423196
    outer loop
      vertex -25.6 6.5 0
      vertex -25.3 6.5 0.519615
      vertex -25.0927 6.21468 0.519615
    endloop
  endfacet
  facet normal -0.280001 0.861688 -0.423194
    outer loop
      vertex -24.968 6 0
      vertex -24.7573 6.32366 0.519615
      vertex -24.5146 6.14733 0
    endloop
  endfacet
  facet normal -0.279982 0.86169 -0.423203
    outer loop
      vertex -24.7573 6.32366 0.519615
      vertex -24.968 6 0
      vertex -25.1087 6 0.0930841
    endloop
  endfacet
  facet normal -0.906041 6.64535e-17 -0.42319
    outer loop
      vertex -24.5146 6.85267 0
      vertex -24.7573 6.32366 0.519615
      vertex -24.7573 6.67634 0.519615
    endloop
  endfacet
  facet normal -0.906041 3.32277e-17 -0.42319
    outer loop
      vertex -24.7573 6.32366 0.519615
      vertex -24.5146 6.85267 0
      vertex -24.5146 6.14733 0
    endloop
  endfacet
  facet normal 0 0 1
    outer loop
      vertex -25.0514 6.77191 -0.519615
      vertex -24.7573 6.32366 -0.519615
      vertex -24.7573 6.67634 -0.519615
    endloop
  endfacet
  facet normal 0 0 1
    outer loop
      vertex -25.0514 6.77191 -0.519615
      vertex -25.0927 6.21468 -0.519615
      vertex -24.7573 6.32366 -0.519615
    endloop
  endfacet
  facet normal 0 0 1
    outer loop
      vertex -25.3 6.5 -0.519615
      vertex -25.0514 6.77191 -0.519615
      vertex -25.1091 6.76278 -0.519615
    endloop
  endfacet
  facet normal 0 0 1
    outer loop
      vertex -25.0514 6.77191 -0.519615
      vertex -25.3 6.5 -0.519615
      vertex -25.0927 6.21468 -0.519615
    endloop
  endfacet
  facet normal -0.280014 -0.861695 0.423172
    outer loop
      vertex -25.0514 6.77191 -0.519615
      vertex -24.7573 6.67634 -0.519615
      vertex -24.889 6.79764 -0.359761
    endloop
  endfacet
  facet normal 0.84841 0.432253 -0.305546
    outer loop
      vertex -20.0047 4.90274 -0.782172
      vertex -19.3033 3.52606 -0.782172
      vertex -19.763 3.37668 -2.26995
    endloop
  endfacet
  facet normal 0.940461 0.148924 -0.30554
    outer loop
      vertex -19.763 3.37668 -2.26995
      vertex -19.3033 3.52606 -0.782172
      vertex -19.545 2 -2.26995
    endloop
  endfacet
  facet normal -0.401689 -0.43629 -0.805169
    outer loop
      vertex -31.674 -1.30294 -2.12132
      vertex -30.7449 -1.1402 -2.67302
      vertex -31.1603 -1.7759 -2.12132
    endloop
  endfacet
  facet normal 0.848384 0.43228 -0.305577
    outer loop
      vertex -20.3958 4.6186 -2.26995
      vertex -20.0047 4.90274 -0.782172
      vertex -19.763 3.37668 -2.26995
    endloop
  endfacet
  facet normal -0.453559 0.37413 -0.808895
    outer loop
      vertex -31.674 1.30294 -2.12132
      vertex -25.8364 3.33424 -4.45503
      vertex -31.0748 0.836539 -2.67302
    endloop
  endfacet
  facet normal -0.581191 0.752867 0.308882
    outer loop
      vertex -31.462 2.23776 1.36197
      vertex -26.6186 5.6042 2.26995
      vertex -26.9027 5.99528 0.782172
    endloop
  endfacet
  facet normal 0.673271 0.673308 0.305552
    outer loop
      vertex -21.3814 5.6042 2.26995
      vertex -20.0047 4.90274 0.782172
      vertex -21.0973 5.99528 0.782172
    endloop
  endfacet
  facet normal 0.673284 0.673284 0.305576
    outer loop
      vertex -20.0047 4.90274 0.782172
      vertex -21.3814 5.6042 2.26995
      vertex -20.3958 4.6186 2.26995
    endloop
  endfacet
  facet normal 0.432401 -0.848336 -0.305542
    outer loop
      vertex -22.4739 -2.69674 -0.782172
      vertex -22.4264 -2.5035 -1.25148
      vertex -22.2606 -2.58802 -0.782172
    endloop
  endfacet
  facet normal 0.432279 -0.848386 -0.305575
    outer loop
      vertex -22.6233 -2.23699 -2.26995
      vertex -22.4264 -2.5035 -1.25148
      vertex -22.4739 -2.69674 -0.782172
    endloop
  endfacet
  facet normal 0.432248 -0.848402 -0.305573
    outer loop
      vertex -22.4264 -2.5035 -1.25148
      vertex -22.6233 -2.23699 -2.26995
      vertex -22.4264 -2.42697 -1.46396
    endloop
  endfacet
  facet normal 0.432268 -0.848391 -0.305576
    outer loop
      vertex -22.4264 -2.42697 -1.46396
      vertex -22.6233 -2.23699 -2.26995
      vertex -22.4264 -2.2058 -2.07801
    endloop
  endfacet
  facet normal -0.148946 0.940448 -0.305571
    outer loop
      vertex -25.5261 6.69674 -0.782172
      vertex -24 6.93844 -0.782172
      vertex -24 6.45503 -2.26995
    endloop
  endfacet
  facet normal -0.278424 -0.141897 -0.949918
    outer loop
      vertex -26.1589 1.29855 -4.45503
      vertex -24.6328 1.54025 -4.93844
      vertex -25.8364 0.665755 -4.45503
    endloop
  endfacet
  facet normal -0.278431 0.141865 0.949921
    outer loop
      vertex -26.1589 2.70145 4.45503
      vertex -24.7439 2.2417 4.93844
      vertex -24.6328 2.45975 4.93844
    endloop
  endfacet
  facet normal 0.58521 -0.0924632 -0.805593
    outer loop
      vertex -20.857 1.8 -3.7977
      vertex -20.4645 2 -3.53553
      vertex -20.4961 1.8 -3.53553
    endloop
  endfacet
  facet normal 0.802458 -0.126788 -0.583083
    outer loop
      vertex -20.3626 1.8 -3.35167
      vertex -19.545 2 -2.26995
      vertex -19.5766 1.8 -2.26995
    endloop
  endfacet
  facet normal 0.802453 -0.127118 -0.583018
    outer loop
      vertex -19.545 2 -2.26995
      vertex -20.3626 1.8 -3.35167
      vertex -20.4645 2 -3.53553
    endloop
  endfacet
  facet normal -0.581405 0.75301 -0.308129
    outer loop
      vertex -31.6206 2.48058 -0.469303
      vertex -26.9027 5.99528 -0.782172
      vertex -31.462 2.23776 -1.36197
    endloop
  endfacet
  facet normal 0.148947 0.940447 0.305572
    outer loop
      vertex -24 6.45503 2.26995
      vertex -22.6233 6.23699 2.26995
      vertex -22.4739 6.69674 0.782172
    endloop
  endfacet
  facet normal -0.644965 -0.700635 0.305175
    outer loop
      vertex -32.1094 -1.6418 1.36197
      vertex -31.6206 -2.48058 0.469303
      vertex -31.462 -2.23776 1.36197
    endloop
  endfacet
  facet normal 0.148947 -0.940447 0.305572
    outer loop
      vertex -24 -2.45503 2.26995
      vertex -22.4739 -2.69674 0.782172
      vertex -22.6233 -2.23699 2.26995
    endloop
  endfacet
  facet normal -0.382544 -0.872079 -0.305186
    outer loop
      vertex -31.6206 -2.48058 -0.469303
      vertex -31.462 -2.23776 -1.36197
      vertex -30.6562 -2.59123 -1.36197
    endloop
  endfacet
  facet normal 0.0926891 -0.585256 -0.805533
    outer loop
      vertex -24 -1.53553 -3.53553
      vertex -24 -0.269952 -4.45503
      vertex -23.2985 -0.158853 -4.45503
    endloop
  endfacet
  facet normal 0.0488816 -0.308648 0.94992
    outer loop
      vertex -24 -0.269952 4.45503
      vertex -23.2985 -0.158853 4.45503
      vertex -24 1.21783 4.93844
    endloop
  endfacet
  facet normal -0.0786375 -0.949039 -0.305189
    outer loop
      vertex -30.6562 -2.59123 -1.36197
      vertex -29.7793 -2.66389 -1.36197
      vertex -29.7553 -2.95294 -0.469303
    endloop
  endfacet
  facet normal 0.127092 -0.802456 0.58302
    outer loop
      vertex -24 -2.45503 2.26995
      vertex -22.6233 -2.23699 2.26995
      vertex -24 -1.53553 3.53553
    endloop
  endfacet
  facet normal -0.581191 0.752867 -0.308882
    outer loop
      vertex -31.462 2.23776 -1.36197
      vertex -26.9027 5.99528 -0.782172
      vertex -26.6186 5.6042 -2.26995
    endloop
  endfacet
  facet normal 0.148946 0.940448 0.305571
    outer loop
      vertex -24 6.45503 2.26995
      vertex -22.4739 6.69674 0.782172
      vertex -24 6.93844 0.782172
    endloop
  endfacet
  facet normal 0.148947 0.940447 -0.305572
    outer loop
      vertex -24 6.45503 -2.26995
      vertex -22.4739 6.69674 -0.782172
      vertex -22.6233 6.23699 -2.26995
    endloop
  endfacet
  facet normal 0.432298 0.848376 0.305574
    outer loop
      vertex -22.6233 6.23699 2.26995
      vertex -21.0973 5.99528 0.782172
      vertex -22.4739 6.69674 0.782172
    endloop
  endfacet
  facet normal -0.495215 0.495227 -0.713801
    outer loop
      vertex -31.674 1.30294 -2.12132
      vertex -26.0781 4.86031 -3.53553
      vertex -26.8603 4.07813 -3.53553
    endloop
  endfacet
  facet normal 0.940449 0.14895 0.305565
    outer loop
      vertex -19.545 2 2.26995
      vertex -19.0616 2 0.782172
      vertex -19.3033 3.52606 0.782172
    endloop
  endfacet
  facet normal 0.127092 0.802459 -0.583015
    outer loop
      vertex -23.0884 6 -2.69753
      vertex -24 6.45503 -2.26995
      vertex -22.6233 6.23699 -2.26995
    endloop
  endfacet
  facet normal 0.127092 0.802459 -0.583016
    outer loop
      vertex -24 6.45503 -2.26995
      vertex -23.0884 6 -2.69753
      vertex -24 6 -2.89625
    endloop
  endfacet
  facet normal -0.550501 -0.598018 -0.582515
    outer loop
      vertex -32.1094 -1.6418 -1.36197
      vertex -31.674 -1.30294 -2.12132
      vertex -31.462 -2.23776 -1.36197
    endloop
  endfacet
  facet normal 0.454117 -0.890942 0
    outer loop
      vertex -22.4739 -2.69674 -0.782172
      vertex -22.2606 -2.58802 0.782172
      vertex -22.4739 -2.69674 0.782172
    endloop
  endfacet
  facet normal 0.454117 -0.890942 0
    outer loop
      vertex -22.2606 -2.58802 0.782172
      vertex -22.4739 -2.69674 -0.782172
      vertex -22.2606 -2.58802 -0.782172
    endloop
  endfacet
  facet normal -0.406563 0.220032 0.886731
    outer loop
      vertex -31.2882 0.442231 2.67302
      vertex -25.8364 3.33424 4.45503
      vertex -31.0748 0.836539 2.67302
    endloop
  endfacet
  facet normal -0.066121 -0.798131 0.598845
    outer loop
      vertex -30.5208 -2.05641 2.12132
      vertex -29.8248 -2.11407 2.12132
      vertex -24 -1.53553 3.53553
    endloop
  endfacet
  facet normal 0.987689 0.156432 5.08353e-18
    outer loop
      vertex -19.0616 2 0.782172
      vertex -19.3033 3.52606 -0.782172
      vertex -19.3033 3.52606 0.782172
    endloop
  endfacet
  facet normal 0.987689 0.156432 5.08353e-18
    outer loop
      vertex -19.3033 3.52606 -0.782172
      vertex -19.0616 2 0.782172
      vertex -19.0616 2 -0.782172
    endloop
  endfacet
  facet normal 0.84841 0.432253 0.305546
    outer loop
      vertex -20.0047 4.90274 0.782172
      vertex -19.763 3.37668 2.26995
      vertex -19.3033 3.52606 0.782172
    endloop
  endfacet
  facet normal -0.550572 0.597997 0.58247
    outer loop
      vertex -31.674 1.30294 2.12132
      vertex -31.1603 1.7759 2.12132
      vertex -31.462 2.23776 1.36197
    endloop
  endfacet
  facet normal -0.521578 -0.282297 0.805149
    outer loop
      vertex -32.0064 -0.688791 2.12132
      vertex -31.674 -1.30294 2.12132
      vertex -31.2882 -0.442231 2.67302
    endloop
  endfacet
  facet normal -0.308644 0.048885 0.94992
    outer loop
      vertex -26.27 2 4.45503
      vertex -24.7822 2 4.93844
      vertex -26.1589 2.70145 4.45503
    endloop
  endfacet
  facet normal -0.837537 0.453211 0.305174
    outer loop
      vertex -32.8025 0.962105 0.469303
      vertex -32.5282 0.867928 1.36197
      vertex -32.3383 1.81995 0.469303
    endloop
  endfacet
  facet normal 0.156428 0.987689 -0
    outer loop
      vertex -22.4739 6.69674 -0.782172
      vertex -24 6.93844 0.782172
      vertex -22.4739 6.69674 0.782172
    endloop
  endfacet
  facet normal 0.156428 0.987689 0
    outer loop
      vertex -24 6.93844 0.782172
      vertex -22.4739 6.69674 -0.782172
      vertex -24 6.93844 -0.782172
    endloop
  endfacet
  facet normal -0.585005 0.097587 -0.805137
    outer loop
      vertex -32.1213 0 -2.12132
      vertex -32.0064 0.688791 -2.12132
      vertex -31.362 0 -2.67302
    endloop
  endfacet
  facet normal 0.432258 -0.848401 0.305564
    outer loop
      vertex -22.6233 -2.23699 2.26995
      vertex -22.4264 -2.2058 2.07801
      vertex -22.4264 -2.13667 2.26995
    endloop
  endfacet
  facet normal 0.940449 0.14895 -0.305565
    outer loop
      vertex -19.545 2 -2.26995
      vertex -19.3033 3.52606 -0.782172
      vertex -19.0616 2 -0.782172
    endloop
  endfacet
  facet normal 0.940488 -0.148597 -0.305615
    outer loop
      vertex -19.5133 1.8 -2.07497
      vertex -19.0616 2 -0.782172
      vertex -19.0932 1.8 -0.782172
    endloop
  endfacet
  facet normal 0.940465 -0.148837 -0.30557
    outer loop
      vertex -19.0616 2 -0.782172
      vertex -19.5133 1.8 -2.07497
      vertex -19.545 2 -2.26995
    endloop
  endfacet
  facet normal -0.0488816 -0.308648 -0.94992
    outer loop
      vertex -24.7015 -0.158853 -4.45503
      vertex -24 1.21783 -4.93844
      vertex -24 -0.269952 -4.45503
    endloop
  endfacet
  facet normal -0.585005 -0.097587 -0.805137
    outer loop
      vertex -32.1213 0 -2.12132
      vertex -31.362 0 -2.67302
      vertex -32.0064 -0.688791 -2.12132
    endloop
  endfacet
  facet normal -0.71485 -0.386859 -0.58252
    outer loop
      vertex -32.5282 -0.867928 -1.36197
      vertex -31.674 -1.30294 -2.12132
      vertex -32.1094 -1.6418 -1.36197
    endloop
  endfacet
  facet normal -0.326525 -0.744374 -0.582484
    outer loop
      vertex -31.462 -2.23776 -1.36197
      vertex -31.1603 -1.7759 -2.12132
      vertex -30.6562 -2.59123 -1.36197
    endloop
  endfacet
  facet normal -0.644935 -0.700649 0.305205
    outer loop
      vertex -32.3383 -1.81995 0.469303
      vertex -31.6206 -2.48058 0.469303
      vertex -32.1094 -1.6418 1.36197
    endloop
  endfacet
  facet normal -0.062297 -0.810166 0.582881
    outer loop
      vertex -29.8248 -2.11407 2.12132
      vertex -29.7793 -2.66389 1.36197
      vertex -24 -2.45503 2.26995
    endloop
  endfacet
  facet normal -0.644965 -0.700635 -0.305175
    outer loop
      vertex -32.1094 -1.6418 -1.36197
      vertex -31.462 -2.23776 -1.36197
      vertex -31.6206 -2.48058 -0.469303
    endloop
  endfacet
  facet normal 0.141909 -0.278454 -0.949908
    outer loop
      vertex -23.2985 -0.158853 -4.45503
      vertex -23.2269 0.202399 -4.55023
      vertex -23.0758 -0.0453581 -4.45503
    endloop
  endfacet
  facet normal 0.141834 -0.278443 -0.949923
    outer loop
      vertex -23.5402 1.36721 -4.93844
      vertex -23.2269 0.202399 -4.55023
      vertex -23.2985 -0.158853 -4.45503
    endloop
  endfacet
  facet normal 0.142011 -0.278391 -0.949911
    outer loop
      vertex -23.2269 0.202399 -4.55023
      vertex -23.5402 1.36721 -4.93844
      vertex -23.4966 1.30715 -4.91432
    endloop
  endfacet
  facet normal -0.269038 0.527947 0.805537
    outer loop
      vertex -26.0781 4.86031 3.53553
      vertex -25.3342 3.83643 4.45503
      vertex -24.7015 4.15885 4.45503
    endloop
  endfacet
  facet normal 0.368677 0.723917 0.583114
    outer loop
      vertex -22.6233 6.23699 2.26995
      vertex -22.2878 5.38523 3.11526
      vertex -21.9894 4.99294 3.41361
    endloop
  endfacet
  facet normal 0.368849 0.723899 0.583028
    outer loop
      vertex -22.2878 5.38523 3.11526
      vertex -22.6233 6.23699 2.26995
      vertex -22.5819 6 2.53801
    endloop
  endfacet
  facet normal 0.368869 0.723894 0.583021
    outer loop
      vertex -22.7003 6 2.61292
      vertex -22.5819 6 2.53801
      vertex -22.6233 6.23699 2.26995
    endloop
  endfacet
  facet normal 0.419034 0.419016 0.805504
    outer loop
      vertex -21.8675 4.80596 3.53553
      vertex -21.5231 3.79954 3.8799
      vertex -21.1397 4.07813 3.53553
    endloop
  endfacet
  facet normal 0.148946 0.940448 -0.305571
    outer loop
      vertex -24 6.45503 -2.26995
      vertex -24 6.93844 -0.782172
      vertex -22.4739 6.69674 -0.782172
    endloop
  endfacet
  facet normal 0.432284 0.84839 0.305557
    outer loop
      vertex -22.6233 6.23699 2.26995
      vertex -21.3814 5.6042 2.26995
      vertex -21.0973 5.99528 0.782172
    endloop
  endfacet
  facet normal -0.454015 0.890994 0
    outer loop
      vertex -25.5261 6.69674 -0.782172
      vertex -26.9027 5.99528 0.782172
      vertex -25.5261 6.69674 0.782172
    endloop
  endfacet
  facet normal -0.454015 0.890994 0
    outer loop
      vertex -26.9027 5.99528 0.782172
      vertex -25.5261 6.69674 -0.782172
      vertex -26.9027 5.99528 -0.782172
    endloop
  endfacet
  facet normal -0.521593 0.282287 0.805143
    outer loop
      vertex -31.674 1.30294 2.12132
      vertex -31.2882 0.442231 2.67302
      vertex -31.0748 0.836539 2.67302
    endloop
  endfacet
  facet normal -0.58498 -0.097622 -0.805151
    outer loop
      vertex -32.0064 -0.688791 -2.12132
      vertex -31.362 0 -2.67302
      vertex -31.2882 -0.442231 -2.67302
    endloop
  endfacet
  facet normal -0.550572 0.597997 -0.58247
    outer loop
      vertex -31.674 1.30294 -2.12132
      vertex -31.462 2.23776 -1.36197
      vertex -31.1603 1.7759 -2.12132
    endloop
  endfacet
  facet normal -0.269014 0.527978 0.805525
    outer loop
      vertex -26.0781 4.86031 3.53553
      vertex -24.7015 4.15885 4.45503
      vertex -25.0925 5.36249 3.53553
    endloop
  endfacet
  facet normal -0.243556 -0.264601 0.933095
    outer loop
      vertex -31.0748 -0.836539 2.67302
      vertex -30.7449 -1.1402 2.67302
      vertex -25.3342 0.163569 4.45503
    endloop
  endfacet
  facet normal -0.495215 0.495227 0.713801
    outer loop
      vertex -31.674 1.30294 2.12132
      vertex -26.8603 4.07813 3.53553
      vertex -26.0781 4.86031 3.53553
    endloop
  endfacet
  facet normal -0.138134 -0.571338 0.809007
    outer loop
      vertex -30.5208 -2.05641 2.12132
      vertex -24.7015 -0.158853 4.45503
      vertex -30.3343 -1.3203 2.67302
    endloop
  endfacet
  facet normal 0.0926986 -0.585259 0.80553
    outer loop
      vertex -24 -1.53553 3.53553
      vertex -22.9075 -1.36249 3.53553
      vertex -23.2985 -0.158853 4.45503
    endloop
  endfacet
  facet normal -0.0141775 -0.950961 0.308987
    outer loop
      vertex -29.7793 -2.66389 1.36197
      vertex -24 -2.93844 0.782172
      vertex -24 -2.45503 2.26995
    endloop
  endfacet
  facet normal -0.837537 -0.453211 0.305174
    outer loop
      vertex -32.8025 -0.962105 0.469303
      vertex -32.3383 -1.81995 0.469303
      vertex -32.5282 -0.867928 1.36197
    endloop
  endfacet
  facet normal -0.986352 0.164648 -5.54243e-19
    outer loop
      vertex -32.9631 0 -0.469303
      vertex -32.8025 0.962105 0.469303
      vertex -32.8025 0.962105 -0.469303
    endloop
  endfacet
  facet normal -0.986352 0.164648 -5.54243e-19
    outer loop
      vertex -32.8025 0.962105 0.469303
      vertex -32.9631 0 -0.469303
      vertex -32.9631 0 0.469303
    endloop
  endfacet
  facet normal -0.368851 0.723899 -0.583026
    outer loop
      vertex -26.6186 5.6042 -2.26995
      vertex -25.3767 6.23699 -2.26995
      vertex -26.0781 4.86031 -3.53553
    endloop
  endfacet
  facet normal -0.350506 0.0584928 -0.934732
    outer loop
      vertex -31.362 0 -2.67302
      vertex -31.2882 0.442231 -2.67302
      vertex -26.1589 2.70145 -4.45503
    endloop
  endfacet
  facet normal -0.278424 0.141898 -0.949918
    outer loop
      vertex -26.1589 2.70145 -4.45503
      vertex -25.8364 3.33424 -4.45503
      vertex -24.6328 2.45975 -4.93844
    endloop
  endfacet
  facet normal 0.528109 0.26888 -0.805484
    outer loop
      vertex -21.5231 3.79954 -3.8799
      vertex -21.1397 4.07813 -3.53553
      vertex -21.4547 3.45999 -3.9484
    endloop
  endfacet
  facet normal -0.048883 -0.308647 -0.94992
    outer loop
      vertex -24.7015 -0.158853 -4.45503
      vertex -24.2417 1.25611 -4.93844
      vertex -24 1.21783 -4.93844
    endloop
  endfacet
  facet normal -0.521578 0.282297 -0.805149
    outer loop
      vertex -32.0064 0.688791 -2.12132
      vertex -31.674 1.30294 -2.12132
      vertex -31.2882 0.442231 -2.67302
    endloop
  endfacet
  facet normal -0.308644 0.048885 -0.94992
    outer loop
      vertex -26.27 2 -4.45503
      vertex -26.1589 2.70145 -4.45503
      vertex -24.7822 2 -4.93844
    endloop
  endfacet
  facet normal 0.802458 0.127071 -0.583021
    outer loop
      vertex -20.4645 2 -3.53553
      vertex -19.763 3.37668 -2.26995
      vertex -19.545 2 -2.26995
    endloop
  endfacet
  facet normal 0.802655 -0.12682 -0.582805
    outer loop
      vertex -20.4961 1.8 -3.53553
      vertex -20.4645 2 -3.53553
      vertex -20.3626 1.8 -3.35167
    endloop
  endfacet
  facet normal 0.127092 -0.802456 -0.58302
    outer loop
      vertex -24 -2.45503 -2.26995
      vertex -24 -1.53553 -3.53553
      vertex -22.6233 -2.23699 -2.26995
    endloop
  endfacet
  facet normal 0.574498 0.574498 0.583014
    outer loop
      vertex -21.8675 4.80596 3.53553
      vertex -20.3958 4.6186 2.26995
      vertex -21.3814 5.6042 2.26995
    endloop
  endfacet
  facet normal 0.574504 0.574481 0.583024
    outer loop
      vertex -20.3958 4.6186 2.26995
      vertex -21.8675 4.80596 3.53553
      vertex -21.1397 4.07813 3.53553
    endloop
  endfacet
  facet normal 0.574412 0.57457 0.583026
    outer loop
      vertex -21.8675 4.80596 3.53553
      vertex -21.3814 5.6042 2.26995
      vertex -21.9056 4.88269 3.49745
    endloop
  endfacet
  facet normal 0.940465 -0.148837 0.30557
    outer loop
      vertex -19.5133 1.8 2.07497
      vertex -19.0616 2 0.782172
      vertex -19.545 2 2.26995
    endloop
  endfacet
  facet normal 0.940488 -0.148597 0.305615
    outer loop
      vertex -19.0616 2 0.782172
      vertex -19.5133 1.8 2.07497
      vertex -19.0932 1.8 0.782172
    endloop
  endfacet
  facet normal -0.308634 -0.0489065 0.949923
    outer loop
      vertex -26.1589 1.29855 4.45503
      vertex -24.7439 1.7583 4.93844
      vertex -24.7822 2 4.93844
    endloop
  endfacet
  facet normal -0.801754 -0.13376 0.582494
    outer loop
      vertex -32.673 0 1.36197
      vertex -32.5282 -0.867928 1.36197
      vertex -32.0064 -0.688791 2.12132
    endloop
  endfacet
  facet normal 0.00251941 -0.999997 0
    outer loop
      vertex -29.7553 -2.95294 -0.469303
      vertex -24 -2.93844 0.782172
      vertex -29.7553 -2.95294 0.469303
    endloop
  endfacet
  facet normal 0.00251941 -0.999997 0
    outer loop
      vertex -24 -2.93844 0.782172
      vertex -29.7553 -2.95294 -0.469303
      vertex -24 -2.93844 -0.782172
    endloop
  endfacet
  facet normal 0.048883 -0.308647 -0.94992
    outer loop
      vertex -24 1.21783 -4.93844
      vertex -23.7583 1.25611 -4.93844
      vertex -23.2985 -0.158853 -4.45503
    endloop
  endfacet
  facet normal -0.41899 0.418998 -0.805536
    outer loop
      vertex -25.8364 3.33424 -4.45503
      vertex -26.0781 4.86031 -3.53553
      vertex -25.3342 3.83643 -4.45503
    endloop
  endfacet
  facet normal -0.418988 0.418999 -0.805537
    outer loop
      vertex -26.0781 4.86031 -3.53553
      vertex -25.8364 3.33424 -4.45503
      vertex -26.8603 4.07813 -3.53553
    endloop
  endfacet
  facet normal -0.349092 0.0552913 -0.935456
    outer loop
      vertex -31.362 0 -2.67302
      vertex -26.1589 2.70145 -4.45503
      vertex -26.27 2 -4.45503
    endloop
  endfacet
  facet normal -0.939277 0.156789 -0.305247
    outer loop
      vertex -32.9631 0 -0.469303
      vertex -32.8025 0.962105 -0.469303
      vertex -32.673 0 -1.36197
    endloop
  endfacet
  facet normal -0.279239 -0.151125 -0.948255
    outer loop
      vertex -31.2882 -0.442231 -2.67302
      vertex -25.8364 0.665755 -4.45503
      vertex -31.0748 -0.836539 -2.67302
    endloop
  endfacet
  facet normal -0.837537 0.453211 -0.305174
    outer loop
      vertex -32.8025 0.962105 -0.469303
      vertex -32.3383 1.81995 -0.469303
      vertex -32.5282 0.867928 -1.36197
    endloop
  endfacet
  facet normal -0.326512 -0.744374 0.582493
    outer loop
      vertex -31.1603 -1.7759 2.12132
      vertex -30.6562 -2.59123 1.36197
      vertex -30.5208 -2.05641 2.12132
    endloop
  endfacet
  facet normal -0.382544 -0.872079 0.305186
    outer loop
      vertex -31.6206 -2.48058 0.469303
      vertex -30.6562 -2.59123 1.36197
      vertex -31.462 -2.23776 1.36197
    endloop
  endfacet
  facet normal -0.939316 0.15671 -0.305167
    outer loop
      vertex -32.8025 0.962105 -0.469303
      vertex -32.5282 0.867928 -1.36197
      vertex -32.673 0 -1.36197
    endloop
  endfacet
  facet normal -0.0825687 -0.996585 0
    outer loop
      vertex -30.7274 -2.8724 -0.469303
      vertex -29.7553 -2.95294 0.469303
      vertex -30.7274 -2.8724 0.469303
    endloop
  endfacet
  facet normal -0.0825687 -0.996585 -0
    outer loop
      vertex -29.7553 -2.95294 0.469303
      vertex -30.7274 -2.8724 -0.469303
      vertex -29.7553 -2.95294 -0.469303
    endloop
  endfacet
  facet normal -0.014329 -0.951383 0.307677
    outer loop
      vertex -29.7793 -2.66389 1.36197
      vertex -29.7553 -2.95294 0.469303
      vertex -24 -2.93844 0.782172
    endloop
  endfacet
  facet normal 0.148946 -0.940448 0.305571
    outer loop
      vertex -24 -2.93844 0.782172
      vertex -22.4739 -2.69674 0.782172
      vertex -24 -2.45503 2.26995
    endloop
  endfacet
  facet normal -0.0786292 -0.949038 -0.305197
    outer loop
      vertex -30.7274 -2.8724 -0.469303
      vertex -30.6562 -2.59123 -1.36197
      vertex -29.7553 -2.95294 -0.469303
    endloop
  endfacet
  facet normal 0.368983 0.723828 0.583031
    outer loop
      vertex -21.3814 5.6042 2.26995
      vertex -21.9894 4.99294 3.41361
      vertex -21.9056 4.88269 3.49745
    endloop
  endfacet
  facet normal 0.368857 0.723911 0.583008
    outer loop
      vertex -21.9894 4.99294 3.41361
      vertex -21.3814 5.6042 2.26995
      vertex -22.6233 6.23699 2.26995
    endloop
  endfacet
  facet normal -0.127092 0.802459 -0.583015
    outer loop
      vertex -24 6.45503 -2.26995
      vertex -24.9116 6 -2.69753
      vertex -25.3767 6.23699 -2.26995
    endloop
  endfacet
  facet normal -0.127092 0.802459 -0.583016
    outer loop
      vertex -24.9116 6 -2.69753
      vertex -24 6.45503 -2.26995
      vertex -24 6 -2.89625
    endloop
  endfacet
  facet normal 0.127106 0.80245 -0.583024
    outer loop
      vertex -23.0884 6 -2.69753
      vertex -22.6233 6.23699 -2.26995
      vertex -22.7003 6 -2.61292
    endloop
  endfacet
  facet normal -0.156428 0.987689 -4.45003e-05
    outer loop
      vertex -24 6.93844 0.782172
      vertex -25.0514 6.77191 0.519615
      vertex -25.5261 6.69674 0.782172
    endloop
  endfacet
  facet normal -0.156448 0.987686 3.77338e-05
    outer loop
      vertex -24 6.93844 0.782172
      vertex -24.889 6.79764 0.359761
      vertex -25.0514 6.77191 0.519615
    endloop
  endfacet
  facet normal -0.156427 0.98769 -7.03914e-06
    outer loop
      vertex -24 6.93844 0.782172
      vertex -24.5234 6.85554 0
      vertex -24.889 6.79764 0.359761
    endloop
  endfacet
  facet normal -0.156428 0.987689 4.45003e-05
    outer loop
      vertex -25.5261 6.69674 -0.782172
      vertex -25.0514 6.77191 -0.519615
      vertex -24 6.93844 -0.782172
    endloop
  endfacet
  facet normal -0.156448 0.987686 -3.77338e-05
    outer loop
      vertex -24.889 6.79764 -0.359761
      vertex -24 6.93844 -0.782172
      vertex -25.0514 6.77191 -0.519615
    endloop
  endfacet
  facet normal -0.156427 0.98769 7.03914e-06
    outer loop
      vertex -24.5234 6.85554 0
      vertex -24 6.93844 -0.782172
      vertex -24.889 6.79764 -0.359761
    endloop
  endfacet
  facet normal -0.156437 0.987688 0
    outer loop
      vertex -24 6.93844 -0.782172
      vertex -24.5234 6.85554 0
      vertex -24 6.93844 0.782172
    endloop
  endfacet
  facet normal -0.156288 0.987712 0.000215021
    outer loop
      vertex -25.1091 6.76278 0.519615
      vertex -25.5261 6.69674 0.782172
      vertex -25.0514 6.77191 0.519615
    endloop
  endfacet
  facet normal -0.156367 0.987699 8.56656e-05
    outer loop
      vertex -25.1421 6.75756 0.469058
      vertex -25.5261 6.69674 0.782172
      vertex -25.1091 6.76278 0.519615
    endloop
  endfacet
  facet normal -0.15644 0.987687 -5.58397e-06
    outer loop
      vertex -25.4481 6.70909 0
      vertex -25.5261 6.69674 0.782172
      vertex -25.1421 6.75756 0.469058
    endloop
  endfacet
  facet normal -0.156385 0.987696 -1.15009e-19
    outer loop
      vertex -25.4481 6.70909 0
      vertex -25.5261 6.69674 -0.782172
      vertex -25.5261 6.69674 0.782172
    endloop
  endfacet
  facet normal -0.15644 0.987687 5.58397e-06
    outer loop
      vertex -25.1421 6.75756 -0.469058
      vertex -25.5261 6.69674 -0.782172
      vertex -25.4481 6.70909 0
    endloop
  endfacet
  facet normal -0.156367 0.987699 -8.56656e-05
    outer loop
      vertex -25.1091 6.76278 -0.519615
      vertex -25.5261 6.69674 -0.782172
      vertex -25.1421 6.75756 -0.469058
    endloop
  endfacet
  facet normal -0.156288 0.987712 -0.000215021
    outer loop
      vertex -25.0514 6.77191 -0.519615
      vertex -25.5261 6.69674 -0.782172
      vertex -25.1091 6.76278 -0.519615
    endloop
  endfacet
  facet normal -0.801754 0.13376 -0.582494
    outer loop
      vertex -32.673 0 -1.36197
      vertex -32.5282 0.867928 -1.36197
      vertex -32.0064 0.688791 -2.12132
    endloop
  endfacet
  facet normal -0.939316 0.15671 0.305167
    outer loop
      vertex -32.8025 0.962105 0.469303
      vertex -32.673 0 1.36197
      vertex -32.5282 0.867928 1.36197
    endloop
  endfacet
  facet normal -0.534267 0.611154 -0.583994
    outer loop
      vertex -31.462 2.23776 -1.36197
      vertex -26.6186 5.6042 -2.26995
      vertex -31.1603 1.7759 -2.12132
    endloop
  endfacet
  facet normal -0.644965 0.700635 -0.305175
    outer loop
      vertex -32.1094 1.6418 -1.36197
      vertex -31.6206 2.48058 -0.469303
      vertex -31.462 2.23776 -1.36197
    endloop
  endfacet
  facet normal -0.148946 0.940448 0.305571
    outer loop
      vertex -25.5261 6.69674 0.782172
      vertex -24 6.45503 2.26995
      vertex -24 6.93844 0.782172
    endloop
  endfacet
  facet normal -0.432298 0.848376 0.305574
    outer loop
      vertex -26.9027 5.99528 0.782172
      vertex -25.3767 6.23699 2.26995
      vertex -25.5261 6.69674 0.782172
    endloop
  endfacet
  facet normal -0.148947 0.940447 0.305572
    outer loop
      vertex -25.5261 6.69674 0.782172
      vertex -25.3767 6.23699 2.26995
      vertex -24 6.45503 2.26995
    endloop
  endfacet
  facet normal -0.127092 0.802459 0.583016
    outer loop
      vertex -24 6.45503 2.26995
      vertex -24.9116 6 2.69753
      vertex -24 6 2.89625
    endloop
  endfacet
  facet normal -0.127092 0.802459 0.583015
    outer loop
      vertex -24.9116 6 2.69753
      vertex -24 6.45503 2.26995
      vertex -25.3767 6.23699 2.26995
    endloop
  endfacet
  facet normal 0.127092 0.802459 0.583015
    outer loop
      vertex -24 6.45503 2.26995
      vertex -23.0884 6 2.69753
      vertex -22.6233 6.23699 2.26995
    endloop
  endfacet
  facet normal 0.127092 0.802459 0.583016
    outer loop
      vertex -23.0884 6 2.69753
      vertex -24 6.45503 2.26995
      vertex -24 6 2.89625
    endloop
  endfacet
  facet normal -0.801754 0.13376 0.582494
    outer loop
      vertex -32.673 0 1.36197
      vertex -32.0064 0.688791 2.12132
      vertex -32.5282 0.867928 1.36197
    endloop
  endfacet
  facet normal -0.308634 0.0489065 0.949923
    outer loop
      vertex -26.1589 2.70145 4.45503
      vertex -24.7822 2 4.93844
      vertex -24.7439 2.2417 4.93844
    endloop
  endfacet
  facet normal -0.200605 -0.393654 0.897103
    outer loop
      vertex -30.7449 -1.1402 2.67302
      vertex -24.7015 -0.158853 4.45503
      vertex -25.3342 0.163569 4.45503
    endloop
  endfacet
  facet normal -0.106015 -0.669336 0.735357
    outer loop
      vertex -30.5208 -2.05641 2.12132
      vertex -24 -1.53553 3.53553
      vertex -25.0925 -1.36249 3.53553
    endloop
  endfacet
  facet normal -0.401689 -0.43629 0.805169
    outer loop
      vertex -31.674 -1.30294 2.12132
      vertex -31.1603 -1.7759 2.12132
      vertex -30.7449 -1.1402 2.67302
    endloop
  endfacet
  facet normal -0.0926891 -0.585256 0.805533
    outer loop
      vertex -24.7015 -0.158853 4.45503
      vertex -24 -1.53553 3.53553
      vertex -24 -0.269952 4.45503
    endloop
  endfacet
  facet normal -0.41899 0.418998 0.805536
    outer loop
      vertex -26.0781 4.86031 3.53553
      vertex -25.8364 3.33424 4.45503
      vertex -25.3342 3.83643 4.45503
    endloop
  endfacet
  facet normal -0.418988 0.418999 0.805537
    outer loop
      vertex -25.8364 3.33424 4.45503
      vertex -26.0781 4.86031 3.53553
      vertex -26.8603 4.07813 3.53553
    endloop
  endfacet
  facet normal -0.0927272 0.585262 0.805525
    outer loop
      vertex -24.6255 4.50255 4.21406
      vertex -24.7015 4.15885 4.45503
      vertex -24.5817 4.39389 4.29805
    endloop
  endfacet
  facet normal -0.0927738 0.585228 0.805544
    outer loop
      vertex -25.0925 5.36249 3.53553
      vertex -24.6255 4.50255 4.21406
      vertex -24.9292 5.2557 3.63192
    endloop
  endfacet
  facet normal -0.0926957 0.585259 0.80553
    outer loop
      vertex -24.6255 4.50255 4.21406
      vertex -25.0925 5.36249 3.53553
      vertex -24.7015 4.15885 4.45503
    endloop
  endfacet
  facet normal -0.0926984 0.585302 0.805499
    outer loop
      vertex -25.0925 5.36249 3.53553
      vertex -24.9292 5.2557 3.63192
      vertex -24.9397 5.38669 3.53553
    endloop
  endfacet
  facet normal -0.326525 -0.744374 0.582484
    outer loop
      vertex -31.462 -2.23776 1.36197
      vertex -30.6562 -2.59123 1.36197
      vertex -31.1603 -1.7759 2.12132
    endloop
  endfacet
  facet normal -0.837509 -0.453239 0.305209
    outer loop
      vertex -32.5282 -0.867928 1.36197
      vertex -32.3383 -1.81995 0.469303
      vertex -32.1094 -1.6418 1.36197
    endloop
  endfacet
  facet normal -0.677249 -0.735754 0
    outer loop
      vertex -32.3383 -1.81995 -0.469303
      vertex -31.6206 -2.48058 0.469303
      vertex -32.3383 -1.81995 0.469303
    endloop
  endfacet
  facet normal -0.677249 -0.735754 -0
    outer loop
      vertex -31.6206 -2.48058 0.469303
      vertex -32.3383 -1.81995 -0.469303
      vertex -31.6206 -2.48058 -0.469303
    endloop
  endfacet
  facet normal -0.644935 -0.700649 -0.305205
    outer loop
      vertex -32.3383 -1.81995 -0.469303
      vertex -32.1094 -1.6418 -1.36197
      vertex -31.6206 -2.48058 -0.469303
    endloop
  endfacet
  facet normal -0.53327 0.609884 -0.586229
    outer loop
      vertex -31.1603 1.7759 -2.12132
      vertex -26.6186 5.6042 -2.26995
      vertex -26.0781 4.86031 -3.53553
    endloop
  endfacet
  facet normal -0.5213 0.566204 -0.638481
    outer loop
      vertex -31.674 1.30294 -2.12132
      vertex -31.1603 1.7759 -2.12132
      vertex -26.0781 4.86031 -3.53553
    endloop
  endfacet
  facet normal -0.127103 0.802452 -0.583023
    outer loop
      vertex -25.3767 6.23699 -2.26995
      vertex -24.9116 6 -2.69753
      vertex -25.1304 6 -2.64983
    endloop
  endfacet
  facet normal -0.12709 0.802451 -0.583027
    outer loop
      vertex -25.0925 5.36249 -3.53553
      vertex -25.1304 6 -2.64983
      vertex -24.9397 5.38669 -3.53553
    endloop
  endfacet
  facet normal -0.127112 0.802448 -0.583026
    outer loop
      vertex -25.1304 6 -2.64983
      vertex -25.0925 5.36249 -3.53553
      vertex -25.3767 6.23699 -2.26995
    endloop
  endfacet
  facet normal -0.148947 0.940447 -0.305572
    outer loop
      vertex -25.5261 6.69674 -0.782172
      vertex -24 6.45503 -2.26995
      vertex -25.3767 6.23699 -2.26995
    endloop
  endfacet
  facet normal 0.574504 0.574481 -0.583024
    outer loop
      vertex -21.8675 4.80596 -3.53553
      vertex -20.3958 4.6186 -2.26995
      vertex -21.1397 4.07813 -3.53553
    endloop
  endfacet
  facet normal 0.574498 0.574498 -0.583014
    outer loop
      vertex -20.3958 4.6186 -2.26995
      vertex -21.8675 4.80596 -3.53553
      vertex -21.3814 5.6042 -2.26995
    endloop
  endfacet
  facet normal 0.574412 0.57457 -0.583026
    outer loop
      vertex -21.3814 5.6042 -2.26995
      vertex -21.8675 4.80596 -3.53553
      vertex -21.9056 4.88269 -3.49745
    endloop
  endfacet
  facet normal 0.58525 0.0926724 -0.805539
    outer loop
      vertex -21.3057 2.42861 -4.09738
      vertex -20.6375 3.09254 -3.53553
      vertex -20.4645 2 -3.53553
    endloop
  endfacet
  facet normal 0.585279 0.0926299 -0.805523
    outer loop
      vertex -20.6375 3.09254 -3.53553
      vertex -21.3057 2.42861 -4.09738
      vertex -21.3348 2.86597 -4.06823
    endloop
  endfacet
  facet normal -0.141884 -0.278425 -0.94992
    outer loop
      vertex -25.3342 0.163569 -4.45503
      vertex -24.4597 1.36721 -4.93844
      vertex -24.7015 -0.158853 -4.45503
    endloop
  endfacet
  facet normal -0.58498 0.097622 -0.805151
    outer loop
      vertex -32.0064 0.688791 -2.12132
      vertex -31.2882 0.442231 -2.67302
      vertex -31.362 0 -2.67302
    endloop
  endfacet
  facet normal -0.311922 -0.052054 -0.948681
    outer loop
      vertex -31.362 0 -2.67302
      vertex -26.1589 1.29855 -4.45503
      vertex -31.2882 -0.442231 -2.67302
    endloop
  endfacet
  facet normal 0.802461 0.127067 -0.583019
    outer loop
      vertex -20.6375 3.09254 -3.53553
      vertex -19.763 3.37668 -2.26995
      vertex -20.4645 2 -3.53553
    endloop
  endfacet
  facet normal 0.527954 0.269061 -0.805525
    outer loop
      vertex -21.4547 3.45999 -3.9484
      vertex -20.6375 3.09254 -3.53553
      vertex -21.3348 2.86597 -4.06823
    endloop
  endfacet
  facet normal 0.527943 0.269009 -0.80555
    outer loop
      vertex -20.6375 3.09254 -3.53553
      vertex -21.4547 3.45999 -3.9484
      vertex -21.1397 4.07813 -3.53553
    endloop
  endfacet
  facet normal 0.940571 -0.14861 -0.305355
    outer loop
      vertex -19.5766 1.8 -2.26995
      vertex -19.545 2 -2.26995
      vertex -19.5133 1.8 -2.07497
    endloop
  endfacet
  facet normal 0.7239 0.368858 0.58302
    outer loop
      vertex -21.1397 4.07813 3.53553
      vertex -20.6375 3.09254 3.53553
      vertex -19.763 3.37668 2.26995
    endloop
  endfacet
  facet normal 0.940461 0.148924 0.30554
    outer loop
      vertex -19.763 3.37668 2.26995
      vertex -19.545 2 2.26995
      vertex -19.3033 3.52606 0.782172
    endloop
  endfacet
  facet normal 0.368799 -0.723925 0.583027
    outer loop
      vertex -22.6233 -2.23699 2.26995
      vertex -22.4427 -2.11492 2.30728
      vertex -22.49 -1.97543 2.5104
    endloop
  endfacet
  facet normal 0.368873 -0.723993 0.582895
    outer loop
      vertex -22.4427 -2.11492 2.30728
      vertex -22.6233 -2.23699 2.26995
      vertex -22.4264 -2.13667 2.26995
    endloop
  endfacet
  facet normal 0.432268 -0.848391 0.305576
    outer loop
      vertex -22.6233 -2.23699 2.26995
      vertex -22.4264 -2.42697 1.46396
      vertex -22.4264 -2.2058 2.07801
    endloop
  endfacet
  facet normal 0.432248 -0.848402 0.305573
    outer loop
      vertex -22.6233 -2.23699 2.26995
      vertex -22.4264 -2.5035 1.25148
      vertex -22.4264 -2.42697 1.46396
    endloop
  endfacet
  facet normal 0.432279 -0.848386 0.305575
    outer loop
      vertex -22.4739 -2.69674 0.782172
      vertex -22.4264 -2.5035 1.25148
      vertex -22.6233 -2.23699 2.26995
    endloop
  endfacet
  facet normal 0.432401 -0.848336 0.305542
    outer loop
      vertex -22.4264 -2.5035 1.25148
      vertex -22.4739 -2.69674 0.782172
      vertex -22.2606 -2.58802 0.782172
    endloop
  endfacet
  facet normal 0.940571 -0.14861 0.305355
    outer loop
      vertex -19.5766 1.8 2.26995
      vertex -19.5133 1.8 2.07497
      vertex -19.545 2 2.26995
    endloop
  endfacet
  facet normal -0.189692 -0.432468 0.881469
    outer loop
      vertex -30.7449 -1.1402 2.67302
      vertex -30.3343 -1.3203 2.67302
      vertex -24.7015 -0.158853 4.45503
    endloop
  endfacet
  facet normal -0.40166 -0.436367 -0.805142
    outer loop
      vertex -31.674 -1.30294 -2.12132
      vertex -31.0748 -0.836539 -2.67302
      vertex -30.7449 -1.1402 -2.67302
    endloop
  endfacet
  facet normal -0.220923 -0.221 -0.949922
    outer loop
      vertex -25.3342 0.163569 -4.45503
      vertex -24.6328 1.54025 -4.93844
      vertex -24.4597 1.36721 -4.93844
    endloop
  endfacet
  facet normal -0.220969 -0.220975 -0.949917
    outer loop
      vertex -24.6328 1.54025 -4.93844
      vertex -25.3342 0.163569 -4.45503
      vertex -25.8364 0.665755 -4.45503
    endloop
  endfacet
  facet normal 0.368873 -0.723993 -0.582895
    outer loop
      vertex -22.6233 -2.23699 -2.26995
      vertex -22.4427 -2.11492 -2.30728
      vertex -22.4264 -2.13667 -2.26995
    endloop
  endfacet
  facet normal 0.368799 -0.723925 -0.583027
    outer loop
      vertex -22.4427 -2.11492 -2.30728
      vertex -22.6233 -2.23699 -2.26995
      vertex -22.49 -1.97543 -2.5104
    endloop
  endfacet
  facet normal -0.0926986 -0.585259 -0.80553
    outer loop
      vertex -25.0925 -1.36249 -3.53553
      vertex -24.7015 -0.158853 -4.45503
      vertex -24 -1.53553 -3.53553
    endloop
  endfacet
  facet normal 0.585275 -0.0926878 -0.805519
    outer loop
      vertex -20.857 1.8 -3.7977
      vertex -21.2771 2 -4.12595
      vertex -20.4645 2 -3.53553
    endloop
  endfacet
  facet normal 0.585304 -0.0926098 -0.805508
    outer loop
      vertex -21.2771 2 -4.12595
      vertex -20.857 1.8 -3.7977
      vertex -21.2904 1.8 -4.11262
    endloop
  endfacet
  facet normal 0.585272 0.0927471 -0.805515
    outer loop
      vertex -21.3057 2.42861 -4.09738
      vertex -20.4645 2 -3.53553
      vertex -21.2771 2 -4.12595
    endloop
  endfacet
  facet normal 0.127099 -0.802451 -0.583025
    outer loop
      vertex -24 -1.53553 -3.53553
      vertex -22.9075 -1.36249 -3.53553
      vertex -22.6233 -2.23699 -2.26995
    endloop
  endfacet
  facet normal -0.550572 -0.597997 -0.58247
    outer loop
      vertex -31.674 -1.30294 -2.12132
      vertex -31.1603 -1.7759 -2.12132
      vertex -31.462 -2.23776 -1.36197
    endloop
  endfacet
  facet normal -0.23822 -0.543105 -0.805163
    outer loop
      vertex -31.1603 -1.7759 -2.12132
      vertex -30.7449 -1.1402 -2.67302
      vertex -30.3343 -1.3203 -2.67302
    endloop
  endfacet
  facet normal -0.312537 -0.0495015 -0.948615
    outer loop
      vertex -31.362 0 -2.67302
      vertex -26.27 2 -4.45503
      vertex -26.1589 1.29855 -4.45503
    endloop
  endfacet
  facet normal -0.400234 0.203978 -0.893423
    outer loop
      vertex -31.2882 0.442231 -2.67302
      vertex -25.8364 3.33424 -4.45503
      vertex -26.1589 2.70145 -4.45503
    endloop
  endfacet
  facet normal -0.939316 -0.15671 -0.305167
    outer loop
      vertex -32.8025 -0.962105 -0.469303
      vertex -32.673 0 -1.36197
      vertex -32.5282 -0.867928 -1.36197
    endloop
  endfacet
  facet normal -0.281064 -0.143243 -0.948939
    outer loop
      vertex -31.2882 -0.442231 -2.67302
      vertex -26.1589 1.29855 -4.45503
      vertex -25.8364 0.665755 -4.45503
    endloop
  endfacet
  facet normal -0.0786375 -0.949039 0.305189
    outer loop
      vertex -30.6562 -2.59123 1.36197
      vertex -29.7553 -2.95294 0.469303
      vertex -29.7793 -2.66389 1.36197
    endloop
  endfacet
  facet normal -0.062234 -0.807448 0.586647
    outer loop
      vertex -29.8248 -2.11407 2.12132
      vertex -24 -2.45503 2.26995
      vertex -24 -1.53553 3.53553
    endloop
  endfacet
  facet normal -0.801749 0.133743 0.582505
    outer loop
      vertex -32.673 0 1.36197
      vertex -32.1213 0 2.12132
      vertex -32.0064 0.688791 2.12132
    endloop
  endfacet
  facet normal -0.521593 -0.282287 0.805143
    outer loop
      vertex -31.674 -1.30294 2.12132
      vertex -31.0748 -0.836539 2.67302
      vertex -31.2882 -0.442231 2.67302
    endloop
  endfacet
  facet normal -0.879492 -0.475914 -1.46134e-17
    outer loop
      vertex -32.3383 -1.81995 -0.469303
      vertex -32.8025 -0.962105 0.469303
      vertex -32.8025 -0.962105 -0.469303
    endloop
  endfacet
  facet normal -0.879492 -0.475914 -1.46134e-17
    outer loop
      vertex -32.8025 -0.962105 0.469303
      vertex -32.3383 -1.81995 -0.469303
      vertex -32.3383 -1.81995 0.469303
    endloop
  endfacet
  facet normal -0.401718 -0.915763 0
    outer loop
      vertex -31.6206 -2.48058 -0.469303
      vertex -30.7274 -2.8724 0.469303
      vertex -31.6206 -2.48058 0.469303
    endloop
  endfacet
  facet normal -0.401718 -0.915763 -0
    outer loop
      vertex -30.7274 -2.8724 0.469303
      vertex -31.6206 -2.48058 -0.469303
      vertex -30.7274 -2.8724 -0.469303
    endloop
  endfacet
  facet normal -0.382552 -0.872072 -0.305196
    outer loop
      vertex -31.6206 -2.48058 -0.469303
      vertex -30.6562 -2.59123 -1.36197
      vertex -30.7274 -2.8724 -0.469303
    endloop
  endfacet
  facet normal -0.382552 -0.872072 0.305196
    outer loop
      vertex -31.6206 -2.48058 0.469303
      vertex -30.7274 -2.8724 0.469303
      vertex -30.6562 -2.59123 1.36197
    endloop
  endfacet
  facet normal -0.0786292 -0.949038 0.305197
    outer loop
      vertex -30.7274 -2.8724 0.469303
      vertex -29.7553 -2.95294 0.469303
      vertex -30.6562 -2.59123 1.36197
    endloop
  endfacet
  facet normal 0.454015 0.890994 1.839e-06
    outer loop
      vertex -21.0973 5.99528 0.782172
      vertex -21.7573 6.33159 0.519615
      vertex -22.4739 6.69674 0.782172
    endloop
  endfacet
  facet normal 0.454015 0.890994 5.19257e-07
    outer loop
      vertex -21.0973 5.99528 0.782172
      vertex -21.5146 6.20792 0
      vertex -21.7573 6.33159 0.519615
    endloop
  endfacet
  facet normal 0.454016 0.890994 -0
    outer loop
      vertex -21.0973 5.99528 -0.782172
      vertex -21.5146 6.20792 0
      vertex -21.0973 5.99528 0.782172
    endloop
  endfacet
  facet normal 0.454015 0.890994 -1.839e-06
    outer loop
      vertex -22.4739 6.69674 -0.782172
      vertex -21.7573 6.33159 -0.519615
      vertex -21.0973 5.99528 -0.782172
    endloop
  endfacet
  facet normal 0.454015 0.890994 -5.19257e-07
    outer loop
      vertex -21.5146 6.20792 0
      vertex -21.0973 5.99528 -0.782172
      vertex -21.7573 6.33159 -0.519615
    endloop
  endfacet
  facet normal 0.453971 0.891017 -0.000150063
    outer loop
      vertex -22.2427 6.5789 0.519615
      vertex -22.4739 6.69674 0.782172
      vertex -21.7573 6.33159 0.519615
    endloop
  endfacet
  facet normal 0.454141 0.89093 3.88933e-05
    outer loop
      vertex -22.3565 6.63692 0.249364
      vertex -22.4739 6.69674 0.782172
      vertex -22.2427 6.5789 0.519615
    endloop
  endfacet
  facet normal 0.453945 0.89103 -1.55273e-05
    outer loop
      vertex -22.4616 6.69046 0
      vertex -22.4739 6.69674 0.782172
      vertex -22.3565 6.63692 0.249364
    endloop
  endfacet
  facet normal 0.454728 0.89063 -8.69541e-20
    outer loop
      vertex -22.4616 6.69046 0
      vertex -22.4739 6.69674 -0.782172
      vertex -22.4739 6.69674 0.782172
    endloop
  endfacet
  facet normal 0.453945 0.89103 1.55273e-05
    outer loop
      vertex -22.3565 6.63692 -0.249364
      vertex -22.4739 6.69674 -0.782172
      vertex -22.4616 6.69046 0
    endloop
  endfacet
  facet normal 0.454141 0.89093 -3.88933e-05
    outer loop
      vertex -22.2427 6.5789 -0.519615
      vertex -22.4739 6.69674 -0.782172
      vertex -22.3565 6.63692 -0.249364
    endloop
  endfacet
  facet normal 0.453971 0.891017 0.000150063
    outer loop
      vertex -21.7573 6.33159 -0.519615
      vertex -22.4739 6.69674 -0.782172
      vertex -22.2427 6.5789 -0.519615
    endloop
  endfacet
  facet normal 0.707087 0.707126 -3.24715e-17
    outer loop
      vertex -20.0047 4.90274 0.782172
      vertex -21.0973 5.99528 -0.782172
      vertex -21.0973 5.99528 0.782172
    endloop
  endfacet
  facet normal 0.707087 0.707126 -3.24715e-17
    outer loop
      vertex -21.0973 5.99528 -0.782172
      vertex -20.0047 4.90274 0.782172
      vertex -20.0047 4.90274 -0.782172
    endloop
  endfacet
  facet normal -0.368851 0.723899 0.583026
    outer loop
      vertex -26.6186 5.6042 2.26995
      vertex -26.0781 4.86031 3.53553
      vertex -25.3767 6.23699 2.26995
    endloop
  endfacet
  facet normal -0.432284 0.84839 0.305557
    outer loop
      vertex -26.9027 5.99528 0.782172
      vertex -26.6186 5.6042 2.26995
      vertex -25.3767 6.23699 2.26995
    endloop
  endfacet
  facet normal -0.644935 0.700649 -0.305205
    outer loop
      vertex -32.3383 1.81995 -0.469303
      vertex -31.6206 2.48058 -0.469303
      vertex -32.1094 1.6418 -1.36197
    endloop
  endfacet
  facet normal -0.801749 0.133743 -0.582505
    outer loop
      vertex -32.673 0 -1.36197
      vertex -32.0064 0.688791 -2.12132
      vertex -32.1213 0 -2.12132
    endloop
  endfacet
  facet normal -0.714848 0.386902 -0.582493
    outer loop
      vertex -32.5282 0.867928 -1.36197
      vertex -31.674 1.30294 -2.12132
      vertex -32.0064 0.688791 -2.12132
    endloop
  endfacet
  facet normal -0.939277 -0.156789 0.305247
    outer loop
      vertex -32.9631 0 0.469303
      vertex -32.8025 -0.962105 0.469303
      vertex -32.673 0 1.36197
    endloop
  endfacet
  facet normal -0.939277 0.156789 0.305247
    outer loop
      vertex -32.9631 0 0.469303
      vertex -32.673 0 1.36197
      vertex -32.8025 0.962105 0.469303
    endloop
  endfacet
  facet normal -0.432284 0.84839 -0.305557
    outer loop
      vertex -26.9027 5.99528 -0.782172
      vertex -25.3767 6.23699 -2.26995
      vertex -26.6186 5.6042 -2.26995
    endloop
  endfacet
  facet normal -0.432298 0.848376 -0.305574
    outer loop
      vertex -26.9027 5.99528 -0.782172
      vertex -25.5261 6.69674 -0.782172
      vertex -25.3767 6.23699 -2.26995
    endloop
  endfacet
  facet normal -0.550501 0.598018 -0.582515
    outer loop
      vertex -32.1094 1.6418 -1.36197
      vertex -31.462 2.23776 -1.36197
      vertex -31.674 1.30294 -2.12132
    endloop
  endfacet
  facet normal -0.597416 0.801932 -2.55632e-16
    outer loop
      vertex -26.9027 5.99528 0.782172
      vertex -31.6206 2.48058 -0.469303
      vertex -31.6206 2.48058 0.469303
    endloop
  endfacet
  facet normal -0.597416 0.801932 -1.53379e-16
    outer loop
      vertex -31.6206 2.48058 -0.469303
      vertex -26.9027 5.99528 0.782172
      vertex -26.9027 5.99528 -0.782172
    endloop
  endfacet
  facet normal -0.581405 0.75301 0.308129
    outer loop
      vertex -31.6206 2.48058 0.469303
      vertex -31.462 2.23776 1.36197
      vertex -26.9027 5.99528 0.782172
    endloop
  endfacet
  facet normal -0.644935 0.700649 0.305205
    outer loop
      vertex -32.3383 1.81995 0.469303
      vertex -32.1094 1.6418 1.36197
      vertex -31.6206 2.48058 0.469303
    endloop
  endfacet
  facet normal 0.127106 0.80245 0.583024
    outer loop
      vertex -23.0884 6 2.69753
      vertex -22.7003 6 2.61292
      vertex -22.6233 6.23699 2.26995
    endloop
  endfacet
  facet normal -0.278424 0.141898 0.949918
    outer loop
      vertex -26.1589 2.70145 4.45503
      vertex -24.6328 2.45975 4.93844
      vertex -25.8364 3.33424 4.45503
    endloop
  endfacet
  facet normal -0.400234 0.203978 0.893423
    outer loop
      vertex -31.2882 0.442231 2.67302
      vertex -26.1589 2.70145 4.45503
      vertex -25.8364 3.33424 4.45503
    endloop
  endfacet
  facet normal -0.453662 0.374907 0.808477
    outer loop
      vertex -31.674 1.30294 2.12132
      vertex -25.8364 3.33424 4.45503
      vertex -26.8603 4.07813 3.53553
    endloop
  endfacet
  facet normal -0.837509 0.453239 0.305209
    outer loop
      vertex -32.5282 0.867928 1.36197
      vertex -32.1094 1.6418 1.36197
      vertex -32.3383 1.81995 0.469303
    endloop
  endfacet
  facet normal -0.521578 0.282297 0.805149
    outer loop
      vertex -32.0064 0.688791 2.12132
      vertex -31.2882 0.442231 2.67302
      vertex -31.674 1.30294 2.12132
    endloop
  endfacet
  facet normal 0.223597 -0.223597 0.948688
    outer loop
      vertex -23.5402 1.36721 4.93844
      vertex -23.5175 1.38397 4.93704
      vertex -23.5187 1.38871 4.93844
    endloop
  endfacet
  facet normal 0.221505 -0.220665 0.949865
    outer loop
      vertex -23.5175 1.38397 4.93704
      vertex -23.5402 1.36721 4.93844
      vertex -23.4966 1.30715 4.91432
    endloop
  endfacet
  facet normal -0.71485 -0.386859 0.58252
    outer loop
      vertex -32.5282 -0.867928 1.36197
      vertex -32.1094 -1.6418 1.36197
      vertex -31.674 -1.30294 2.12132
    endloop
  endfacet
  facet normal -0.550501 -0.598018 0.582515
    outer loop
      vertex -32.1094 -1.6418 1.36197
      vertex -31.462 -2.23776 1.36197
      vertex -31.674 -1.30294 2.12132
    endloop
  endfacet
  facet normal -0.0489916 0.30857 0.949939
    outer loop
      vertex -24.0376 2.9095 4.89514
      vertex -24 2.78217 4.93844
      vertex -24 2.81785 4.92685
    endloop
  endfacet
  facet normal -0.0489088 0.30864 0.949921
    outer loop
      vertex -24.7015 4.15885 4.45503
      vertex -24.0376 2.9095 4.89514
      vertex -24.4844 4 4.51782
    endloop
  endfacet
  facet normal -0.0491263 0.308532 0.949944
    outer loop
      vertex -24.0376 2.9095 4.89514
      vertex -24.7015 4.15885 4.45503
      vertex -24 2.78217 4.93844
    endloop
  endfacet
  facet normal -0.04888 0.308675 0.949911
    outer loop
      vertex -24.7015 4.15885 4.45503
      vertex -24.4844 4 4.51782
      vertex -24.4998 4.19079 4.45503
    endloop
  endfacet
  facet normal -0.714848 0.386902 0.582493
    outer loop
      vertex -32.5282 0.867928 1.36197
      vertex -32.0064 0.688791 2.12132
      vertex -31.674 1.30294 2.12132
    endloop
  endfacet
  facet normal -0.40166 -0.436367 0.805142
    outer loop
      vertex -31.674 -1.30294 2.12132
      vertex -30.7449 -1.1402 2.67302
      vertex -31.0748 -0.836539 2.67302
    endloop
  endfacet
  facet normal -0.550572 -0.597997 0.58247
    outer loop
      vertex -31.674 -1.30294 2.12132
      vertex -31.462 -2.23776 1.36197
      vertex -31.1603 -1.7759 2.12132
    endloop
  endfacet
  facet normal -0.141884 0.278425 -0.94992
    outer loop
      vertex -25.3342 3.83643 -4.45503
      vertex -24.7015 4.15885 -4.45503
      vertex -24.4597 2.63279 -4.93844
    endloop
  endfacet
  facet normal -0.453662 0.374907 -0.808477
    outer loop
      vertex -31.674 1.30294 -2.12132
      vertex -26.8603 4.07813 -3.53553
      vertex -25.8364 3.33424 -4.45503
    endloop
  endfacet
  facet normal 0.368857 0.723911 -0.583008
    outer loop
      vertex -21.3814 5.6042 -2.26995
      vertex -21.9894 4.99294 -3.41361
      vertex -22.6233 6.23699 -2.26995
    endloop
  endfacet
  facet normal 0.368983 0.723828 -0.583031
    outer loop
      vertex -21.9894 4.99294 -3.41361
      vertex -21.3814 5.6042 -2.26995
      vertex -21.9056 4.88269 -3.49745
    endloop
  endfacet
  facet normal 0.673271 0.673308 -0.305552
    outer loop
      vertex -20.0047 4.90274 -0.782172
      vertex -21.3814 5.6042 -2.26995
      vertex -21.0973 5.99528 -0.782172
    endloop
  endfacet
  facet normal 0.673284 0.673284 -0.305576
    outer loop
      vertex -21.3814 5.6042 -2.26995
      vertex -20.0047 4.90274 -0.782172
      vertex -20.3958 4.6186 -2.26995
    endloop
  endfacet
  facet normal 0.0482677 0.308581 -0.949973
    outer loop
      vertex -24 2.78217 -4.93844
      vertex -24 2.81785 -4.92685
      vertex -23.9922 2.79742 -4.93309
    endloop
  endfacet
  facet normal 0.368849 0.723899 -0.583028
    outer loop
      vertex -22.6233 6.23699 -2.26995
      vertex -22.2878 5.38523 -3.11526
      vertex -22.5819 6 -2.53801
    endloop
  endfacet
  facet normal 0.368677 0.723917 -0.583114
    outer loop
      vertex -22.2878 5.38523 -3.11526
      vertex -22.6233 6.23699 -2.26995
      vertex -21.9894 4.99294 -3.41361
    endloop
  endfacet
  facet normal 0.368869 0.723894 -0.583021
    outer loop
      vertex -22.6233 6.23699 -2.26995
      vertex -22.5819 6 -2.53801
      vertex -22.7003 6 -2.61292
    endloop
  endfacet
  facet normal -0.308644 -0.048885 -0.94992
    outer loop
      vertex -26.27 2 -4.45503
      vertex -24.7822 2 -4.93844
      vertex -26.1589 1.29855 -4.45503
    endloop
  endfacet
  facet normal 0.987747 -0.156064 -5.96734e-19
    outer loop
      vertex -19.0932 1.8 0.782172
      vertex -19.0616 2 -0.782172
      vertex -19.0616 2 0.782172
    endloop
  endfacet
  facet normal 0.987747 -0.156064 -5.96734e-19
    outer loop
      vertex -19.0616 2 -0.782172
      vertex -19.0932 1.8 0.782172
      vertex -19.0932 1.8 -0.782172
    endloop
  endfacet
  facet normal 0.848384 0.43228 0.305577
    outer loop
      vertex -20.3958 4.6186 2.26995
      vertex -19.763 3.37668 2.26995
      vertex -20.0047 4.90274 0.782172
    endloop
  endfacet
  facet normal 0.723901 0.368852 0.583024
    outer loop
      vertex -21.1397 4.07813 3.53553
      vertex -19.763 3.37668 2.26995
      vertex -20.3958 4.6186 2.26995
    endloop
  endfacet
  facet normal 0.891021 0.453963 -6.32209e-18
    outer loop
      vertex -19.3033 3.52606 0.782172
      vertex -20.0047 4.90274 -0.782172
      vertex -20.0047 4.90274 0.782172
    endloop
  endfacet
  facet normal 0.891021 0.453963 -6.32209e-18
    outer loop
      vertex -20.0047 4.90274 -0.782172
      vertex -19.3033 3.52606 0.782172
      vertex -19.3033 3.52606 -0.782172
    endloop
  endfacet
  facet normal 0.802453 -0.127118 0.583018
    outer loop
      vertex -20.3626 1.8 3.35167
      vertex -19.545 2 2.26995
      vertex -20.4645 2 3.53553
    endloop
  endfacet
  facet normal 0.802458 -0.126788 0.583083
    outer loop
      vertex -19.545 2 2.26995
      vertex -20.3626 1.8 3.35167
      vertex -19.5766 1.8 2.26995
    endloop
  endfacet
  facet normal 0.802458 0.127071 0.583021
    outer loop
      vertex -20.4645 2 3.53553
      vertex -19.545 2 2.26995
      vertex -19.763 3.37668 2.26995
    endloop
  endfacet
  facet normal 0.528109 0.26888 0.805484
    outer loop
      vertex -21.5231 3.79954 3.8799
      vertex -21.4547 3.45999 3.9484
      vertex -21.1397 4.07813 3.53553
    endloop
  endfacet
  facet normal 0.269012 -0.528037 0.805487
    outer loop
      vertex -22.7972 -1.15926 3.63192
      vertex -22.9075 -1.36249 3.53553
      vertex -22.7288 -1.27145 3.53553
    endloop
  endfacet
  facet normal 0.268901 -0.528004 0.805545
    outer loop
      vertex -22.9075 -1.36249 3.53553
      vertex -22.7972 -1.15926 3.63192
      vertex -22.845 -0.968183 3.77312
    endloop
  endfacet
  facet normal -0.141894 0.278423 0.949919
    outer loop
      vertex -24.7015 4.15885 4.45503
      vertex -24.4597 2.63279 4.93844
      vertex -24.2417 2.74389 4.93844
    endloop
  endfacet
  facet normal 0.0926891 -0.585256 0.805533
    outer loop
      vertex -24 -1.53553 3.53553
      vertex -23.2985 -0.158853 4.45503
      vertex -24 -0.269952 4.45503
    endloop
  endfacet
  facet normal -0.247624 -0.247631 -0.936676
    outer loop
      vertex -31.0748 -0.836539 -2.67302
      vertex -25.8364 0.665755 -4.45503
      vertex -25.3342 0.163569 -4.45503
    endloop
  endfacet
  facet normal -0.200605 -0.393654 -0.897103
    outer loop
      vertex -30.7449 -1.1402 -2.67302
      vertex -25.3342 0.163569 -4.45503
      vertex -24.7015 -0.158853 -4.45503
    endloop
  endfacet
  facet normal -0.243556 -0.264601 -0.933095
    outer loop
      vertex -31.0748 -0.836539 -2.67302
      vertex -25.3342 0.163569 -4.45503
      vertex -30.7449 -1.1402 -2.67302
    endloop
  endfacet
  facet normal -0.278431 0.141865 -0.949921
    outer loop
      vertex -26.1589 2.70145 -4.45503
      vertex -24.6328 2.45975 -4.93844
      vertex -24.7439 2.2417 -4.93844
    endloop
  endfacet
  facet normal 0.0488816 -0.308648 -0.94992
    outer loop
      vertex -24 -0.269952 -4.45503
      vertex -24 1.21783 -4.93844
      vertex -23.2985 -0.158853 -4.45503
    endloop
  endfacet
  facet normal -0.220923 0.221 -0.949922
    outer loop
      vertex -24.6328 2.45975 -4.93844
      vertex -25.3342 3.83643 -4.45503
      vertex -24.4597 2.63279 -4.93844
    endloop
  endfacet
  facet normal -0.22097 0.220974 -0.949917
    outer loop
      vertex -25.3342 3.83643 -4.45503
      vertex -24.6328 2.45975 -4.93844
      vertex -25.8364 3.33424 -4.45503
    endloop
  endfacet
  facet normal -0.062234 -0.807448 -0.586647
    outer loop
      vertex -29.8248 -2.11407 -2.12132
      vertex -24 -1.53553 -3.53553
      vertex -24 -2.45503 -2.26995
    endloop
  endfacet
  facet normal -0.014329 -0.951383 -0.307677
    outer loop
      vertex -29.7793 -2.66389 -1.36197
      vertex -24 -2.93844 -0.782172
      vertex -29.7553 -2.95294 -0.469303
    endloop
  endfacet
  facet normal -0.0926891 -0.585256 -0.805533
    outer loop
      vertex -24.7015 -0.158853 -4.45503
      vertex -24 -0.269952 -4.45503
      vertex -24 -1.53553 -3.53553
    endloop
  endfacet
  facet normal -0.0489916 0.30857 -0.949939
    outer loop
      vertex -24 2.78217 -4.93844
      vertex -24.0376 2.9095 -4.89514
      vertex -24 2.81785 -4.92685
    endloop
  endfacet
  facet normal -0.0491263 0.308532 -0.949944
    outer loop
      vertex -24.7015 4.15885 -4.45503
      vertex -24.0376 2.9095 -4.89514
      vertex -24 2.78217 -4.93844
    endloop
  endfacet
  facet normal -0.04888 0.308675 -0.949911
    outer loop
      vertex -24.4844 4 -4.51782
      vertex -24.7015 4.15885 -4.45503
      vertex -24.4998 4.19079 -4.45503
    endloop
  endfacet
  facet normal -0.0489088 0.30864 -0.949921
    outer loop
      vertex -24.0376 2.9095 -4.89514
      vertex -24.7015 4.15885 -4.45503
      vertex -24.4844 4 -4.51782
    endloop
  endfacet
  facet normal -0.238225 -0.543099 -0.805166
    outer loop
      vertex -31.1603 -1.7759 -2.12132
      vertex -30.3343 -1.3203 -2.67302
      vertex -30.5208 -2.05641 -2.12132
    endloop
  endfacet
  facet normal -0.326512 -0.744374 -0.582493
    outer loop
      vertex -31.1603 -1.7759 -2.12132
      vertex -30.5208 -2.05641 -2.12132
      vertex -30.6562 -2.59123 -1.36197
    endloop
  endfacet
  facet normal -0.521578 -0.282297 -0.805149
    outer loop
      vertex -32.0064 -0.688791 -2.12132
      vertex -31.2882 -0.442231 -2.67302
      vertex -31.674 -1.30294 -2.12132
    endloop
  endfacet
  facet normal -0.521593 -0.282287 -0.805143
    outer loop
      vertex -31.674 -1.30294 -2.12132
      vertex -31.2882 -0.442231 -2.67302
      vertex -31.0748 -0.836539 -2.67302
    endloop
  endfacet
  facet normal -0.406563 0.220032 -0.886731
    outer loop
      vertex -31.2882 0.442231 -2.67302
      vertex -31.0748 0.836539 -2.67302
      vertex -25.8364 3.33424 -4.45503
    endloop
  endfacet
  facet normal -0.521593 0.282287 -0.805143
    outer loop
      vertex -31.674 1.30294 -2.12132
      vertex -31.0748 0.836539 -2.67302
      vertex -31.2882 0.442231 -2.67302
    endloop
  endfacet
  facet normal -0.0671207 -0.810049 0.582508
    outer loop
      vertex -30.6562 -2.59123 1.36197
      vertex -29.7793 -2.66389 1.36197
      vertex -29.8248 -2.11407 2.12132
    endloop
  endfacet
  facet normal -0.067109 -0.810056 0.582499
    outer loop
      vertex -30.6562 -2.59123 1.36197
      vertex -29.8248 -2.11407 2.12132
      vertex -30.5208 -2.05641 2.12132
    endloop
  endfacet
  facet normal -0.23822 -0.543105 0.805163
    outer loop
      vertex -31.1603 -1.7759 2.12132
      vertex -30.3343 -1.3203 2.67302
      vertex -30.7449 -1.1402 2.67302
    endloop
  endfacet
  facet normal -0.238225 -0.543099 0.805166
    outer loop
      vertex -31.1603 -1.7759 2.12132
      vertex -30.5208 -2.05641 2.12132
      vertex -30.3343 -1.3203 2.67302
    endloop
  endfacet
  facet normal -0.986352 -0.164648 5.54243e-19
    outer loop
      vertex -32.8025 -0.962105 -0.469303
      vertex -32.9631 0 0.469303
      vertex -32.9631 0 -0.469303
    endloop
  endfacet
  facet normal -0.986352 -0.164648 5.54243e-19
    outer loop
      vertex -32.9631 0 0.469303
      vertex -32.8025 -0.962105 -0.469303
      vertex -32.8025 -0.962105 0.469303
    endloop
  endfacet
  facet normal -0.127103 0.802452 0.583023
    outer loop
      vertex -24.9116 6 2.69753
      vertex -25.3767 6.23699 2.26995
      vertex -25.1304 6 2.64983
    endloop
  endfacet
  facet normal -0.12709 0.802451 0.583027
    outer loop
      vertex -25.1304 6 2.64983
      vertex -25.0925 5.36249 3.53553
      vertex -24.9397 5.38669 3.53553
    endloop
  endfacet
  facet normal -0.127112 0.802448 0.583026
    outer loop
      vertex -25.0925 5.36249 3.53553
      vertex -25.1304 6 2.64983
      vertex -25.3767 6.23699 2.26995
    endloop
  endfacet
  facet normal -0.368839 0.7239 0.583033
    outer loop
      vertex -26.0781 4.86031 3.53553
      vertex -25.0925 5.36249 3.53553
      vertex -25.3767 6.23699 2.26995
    endloop
  endfacet
  facet normal -0.939277 -0.156789 -0.305247
    outer loop
      vertex -32.9631 0 -0.469303
      vertex -32.673 0 -1.36197
      vertex -32.8025 -0.962105 -0.469303
    endloop
  endfacet
  facet normal -0.714848 -0.386902 -0.582493
    outer loop
      vertex -32.5282 -0.867928 -1.36197
      vertex -32.0064 -0.688791 -2.12132
      vertex -31.674 -1.30294 -2.12132
    endloop
  endfacet
  facet normal -0.879492 0.475914 1.46134e-17
    outer loop
      vertex -32.8025 0.962105 -0.469303
      vertex -32.3383 1.81995 0.469303
      vertex -32.3383 1.81995 -0.469303
    endloop
  endfacet
  facet normal -0.879492 0.475914 1.46134e-17
    outer loop
      vertex -32.3383 1.81995 0.469303
      vertex -32.8025 0.962105 -0.469303
      vertex -32.8025 0.962105 0.469303
    endloop
  endfacet
  facet normal -0.714848 -0.386902 0.582493
    outer loop
      vertex -32.5282 -0.867928 1.36197
      vertex -31.674 -1.30294 2.12132
      vertex -32.0064 -0.688791 2.12132
    endloop
  endfacet
  facet normal -0.939316 -0.15671 0.305167
    outer loop
      vertex -32.8025 -0.962105 0.469303
      vertex -32.5282 -0.867928 1.36197
      vertex -32.673 0 1.36197
    endloop
  endfacet
  facet normal -0.837509 0.453239 -0.305209
    outer loop
      vertex -32.5282 0.867928 -1.36197
      vertex -32.3383 1.81995 -0.469303
      vertex -32.1094 1.6418 -1.36197
    endloop
  endfacet
  facet normal -0.71485 0.386859 -0.58252
    outer loop
      vertex -32.5282 0.867928 -1.36197
      vertex -32.1094 1.6418 -1.36197
      vertex -31.674 1.30294 -2.12132
    endloop
  endfacet
  facet normal -0.677249 0.735754 0
    outer loop
      vertex -31.6206 2.48058 -0.469303
      vertex -32.3383 1.81995 0.469303
      vertex -31.6206 2.48058 0.469303
    endloop
  endfacet
  facet normal -0.677249 0.735754 0
    outer loop
      vertex -32.3383 1.81995 0.469303
      vertex -31.6206 2.48058 -0.469303
      vertex -32.3383 1.81995 -0.469303
    endloop
  endfacet
  facet normal -0.141884 0.278425 0.94992
    outer loop
      vertex -25.3342 3.83643 4.45503
      vertex -24.4597 2.63279 4.93844
      vertex -24.7015 4.15885 4.45503
    endloop
  endfacet
  facet normal -0.0926762 0.585247 0.805541
    outer loop
      vertex -24.7015 4.15885 4.45503
      vertex -24.4998 4.19079 4.45503
      vertex -24.5817 4.39389 4.29805
    endloop
  endfacet
  facet normal -0.644965 0.700635 0.305175
    outer loop
      vertex -32.1094 1.6418 1.36197
      vertex -31.462 2.23776 1.36197
      vertex -31.6206 2.48058 0.469303
    endloop
  endfacet
  facet normal -0.453559 0.37413 0.808895
    outer loop
      vertex -31.674 1.30294 2.12132
      vertex -31.0748 0.836539 2.67302
      vertex -25.8364 3.33424 4.45503
    endloop
  endfacet
  facet normal -0.247624 -0.247631 0.936676
    outer loop
      vertex -31.0748 -0.836539 2.67302
      vertex -25.3342 0.163569 4.45503
      vertex -25.8364 0.665755 4.45503
    endloop
  endfacet
  facet normal -0.279239 -0.151125 0.948255
    outer loop
      vertex -31.2882 -0.442231 2.67302
      vertex -31.0748 -0.836539 2.67302
      vertex -25.8364 0.665755 4.45503
    endloop
  endfacet
  facet normal -0.58498 0.097622 0.805151
    outer loop
      vertex -32.0064 0.688791 2.12132
      vertex -31.362 0 2.67302
      vertex -31.2882 0.442231 2.67302
    endloop
  endfacet
  facet normal -0.350506 0.0584928 0.934732
    outer loop
      vertex -31.362 0 2.67302
      vertex -26.1589 2.70145 4.45503
      vertex -31.2882 0.442231 2.67302
    endloop
  endfacet
  facet normal -0.71485 0.386859 0.58252
    outer loop
      vertex -32.5282 0.867928 1.36197
      vertex -31.674 1.30294 2.12132
      vertex -32.1094 1.6418 1.36197
    endloop
  endfacet
  facet normal -0.0926762 0.585247 -0.805541
    outer loop
      vertex -24.7015 4.15885 -4.45503
      vertex -24.5817 4.39389 -4.29805
      vertex -24.4998 4.19079 -4.45503
    endloop
  endfacet
  facet normal 0.432284 0.84839 -0.305557
    outer loop
      vertex -22.6233 6.23699 -2.26995
      vertex -21.0973 5.99528 -0.782172
      vertex -21.3814 5.6042 -2.26995
    endloop
  endfacet
  facet normal 0.432298 0.848376 -0.305574
    outer loop
      vertex -22.6233 6.23699 -2.26995
      vertex -22.4739 6.69674 -0.782172
      vertex -21.0973 5.99528 -0.782172
    endloop
  endfacet
  facet normal 0.419034 0.419016 -0.805504
    outer loop
      vertex -21.8675 4.80596 -3.53553
      vertex -21.1397 4.07813 -3.53553
      vertex -21.5231 3.79954 -3.8799
    endloop
  endfacet
  facet normal -0.368839 0.7239 -0.583033
    outer loop
      vertex -26.0781 4.86031 -3.53553
      vertex -25.3767 6.23699 -2.26995
      vertex -25.0925 5.36249 -3.53553
    endloop
  endfacet
  facet normal -0.0927272 0.585262 -0.805525
    outer loop
      vertex -24.7015 4.15885 -4.45503
      vertex -24.6255 4.50255 -4.21406
      vertex -24.5817 4.39389 -4.29805
    endloop
  endfacet
  facet normal -0.0926957 0.585259 -0.80553
    outer loop
      vertex -25.0925 5.36249 -3.53553
      vertex -24.6255 4.50255 -4.21406
      vertex -24.7015 4.15885 -4.45503
    endloop
  endfacet
  facet normal -0.0926984 0.585302 -0.805499
    outer loop
      vertex -24.9292 5.2557 -3.63192
      vertex -25.0925 5.36249 -3.53553
      vertex -24.9397 5.38669 -3.53553
    endloop
  endfacet
  facet normal -0.0927738 0.585228 -0.805544
    outer loop
      vertex -24.6255 4.50255 -4.21406
      vertex -25.0925 5.36249 -3.53553
      vertex -24.9292 5.2557 -3.63192
    endloop
  endfacet
  facet normal -0.141893 -0.278423 -0.949919
    outer loop
      vertex -24.7015 -0.158853 -4.45503
      vertex -24.4597 1.36721 -4.93844
      vertex -24.2417 1.25611 -4.93844
    endloop
  endfacet
  facet normal -0.308634 -0.0489065 -0.949923
    outer loop
      vertex -26.1589 1.29855 -4.45503
      vertex -24.7822 2 -4.93844
      vertex -24.7439 1.7583 -4.93844
    endloop
  endfacet
  facet normal -0.278431 -0.141865 -0.949921
    outer loop
      vertex -26.1589 1.29855 -4.45503
      vertex -24.7439 1.7583 -4.93844
      vertex -24.6328 1.54025 -4.93844
    endloop
  endfacet
  facet normal 0.802461 0.127067 0.583019
    outer loop
      vertex -20.6375 3.09254 3.53553
      vertex -20.4645 2 3.53553
      vertex -19.763 3.37668 2.26995
    endloop
  endfacet
  facet normal -0.0488831 0.308648 0.949919
    outer loop
      vertex -24.7015 4.15885 4.45503
      vertex -24.2417 2.74389 4.93844
      vertex -24 2.78217 4.93844
    endloop
  endfacet
  facet normal 0.0482677 0.308581 0.949973
    outer loop
      vertex -24 2.78217 4.93844
      vertex -23.9922 2.79742 4.93309
      vertex -24 2.81785 4.92685
    endloop
  endfacet
  facet normal 0.368803 -0.723913 0.583039
    outer loop
      vertex -22.9075 -1.36249 3.53553
      vertex -22.49 -1.97543 2.5104
      vertex -22.7288 -1.27145 3.53553
    endloop
  endfacet
  facet normal 0.368781 -0.723925 0.583037
    outer loop
      vertex -22.49 -1.97543 2.5104
      vertex -22.9075 -1.36249 3.53553
      vertex -22.6233 -2.23699 2.26995
    endloop
  endfacet
  facet normal 0.127099 -0.802451 0.583025
    outer loop
      vertex -24 -1.53553 3.53553
      vertex -22.6233 -2.23699 2.26995
      vertex -22.9075 -1.36249 3.53553
    endloop
  endfacet
  facet normal -0.0926986 -0.585259 0.80553
    outer loop
      vertex -25.0925 -1.36249 3.53553
      vertex -24 -1.53553 3.53553
      vertex -24.7015 -0.158853 4.45503
    endloop
  endfacet
  facet normal -0.137323 -0.572757 0.808141
    outer loop
      vertex -30.5208 -2.05641 2.12132
      vertex -25.0925 -1.36249 3.53553
      vertex -24.7015 -0.158853 4.45503
    endloop
  endfacet
  facet normal -0.308634 0.0489065 -0.949923
    outer loop
      vertex -26.1589 2.70145 -4.45503
      vertex -24.7439 2.2417 -4.93844
      vertex -24.7822 2 -4.93844
    endloop
  endfacet
  facet normal -0.0488831 0.308648 -0.949919
    outer loop
      vertex -24.7015 4.15885 -4.45503
      vertex -24 2.78217 -4.93844
      vertex -24.2417 2.74389 -4.93844
    endloop
  endfacet
  facet normal 0.221505 -0.220665 -0.949865
    outer loop
      vertex -23.5402 1.36721 -4.93844
      vertex -23.5175 1.38397 -4.93704
      vertex -23.4966 1.30715 -4.91432
    endloop
  endfacet
  facet normal 0.223597 -0.223597 -0.948688
    outer loop
      vertex -23.5175 1.38397 -4.93704
      vertex -23.5402 1.36721 -4.93844
      vertex -23.5187 1.38871 -4.93844
    endloop
  endfacet
  facet normal -0.141894 0.278423 -0.949919
    outer loop
      vertex -24.7015 4.15885 -4.45503
      vertex -24.2417 2.74389 -4.93844
      vertex -24.4597 2.63279 -4.93844
    endloop
  endfacet
  facet normal 0.156428 -0.987689 0
    outer loop
      vertex -24 -2.93844 -0.782172
      vertex -22.4739 -2.69674 0.782172
      vertex -24 -2.93844 0.782172
    endloop
  endfacet
  facet normal 0.156428 -0.987689 0
    outer loop
      vertex -22.4739 -2.69674 0.782172
      vertex -24 -2.93844 -0.782172
      vertex -22.4739 -2.69674 -0.782172
    endloop
  endfacet
  facet normal 0.148947 -0.940447 -0.305572
    outer loop
      vertex -24 -2.45503 -2.26995
      vertex -22.6233 -2.23699 -2.26995
      vertex -22.4739 -2.69674 -0.782172
    endloop
  endfacet
  facet normal 0.268952 -0.528003 -0.805529
    outer loop
      vertex -23.2985 -0.158853 -4.45503
      vertex -22.845 -0.968183 -3.77312
      vertex -22.9075 -1.36249 -3.53553
    endloop
  endfacet
  facet normal 0.269058 -0.527946 -0.805532
    outer loop
      vertex -22.845 -0.968183 -3.77312
      vertex -23.2985 -0.158853 -4.45503
      vertex -23.0758 -0.0453581 -4.45503
    endloop
  endfacet
  facet normal 0.0926986 -0.585259 -0.80553
    outer loop
      vertex -24 -1.53553 -3.53553
      vertex -23.2985 -0.158853 -4.45503
      vertex -22.9075 -1.36249 -3.53553
    endloop
  endfacet
  facet normal -0.137323 -0.572757 -0.808141
    outer loop
      vertex -30.5208 -2.05641 -2.12132
      vertex -24.7015 -0.158853 -4.45503
      vertex -25.0925 -1.36249 -3.53553
    endloop
  endfacet
  facet normal -0.106015 -0.669336 -0.735357
    outer loop
      vertex -30.5208 -2.05641 -2.12132
      vertex -25.0925 -1.36249 -3.53553
      vertex -24 -1.53553 -3.53553
    endloop
  endfacet
  facet normal -0.138134 -0.571338 -0.809007
    outer loop
      vertex -30.5208 -2.05641 -2.12132
      vertex -30.3343 -1.3203 -2.67302
      vertex -24.7015 -0.158853 -4.45503
    endloop
  endfacet
  facet normal -0.189692 -0.432468 -0.881469
    outer loop
      vertex -30.7449 -1.1402 -2.67302
      vertex -24.7015 -0.158853 -4.45503
      vertex -30.3343 -1.3203 -2.67302
    endloop
  endfacet
  facet normal -0.801749 -0.133743 -0.582505
    outer loop
      vertex -32.673 0 -1.36197
      vertex -32.1213 0 -2.12132
      vertex -32.0064 -0.688791 -2.12132
    endloop
  endfacet
  facet normal -0.801754 -0.13376 -0.582494
    outer loop
      vertex -32.673 0 -1.36197
      vertex -32.0064 -0.688791 -2.12132
      vertex -32.5282 -0.867928 -1.36197
    endloop
  endfacet
  facet normal -0.837537 -0.453211 -0.305174
    outer loop
      vertex -32.8025 -0.962105 -0.469303
      vertex -32.5282 -0.867928 -1.36197
      vertex -32.3383 -1.81995 -0.469303
    endloop
  endfacet
  facet normal -0.837509 -0.453239 -0.305209
    outer loop
      vertex -32.5282 -0.867928 -1.36197
      vertex -32.1094 -1.6418 -1.36197
      vertex -32.3383 -1.81995 -0.469303
    endloop
  endfacet
  facet normal -0.58498 -0.097622 0.805151
    outer loop
      vertex -32.0064 -0.688791 2.12132
      vertex -31.2882 -0.442231 2.67302
      vertex -31.362 0 2.67302
    endloop
  endfacet
  facet normal -0.585005 -0.097587 0.805137
    outer loop
      vertex -32.1213 0 2.12132
      vertex -32.0064 -0.688791 2.12132
      vertex -31.362 0 2.67302
    endloop
  endfacet
  facet normal -0.550501 0.598018 0.582515
    outer loop
      vertex -32.1094 1.6418 1.36197
      vertex -31.674 1.30294 2.12132
      vertex -31.462 2.23776 1.36197
    endloop
  endfacet
  facet normal -0.5213 0.566204 0.638481
    outer loop
      vertex -31.674 1.30294 2.12132
      vertex -26.0781 4.86031 3.53553
      vertex -31.1603 1.7759 2.12132
    endloop
  endfacet
  facet normal -0.281064 -0.143243 0.948939
    outer loop
      vertex -31.2882 -0.442231 2.67302
      vertex -25.8364 0.665755 4.45503
      vertex -26.1589 1.29855 4.45503
    endloop
  endfacet
  facet normal -0.308644 -0.048885 0.94992
    outer loop
      vertex -26.27 2 4.45503
      vertex -26.1589 1.29855 4.45503
      vertex -24.7822 2 4.93844
    endloop
  endfacet
  facet normal -0.349092 0.0552913 0.935456
    outer loop
      vertex -31.362 0 2.67302
      vertex -26.27 2 4.45503
      vertex -26.1589 2.70145 4.45503
    endloop
  endfacet
  facet normal -0.048883 -0.308647 0.94992
    outer loop
      vertex -24.7015 -0.158853 4.45503
      vertex -24 1.21783 4.93844
      vertex -24.2417 1.25611 4.93844
    endloop
  endfacet
  facet normal -0.0488816 -0.308648 0.94992
    outer loop
      vertex -24.7015 -0.158853 4.45503
      vertex -24 -0.269952 4.45503
      vertex -24 1.21783 4.93844
    endloop
  endfacet
  facet normal -0.269014 0.527978 -0.805525
    outer loop
      vertex -26.0781 4.86031 -3.53553
      vertex -25.0925 5.36249 -3.53553
      vertex -24.7015 4.15885 -4.45503
    endloop
  endfacet
  facet normal -0.269038 0.527947 -0.805537
    outer loop
      vertex -26.0781 4.86031 -3.53553
      vertex -24.7015 4.15885 -4.45503
      vertex -25.3342 3.83643 -4.45503
    endloop
  endfacet
  facet normal 0.7239 0.368858 -0.58302
    outer loop
      vertex -21.1397 4.07813 -3.53553
      vertex -19.763 3.37668 -2.26995
      vertex -20.6375 3.09254 -3.53553
    endloop
  endfacet
  facet normal 0.723901 0.368852 -0.583024
    outer loop
      vertex -21.1397 4.07813 -3.53553
      vertex -20.3958 4.6186 -2.26995
      vertex -19.763 3.37668 -2.26995
    endloop
  endfacet
  facet normal 0.141838 -0.278442 -0.949922
    outer loop
      vertex -23.7583 1.25611 -4.93844
      vertex -23.5402 1.36721 -4.93844
      vertex -23.2985 -0.158853 -4.45503
    endloop
  endfacet
  facet normal 0.58525 0.0926724 0.805539
    outer loop
      vertex -20.6375 3.09254 3.53553
      vertex -21.3057 2.42861 4.09738
      vertex -20.4645 2 3.53553
    endloop
  endfacet
  facet normal 0.585279 0.0926299 0.805523
    outer loop
      vertex -21.3057 2.42861 4.09738
      vertex -20.6375 3.09254 3.53553
      vertex -21.3348 2.86597 4.06823
    endloop
  endfacet
  facet normal 0.527943 0.269009 0.80555
    outer loop
      vertex -21.4547 3.45999 3.9484
      vertex -20.6375 3.09254 3.53553
      vertex -21.1397 4.07813 3.53553
    endloop
  endfacet
  facet normal 0.527954 0.269061 0.805525
    outer loop
      vertex -20.6375 3.09254 3.53553
      vertex -21.4547 3.45999 3.9484
      vertex -21.3348 2.86597 4.06823
    endloop
  endfacet
  facet normal 0.58521 -0.0924632 0.805593
    outer loop
      vertex -20.857 1.8 3.7977
      vertex -20.4961 1.8 3.53553
      vertex -20.4645 2 3.53553
    endloop
  endfacet
  facet normal 0.585272 0.0927471 0.805515
    outer loop
      vertex -21.3057 2.42861 4.09738
      vertex -21.2771 2 4.12595
      vertex -20.4645 2 3.53553
    endloop
  endfacet
  facet normal 0.269058 -0.527946 0.805532
    outer loop
      vertex -23.2985 -0.158853 4.45503
      vertex -22.845 -0.968183 3.77312
      vertex -23.0758 -0.0453581 4.45503
    endloop
  endfacet
  facet normal 0.268952 -0.528003 0.805529
    outer loop
      vertex -22.845 -0.968183 3.77312
      vertex -23.2985 -0.158853 4.45503
      vertex -22.9075 -1.36249 3.53553
    endloop
  endfacet
  facet normal 0.141909 -0.278454 0.949908
    outer loop
      vertex -23.2269 0.202399 4.55023
      vertex -23.2985 -0.158853 4.45503
      vertex -23.0758 -0.0453581 4.45503
    endloop
  endfacet
  facet normal 0.142011 -0.278391 0.949911
    outer loop
      vertex -23.5402 1.36721 4.93844
      vertex -23.2269 0.202399 4.55023
      vertex -23.4966 1.30715 4.91432
    endloop
  endfacet
  facet normal 0.141834 -0.278443 0.949923
    outer loop
      vertex -23.2269 0.202399 4.55023
      vertex -23.5402 1.36721 4.93844
      vertex -23.2985 -0.158853 4.45503
    endloop
  endfacet
  facet normal -0.220923 0.221 0.949922
    outer loop
      vertex -25.3342 3.83643 4.45503
      vertex -24.6328 2.45975 4.93844
      vertex -24.4597 2.63279 4.93844
    endloop
  endfacet
  facet normal -0.22097 0.220974 0.949917
    outer loop
      vertex -24.6328 2.45975 4.93844
      vertex -25.3342 3.83643 4.45503
      vertex -25.8364 3.33424 4.45503
    endloop
  endfacet
  facet normal 0 0 1
    outer loop
      vertex -23.8764 2.09064 4.93844
      vertex -23.5402 1.36721 4.93844
      vertex -23.5187 1.38871 4.93844
    endloop
  endfacet
  facet normal 0 0 1
    outer loop
      vertex -23.5402 1.36721 4.93844
      vertex -23.8764 2.09064 4.93844
      vertex -23.7583 1.25611 4.93844
    endloop
  endfacet
  facet normal 0 0 1
    outer loop
      vertex -24 2.78217 4.93844
      vertex -23.8764 2.09064 4.93844
      vertex -23.9856 2.77989 4.93844
    endloop
  endfacet
  facet normal 0 0 1
    outer loop
      vertex -23.8764 2.09064 4.93844
      vertex -24 2.78217 4.93844
      vertex -24.2417 2.74389 4.93844
    endloop
  endfacet
  facet normal 0 0 1
    outer loop
      vertex -23.8764 2.09064 4.93844
      vertex -24 1.21783 4.93844
      vertex -23.7583 1.25611 4.93844
    endloop
  endfacet
  facet normal -0 0 1
    outer loop
      vertex -24.4597 2.63279 4.93844
      vertex -23.8764 2.09064 4.93844
      vertex -24.2417 2.74389 4.93844
    endloop
  endfacet
  facet normal 0 0 1
    outer loop
      vertex -23.8764 2.09064 4.93844
      vertex -24.2417 1.25611 4.93844
      vertex -24 1.21783 4.93844
    endloop
  endfacet
  facet normal -0 0 1
    outer loop
      vertex -24.6328 2.45975 4.93844
      vertex -23.8764 2.09064 4.93844
      vertex -24.4597 2.63279 4.93844
    endloop
  endfacet
  facet normal 0 0 1
    outer loop
      vertex -23.8764 2.09064 4.93844
      vertex -24.4597 1.36721 4.93844
      vertex -24.2417 1.25611 4.93844
    endloop
  endfacet
  facet normal -0 0 1
    outer loop
      vertex -24.7439 2.2417 4.93844
      vertex -23.8764 2.09064 4.93844
      vertex -24.6328 2.45975 4.93844
    endloop
  endfacet
  facet normal 0 0 1
    outer loop
      vertex -23.8764 2.09064 4.93844
      vertex -24.6328 1.54025 4.93844
      vertex -24.4597 1.36721 4.93844
    endloop
  endfacet
  facet normal 0 0 1
    outer loop
      vertex -24.7822 2 4.93844
      vertex -23.8764 2.09064 4.93844
      vertex -24.7439 2.2417 4.93844
    endloop
  endfacet
  facet normal 0 0 1
    outer loop
      vertex -23.8764 2.09064 4.93844
      vertex -24.7439 1.7583 4.93844
      vertex -24.6328 1.54025 4.93844
    endloop
  endfacet
  facet normal 0 0 1
    outer loop
      vertex -23.8764 2.09064 4.93844
      vertex -24.7822 2 4.93844
      vertex -24.7439 1.7583 4.93844
    endloop
  endfacet
  facet normal 0.432258 -0.848401 -0.305564
    outer loop
      vertex -22.6233 -2.23699 -2.26995
      vertex -22.4264 -2.13667 -2.26995
      vertex -22.4264 -2.2058 -2.07801
    endloop
  endfacet
  facet normal 0.148946 -0.940448 -0.305571
    outer loop
      vertex -24 -2.93844 -0.782172
      vertex -24 -2.45503 -2.26995
      vertex -22.4739 -2.69674 -0.782172
    endloop
  endfacet
  facet normal -0.0141775 -0.950961 -0.308987
    outer loop
      vertex -29.7793 -2.66389 -1.36197
      vertex -24 -2.45503 -2.26995
      vertex -24 -2.93844 -0.782172
    endloop
  endfacet
  facet normal -0.066121 -0.798131 -0.598845
    outer loop
      vertex -30.5208 -2.05641 -2.12132
      vertex -24 -1.53553 -3.53553
      vertex -29.8248 -2.11407 -2.12132
    endloop
  endfacet
  facet normal -0.067109 -0.810056 -0.582499
    outer loop
      vertex -30.6562 -2.59123 -1.36197
      vertex -30.5208 -2.05641 -2.12132
      vertex -29.8248 -2.11407 -2.12132
    endloop
  endfacet
  facet normal 0 0 -1
    outer loop
      vertex -23.8764 2.09064 -4.93844
      vertex -23.5402 1.36721 -4.93844
      vertex -23.7583 1.25611 -4.93844
    endloop
  endfacet
  facet normal 0 0 -1
    outer loop
      vertex -23.5402 1.36721 -4.93844
      vertex -23.8764 2.09064 -4.93844
      vertex -23.5187 1.38871 -4.93844
    endloop
  endfacet
  facet normal 0 0 -1
    outer loop
      vertex -24 1.21783 -4.93844
      vertex -23.8764 2.09064 -4.93844
      vertex -23.7583 1.25611 -4.93844
    endloop
  endfacet
  facet normal 0 0 -1
    outer loop
      vertex -24.2417 1.25611 -4.93844
      vertex -23.8764 2.09064 -4.93844
      vertex -24 1.21783 -4.93844
    endloop
  endfacet
  facet normal 0 0 -1
    outer loop
      vertex -24.4597 1.36721 -4.93844
      vertex -23.8764 2.09064 -4.93844
      vertex -24.2417 1.25611 -4.93844
    endloop
  endfacet
  facet normal 0 -0 -1
    outer loop
      vertex -24 2.78217 -4.93844
      vertex -23.8764 2.09064 -4.93844
      vertex -24.2417 2.74389 -4.93844
    endloop
  endfacet
  facet normal 0 0 -1
    outer loop
      vertex -23.8764 2.09064 -4.93844
      vertex -24 2.78217 -4.93844
      vertex -23.9856 2.77989 -4.93844
    endloop
  endfacet
  facet normal 0 0 -1
    outer loop
      vertex -24.6328 1.54025 -4.93844
      vertex -23.8764 2.09064 -4.93844
      vertex -24.4597 1.36721 -4.93844
    endloop
  endfacet
  facet normal 0 0 -1
    outer loop
      vertex -23.8764 2.09064 -4.93844
      vertex -24.4597 2.63279 -4.93844
      vertex -24.2417 2.74389 -4.93844
    endloop
  endfacet
  facet normal 0 0 -1
    outer loop
      vertex -24.7439 1.7583 -4.93844
      vertex -23.8764 2.09064 -4.93844
      vertex -24.6328 1.54025 -4.93844
    endloop
  endfacet
  facet normal 0 0 -1
    outer loop
      vertex -23.8764 2.09064 -4.93844
      vertex -24.6328 2.45975 -4.93844
      vertex -24.4597 2.63279 -4.93844
    endloop
  endfacet
  facet normal 0 0 -1
    outer loop
      vertex -24.7822 2 -4.93844
      vertex -23.8764 2.09064 -4.93844
      vertex -24.7439 1.7583 -4.93844
    endloop
  endfacet
  facet normal 0 0 -1
    outer loop
      vertex -23.8764 2.09064 -4.93844
      vertex -24.7439 2.2417 -4.93844
      vertex -24.6328 2.45975 -4.93844
    endloop
  endfacet
  facet normal -0 0 -1
    outer loop
      vertex -23.8764 2.09064 -4.93844
      vertex -24.7822 2 -4.93844
      vertex -24.7439 2.2417 -4.93844
    endloop
  endfacet
  facet normal 0.368781 -0.723925 -0.583037
    outer loop
      vertex -22.9075 -1.36249 -3.53553
      vertex -22.49 -1.97543 -2.5104
      vertex -22.6233 -2.23699 -2.26995
    endloop
  endfacet
  facet normal 0.368803 -0.723913 -0.583039
    outer loop
      vertex -22.49 -1.97543 -2.5104
      vertex -22.9075 -1.36249 -3.53553
      vertex -22.7288 -1.27145 -3.53553
    endloop
  endfacet
  facet normal 0.268901 -0.528004 -0.805545
    outer loop
      vertex -22.7972 -1.15926 -3.63192
      vertex -22.9075 -1.36249 -3.53553
      vertex -22.845 -0.968183 -3.77312
    endloop
  endfacet
  facet normal 0.269012 -0.528037 -0.805487
    outer loop
      vertex -22.9075 -1.36249 -3.53553
      vertex -22.7972 -1.15926 -3.63192
      vertex -22.7288 -1.27145 -3.53553
    endloop
  endfacet
  facet normal -0.801749 -0.133743 0.582505
    outer loop
      vertex -32.673 0 1.36197
      vertex -32.0064 -0.688791 2.12132
      vertex -32.1213 0 2.12132
    endloop
  endfacet
  facet normal -0.585005 0.097587 0.805137
    outer loop
      vertex -32.1213 0 2.12132
      vertex -31.362 0 2.67302
      vertex -32.0064 0.688791 2.12132
    endloop
  endfacet
  facet normal -0.312537 -0.0495015 0.948615
    outer loop
      vertex -31.362 0 2.67302
      vertex -26.1589 1.29855 4.45503
      vertex -26.27 2 4.45503
    endloop
  endfacet
  facet normal -0.311922 -0.052054 0.948681
    outer loop
      vertex -31.362 0 2.67302
      vertex -31.2882 -0.442231 2.67302
      vertex -26.1589 1.29855 4.45503
    endloop
  endfacet
  facet normal 0.0488173 0.30832 0.950029
    outer loop
      vertex -24 2.78217 4.93844
      vertex -23.9856 2.77989 4.93844
      vertex -23.9922 2.79742 4.93309
    endloop
  endfacet
  facet normal -0.534267 0.611154 0.583994
    outer loop
      vertex -31.462 2.23776 1.36197
      vertex -31.1603 1.7759 2.12132
      vertex -26.6186 5.6042 2.26995
    endloop
  endfacet
  facet normal -0.53327 0.609884 0.586229
    outer loop
      vertex -31.1603 1.7759 2.12132
      vertex -26.0781 4.86031 3.53553
      vertex -26.6186 5.6042 2.26995
    endloop
  endfacet
  facet normal 0.141838 -0.278442 0.949922
    outer loop
      vertex -23.7583 1.25611 4.93844
      vertex -23.2985 -0.158853 4.45503
      vertex -23.5402 1.36721 4.93844
    endloop
  endfacet
  facet normal 0.048883 -0.308647 0.94992
    outer loop
      vertex -24 1.21783 4.93844
      vertex -23.2985 -0.158853 4.45503
      vertex -23.7583 1.25611 4.93844
    endloop
  endfacet
  facet normal 0.802655 -0.12682 0.582805
    outer loop
      vertex -20.4961 1.8 3.53553
      vertex -20.3626 1.8 3.35167
      vertex -20.4645 2 3.53553
    endloop
  endfacet
  facet normal -0.141884 -0.278425 0.94992
    outer loop
      vertex -25.3342 0.163569 4.45503
      vertex -24.7015 -0.158853 4.45503
      vertex -24.4597 1.36721 4.93844
    endloop
  endfacet
  facet normal -0.278431 -0.141865 0.949921
    outer loop
      vertex -26.1589 1.29855 4.45503
      vertex -24.6328 1.54025 4.93844
      vertex -24.7439 1.7583 4.93844
    endloop
  endfacet
  facet normal -0.220923 -0.221 0.949922
    outer loop
      vertex -24.6328 1.54025 4.93844
      vertex -25.3342 0.163569 4.45503
      vertex -24.4597 1.36721 4.93844
    endloop
  endfacet
  facet normal -0.220969 -0.220975 0.949917
    outer loop
      vertex -25.3342 0.163569 4.45503
      vertex -24.6328 1.54025 4.93844
      vertex -25.8364 0.665755 4.45503
    endloop
  endfacet
  facet normal -0.141893 -0.278423 0.949919
    outer loop
      vertex -24.7015 -0.158853 4.45503
      vertex -24.2417 1.25611 4.93844
      vertex -24.4597 1.36721 4.93844
    endloop
  endfacet
  facet normal -0.062297 -0.810166 -0.582881
    outer loop
      vertex -29.8248 -2.11407 -2.12132
      vertex -24 -2.45503 -2.26995
      vertex -29.7793 -2.66389 -1.36197
    endloop
  endfacet
  facet normal -0.0671207 -0.810049 -0.582508
    outer loop
      vertex -30.6562 -2.59123 -1.36197
      vertex -29.8248 -2.11407 -2.12132
      vertex -29.7793 -2.66389 -1.36197
    endloop
  endfacet
  facet normal 0.585275 -0.0926878 0.805519
    outer loop
      vertex -21.2771 2 4.12595
      vertex -20.857 1.8 3.7977
      vertex -20.4645 2 3.53553
    endloop
  endfacet
  facet normal 0.585304 -0.0926098 0.805508
    outer loop
      vertex -20.857 1.8 3.7977
      vertex -21.2771 2 4.12595
      vertex -21.2904 1.8 4.11262
    endloop
  endfacet
  facet normal -0.278424 -0.141897 0.949918
    outer loop
      vertex -26.1589 1.29855 4.45503
      vertex -25.8364 0.665755 4.45503
      vertex -24.6328 1.54025 4.93844
    endloop
  endfacet
  facet normal 0.0488173 0.30832 -0.950029
    outer loop
      vertex -24 2.78217 -4.93844
      vertex -23.9922 2.79742 -4.93309
      vertex -23.9856 2.77989 -4.93844
    endloop
  endfacet
  facet normal 0.432276 0.848389 -0.305569
    outer loop
      vertex 1.06824 9.28772 7.45248
      vertex 2.03192 8.7967 7.45248
      vertex 1.83302 8.52294 6.41103
    endloop
  endfacet
  facet normal 0.574494 0.574494 0.58302
    outer loop
      vertex 2.35596 8 9.58897
      vertex 1.83302 8.52294 9.58897
      vertex 1.93883 8 10
    endloop
  endfacet
  facet normal 0.574502 0.574502 0.583006
    outer loop
      vertex 1.93883 8 10
      vertex 2.00221 7.45469 10.4749
      vertex 2.28134 7.65749 10
    endloop
  endfacet
  facet normal 0.574507 0.57449 0.583012
    outer loop
      vertex 1.45469 8.00221 10.4749
      vertex 1.93883 8 10
      vertex 1.83302 8.52294 9.58897
    endloop
  endfacet
  facet normal 0.574502 0.574502 0.583006
    outer loop
      vertex 1.93883 8 10
      vertex 1.45469 8.00221 10.4749
      vertex 2.00221 7.45469 10.4749
    endloop
  endfacet
  facet normal 0.127097 -0.802453 -0.583022
    outer loop
      vertex 0 2.88148 6.41103
      vertex 0 3.52513 5.52513
      vertex 0.764777 3.64626 5.52513
    endloop
  endfacet
  facet normal 0.148951 -0.940446 0.305573
    outer loop
      vertex 0 2.88148 9.58897
      vertex 1.06824 2.71228 8.54752
      vertex 0.963676 3.03411 9.58897
    endloop
  endfacet
  facet normal -0.127095 0.802453 -0.583024
    outer loop
      vertex -0.963676 8.96589 6.41103
      vertex 0 9.11852 6.41103
      vertex -0.764777 8.35374 5.52513
    endloop
  endfacet
  facet normal 0.0926845 0.585263 -0.805529
    outer loop
      vertex 0 8 5.18011
      vertex 0 8.47487 5.52513
      vertex 0.24196 8 5.20795
    endloop
  endfacet
  facet normal -0.368845 -0.723904 -0.583024
    outer loop
      vertex -1.83302 3.47706 6.41103
      vertex -0.764777 3.64626 5.52513
      vertex -0.963676 3.03411 6.41103
    endloop
  endfacet
  facet normal 0.148951 0.940446 0.305573
    outer loop
      vertex 0 9.11852 9.58897
      vertex 0.963676 8.96589 9.58897
      vertex 1.06824 9.28772 8.54752
    endloop
  endfacet
  facet normal 0.0926917 0.585229 0.805553
    outer loop
      vertex 0 7.58897 11.1185
      vertex 0.491017 7.5112 11.1185
      vertex 0 8.47487 10.4749
    endloop
  endfacet
  facet normal 0.221031 -0.221031 0.94989
    outer loop
      vertex 0.726542 5 11.2332
      vertex 0.93397 4.7145 11.1185
      vertex 1.21947 5 11.1185
    endloop
  endfacet
  facet normal -0.0488788 -0.308694 0.949905
    outer loop
      vertex -0.0932826 5 11.3051
      vertex 0 4.41103 11.1185
      vertex 0 5 11.3099
    endloop
  endfacet
  facet normal 0.7239 0.368848 0.583027
    outer loop
      vertex 2.391 7 10.2798
      vertex 2.61635 7 10
      vertex 2.44444 7.33739 10
    endloop
  endfacet
  facet normal -0.0488004 0.308684 0.949912
    outer loop
      vertex 0 7.58897 11.1185
      vertex -0.324919 7 11.2932
      vertex -0.0932826 7 11.3051
    endloop
  endfacet
  facet normal -0.0488988 0.308732 0.949891
    outer loop
      vertex -0.324919 7 11.2932
      vertex 0 7.58897 11.1185
      vertex -0.491017 7.5112 11.1185
    endloop
  endfacet
  facet normal -0.707107 0.707107 3.43282e-17
    outer loop
      vertex -2.7967 8.03192 7.45248
      vertex -2.03192 8.7967 8.54752
      vertex -2.03192 8.7967 7.45248
    endloop
  endfacet
  facet normal -0.707107 0.707107 3.43282e-17
    outer loop
      vertex -2.03192 8.7967 8.54752
      vertex -2.7967 8.03192 7.45248
      vertex -2.7967 8.03192 8.54752
    endloop
  endfacet
  facet normal -0.127096 -0.802462 0.58301
    outer loop
      vertex -0.963676 3.03411 9.58897
      vertex 0 2.88148 9.58897
      vertex -0.764777 3.64626 10.4749
    endloop
  endfacet
  facet normal -0.148951 0.940446 0.305573
    outer loop
      vertex -1.06824 9.28772 8.54752
      vertex -0.963676 8.96589 9.58897
      vertex 0 9.11852 9.58897
    endloop
  endfacet
  facet normal -0.432273 0.84839 -0.305572
    outer loop
      vertex -1.83302 8.52294 6.41103
      vertex -1.06824 9.28772 7.45248
      vertex -0.963676 8.96589 6.41103
    endloop
  endfacet
  facet normal -0.0488788 0.308694 0.949905
    outer loop
      vertex -0.0932826 7 11.3051
      vertex 0 7 11.3099
      vertex 0 7.58897 11.1185
    endloop
  endfacet
  facet normal 0.723935 -0.368869 0.58297
    outer loop
      vertex 2.00221 4.54531 10.4749
      vertex 2.391 5 10.2798
      vertex 2.23389 5 10.4749
    endloop
  endfacet
  facet normal 0.723917 -0.368835 0.583014
    outer loop
      vertex 2.391 5 10.2798
      vertex 2.00221 4.54531 10.4749
      vertex 2.44444 4.66261 10
    endloop
  endfacet
  facet normal 0.723913 -0.368854 0.583006
    outer loop
      vertex 2.44444 4.66261 10
      vertex 2.00221 4.54531 10.4749
      vertex 2.28134 4.34251 10
    endloop
  endfacet
  facet normal -0.148951 -0.940446 0.305573
    outer loop
      vertex -1.06824 2.71228 8.54752
      vertex 0 2.88148 9.58897
      vertex -0.963676 3.03411 9.58897
    endloop
  endfacet
  facet normal -0.368848 -0.723901 -0.583026
    outer loop
      vertex -1.83302 3.47706 6.41103
      vertex -1.45469 3.99779 5.52513
      vertex -0.764777 3.64626 5.52513
    endloop
  endfacet
  facet normal 0.269003 -0.527939 0.805554
    outer loop
      vertex 0.491017 4.4888 11.1185
      vertex 1.45469 3.99779 10.4749
      vertex 0.93397 4.7145 11.1185
    endloop
  endfacet
  facet normal -0.419003 -0.419005 -0.805526
    outer loop
      vertex -1.45469 3.99779 5.52513
      vertex -1.375 4.38157 5.28405
      vertex -1.10427 4.48011 5.09197
    endloop
  endfacet
  facet normal -0.418987 -0.419011 -0.80553
    outer loop
      vertex -1.375 4.38157 5.28405
      vertex -1.45469 3.99779 5.52513
      vertex -1.62701 4.1701 5.52513
    endloop
  endfacet
  facet normal -0.0927026 0.585262 -0.805527
    outer loop
      vertex -0.764777 8.35374 5.52513
      vertex -0.24196 8 5.20795
      vertex -0.649839 8 5.25489
    endloop
  endfacet
  facet normal -0.0926981 0.585267 -0.805525
    outer loop
      vertex -0.24196 8 5.20795
      vertex -0.764777 8.35374 5.52513
      vertex 0 8.47487 5.52513
    endloop
  endfacet
  facet normal -0.271337 0.52734 -0.805163
    outer loop
      vertex -1.45469 8.00221 5.52513
      vertex -1.45035 8 5.52222
      vertex -1.45308 8 5.52314
    endloop
  endfacet
  facet normal -0.723913 0.368854 0.583006
    outer loop
      vertex -2.44444 7.33739 10
      vertex -2.00221 7.45469 10.4749
      vertex -2.28134 7.65749 10
    endloop
  endfacet
  facet normal -0.723917 0.368835 0.583014
    outer loop
      vertex -2.391 7 10.2798
      vertex -2.00221 7.45469 10.4749
      vertex -2.44444 7.33739 10
    endloop
  endfacet
  facet normal -0.723935 0.368869 0.58297
    outer loop
      vertex -2.00221 7.45469 10.4749
      vertex -2.391 7 10.2798
      vertex -2.23389 7 10.4749
    endloop
  endfacet
  facet normal -0.269003 0.527939 0.805554
    outer loop
      vertex -1.45469 8.00221 10.4749
      vertex -0.93397 7.2855 11.1185
      vertex -0.491017 7.5112 11.1185
    endloop
  endfacet
  facet normal -0.673279 0.673279 0.3056
    outer loop
      vertex -2.75276 8 8.71465
      vertex -2.03192 8.7967 8.54752
      vertex -2.7967 8.03192 8.54752
    endloop
  endfacet
  facet normal -0.67329 0.673282 0.305569
    outer loop
      vertex -2.03192 8.7967 8.54752
      vertex -2.75276 8 8.71465
      vertex -1.83302 8.52294 9.58897
    endloop
  endfacet
  facet normal -0.673287 0.673287 0.305564
    outer loop
      vertex -1.83302 8.52294 9.58897
      vertex -2.75276 8 8.71465
      vertex -2.35596 8 9.58897
    endloop
  endfacet
  facet normal -0.432273 0.84839 0.305572
    outer loop
      vertex -1.83302 8.52294 9.58897
      vertex -0.963676 8.96589 9.58897
      vertex -1.06824 9.28772 8.54752
    endloop
  endfacet
  facet normal -0.527895 0.269084 0.805556
    outer loop
      vertex -2.00221 7.45469 10.4749
      vertex -1.77054 7 10.7786
      vertex -1.37638 7 11.0369
    endloop
  endfacet
  facet normal 0.67329 0.673282 0.305569
    outer loop
      vertex 2.75276 8 8.71465
      vertex 2.03192 8.7967 8.54752
      vertex 1.83302 8.52294 9.58897
    endloop
  endfacet
  facet normal 0.673287 0.673287 0.305564
    outer loop
      vertex 2.75276 8 8.71465
      vertex 1.83302 8.52294 9.58897
      vertex 2.35596 8 9.58897
    endloop
  endfacet
  facet normal 0.673279 0.673279 0.3056
    outer loop
      vertex 2.03192 8.7967 8.54752
      vertex 2.75276 8 8.71465
      vertex 2.7967 8.03192 8.54752
    endloop
  endfacet
  facet normal 0.848424 0.432186 0.305601
    outer loop
      vertex 2.75276 8 8.71465
      vertex 2.81296 8 8.54752
      vertex 2.7967 8.03192 8.54752
    endloop
  endfacet
  facet normal -0.0926917 -0.585229 0.805553
    outer loop
      vertex -0.491017 4.4888 11.1185
      vertex 0 3.52513 10.4749
      vertex 0 4.41103 11.1185
    endloop
  endfacet
  facet normal -0.269001 0.527942 0.805553
    outer loop
      vertex -1.45469 8.00221 10.4749
      vertex -0.491017 7.5112 11.1185
      vertex -0.764777 8.35374 10.4749
    endloop
  endfacet
  facet normal 0.7239 -0.368848 0.583027
    outer loop
      vertex 2.391 5 10.2798
      vertex 2.44444 4.66261 10
      vertex 2.61635 5 10
    endloop
  endfacet
  facet normal -0.7239 -0.368848 0.583027
    outer loop
      vertex -2.61635 5 10
      vertex -2.44444 4.66261 10
      vertex -2.391 5 10.2798
    endloop
  endfacet
  facet normal 0.453991 -0.891006 0
    outer loop
      vertex 1.06824 2.71228 7.45248
      vertex 2.03192 3.2033 8.54752
      vertex 1.06824 2.71228 8.54752
    endloop
  endfacet
  facet normal 0.453991 -0.891006 0
    outer loop
      vertex 2.03192 3.2033 8.54752
      vertex 1.06824 2.71228 7.45248
      vertex 2.03192 3.2033 7.45248
    endloop
  endfacet
  facet normal 0.574363 -0.574363 -0.583279
    outer loop
      vertex 1.83302 3.47706 6.41103
      vertex 2.10662 3.76767 6.39428
      vertex 2.11285 3.75689 6.41103
    endloop
  endfacet
  facet normal 0.574504 -0.574481 -0.583024
    outer loop
      vertex 1.45469 3.99779 5.52513
      vertex 2.10662 3.76767 6.39428
      vertex 1.83302 3.47706 6.41103
    endloop
  endfacet
  facet normal 0.57448 -0.574513 -0.583015
    outer loop
      vertex 2.10662 3.76767 6.39428
      vertex 1.45469 3.99779 5.52513
      vertex 1.62701 4.1701 5.52513
    endloop
  endfacet
  facet normal -0.432273 -0.84839 0.305572
    outer loop
      vertex -1.83302 3.47706 9.58897
      vertex -1.06824 2.71228 8.54752
      vertex -0.963676 3.03411 9.58897
    endloop
  endfacet
  facet normal -0.574504 -0.574481 -0.583024
    outer loop
      vertex -2.10662 3.76767 6.39428
      vertex -1.45469 3.99779 5.52513
      vertex -1.83302 3.47706 6.41103
    endloop
  endfacet
  facet normal -0.57448 -0.574513 -0.583015
    outer loop
      vertex -1.45469 3.99779 5.52513
      vertex -2.10662 3.76767 6.39428
      vertex -1.62701 4.1701 5.52513
    endloop
  endfacet
  facet normal -0.574363 -0.574363 -0.583279
    outer loop
      vertex -2.10662 3.76767 6.39428
      vertex -1.83302 3.47706 6.41103
      vertex -2.11285 3.75689 6.41103
    endloop
  endfacet
  facet normal 0.0926964 -0.585258 -0.805531
    outer loop
      vertex 0 3.52513 5.52513
      vertex 0 4.41103 4.88148
      vertex 0.491017 4.4888 4.88148
    endloop
  endfacet
  facet normal -0.269005 0.527978 -0.805528
    outer loop
      vertex -1.45035 8 5.52222
      vertex -0.764777 8.35374 5.52513
      vertex -0.649839 8 5.25489
    endloop
  endfacet
  facet normal -0.269743 0.529398 -0.804349
    outer loop
      vertex -0.764777 8.35374 5.52513
      vertex -1.45035 8 5.52222
      vertex -1.45469 8.00221 5.52513
    endloop
  endfacet
  facet normal -0.453991 0.891006 0
    outer loop
      vertex -1.06824 9.28772 7.45248
      vertex -2.03192 8.7967 8.54752
      vertex -1.06824 9.28772 8.54752
    endloop
  endfacet
  facet normal -0.453991 0.891006 0
    outer loop
      vertex -2.03192 8.7967 8.54752
      vertex -1.06824 9.28772 7.45248
      vertex -2.03192 8.7967 7.45248
    endloop
  endfacet
  facet normal -0.418942 0.418942 0.80559
    outer loop
      vertex -0.93397 7.2855 11.1185
      vertex -1.37638 7 11.0369
      vertex -1.21947 7 11.1185
    endloop
  endfacet
  facet normal -0.418964 0.418987 0.805555
    outer loop
      vertex -1.45469 8.00221 10.4749
      vertex -1.37638 7 11.0369
      vertex -0.93397 7.2855 11.1185
    endloop
  endfacet
  facet normal -0.418982 0.418982 0.805549
    outer loop
      vertex -1.37638 7 11.0369
      vertex -1.45469 8.00221 10.4749
      vertex -2.00221 7.45469 10.4749
    endloop
  endfacet
  facet normal -0.127099 0.802463 0.583009
    outer loop
      vertex -0.764777 8.35374 10.4749
      vertex 0 8.47487 10.4749
      vertex 0 9.11852 9.58897
    endloop
  endfacet
  facet normal -0.527976 0.269022 0.805524
    outer loop
      vertex -2.23389 7 10.4749
      vertex -1.77054 7 10.7786
      vertex -2.00221 7.45469 10.4749
    endloop
  endfacet
  facet normal -0.574494 0.574494 0.58302
    outer loop
      vertex -1.83302 8.52294 9.58897
      vertex -2.35596 8 9.58897
      vertex -1.93883 8 10
    endloop
  endfacet
  facet normal -0.574507 0.57449 0.583012
    outer loop
      vertex -1.93883 8 10
      vertex -1.45469 8.00221 10.4749
      vertex -1.83302 8.52294 9.58897
    endloop
  endfacet
  facet normal -0.574502 0.574502 0.583006
    outer loop
      vertex -1.93883 8 10
      vertex -2.00221 7.45469 10.4749
      vertex -1.45469 8.00221 10.4749
    endloop
  endfacet
  facet normal -0.574502 0.574502 0.583006
    outer loop
      vertex -2.00221 7.45469 10.4749
      vertex -1.93883 8 10
      vertex -2.28134 7.65749 10
    endloop
  endfacet
  facet normal 0.156432 -0.987689 0
    outer loop
      vertex 0 2.54309 7.45248
      vertex 1.06824 2.71228 8.54752
      vertex 0 2.54309 8.54752
    endloop
  endfacet
  facet normal 0.156432 -0.987689 0
    outer loop
      vertex 1.06824 2.71228 8.54752
      vertex 0 2.54309 7.45248
      vertex 1.06824 2.71228 7.45248
    endloop
  endfacet
  facet normal 0.432273 0.84839 0.305572
    outer loop
      vertex 0.963676 8.96589 9.58897
      vertex 1.83302 8.52294 9.58897
      vertex 1.06824 9.28772 8.54752
    endloop
  endfacet
  facet normal 0.14895 0.940447 -0.305572
    outer loop
      vertex 0 9.11852 6.41103
      vertex 0 9.45691 7.45248
      vertex 1.06824 9.28772 7.45248
    endloop
  endfacet
  facet normal 0.432273 0.84839 -0.305572
    outer loop
      vertex 0.963676 8.96589 6.41103
      vertex 1.06824 9.28772 7.45248
      vertex 1.83302 8.52294 6.41103
    endloop
  endfacet
  facet normal 0.418982 0.418982 0.805549
    outer loop
      vertex 1.45469 8.00221 10.4749
      vertex 1.37638 7 11.0369
      vertex 2.00221 7.45469 10.4749
    endloop
  endfacet
  facet normal 0.418964 0.418987 0.805555
    outer loop
      vertex 0.93397 7.2855 11.1185
      vertex 1.37638 7 11.0369
      vertex 1.45469 8.00221 10.4749
    endloop
  endfacet
  facet normal 0.418942 0.418942 0.80559
    outer loop
      vertex 1.37638 7 11.0369
      vertex 0.93397 7.2855 11.1185
      vertex 1.21947 7 11.1185
    endloop
  endfacet
  facet normal 0.269001 -0.527942 0.805553
    outer loop
      vertex 0.491017 4.4888 11.1185
      vertex 0.764777 3.64626 10.4749
      vertex 1.45469 3.99779 10.4749
    endloop
  endfacet
  facet normal 0.221031 0.221031 0.94989
    outer loop
      vertex 0.726542 7 11.2332
      vertex 1.21947 7 11.1185
      vertex 0.93397 7.2855 11.1185
    endloop
  endfacet
  facet normal 0.092692 -0.585229 0.805553
    outer loop
      vertex 0 3.52513 10.4749
      vertex 0.764777 3.64626 10.4749
      vertex 0.491017 4.4888 11.1185
    endloop
  endfacet
  facet normal -0.127099 -0.802463 0.583009
    outer loop
      vertex -0.764777 3.64626 10.4749
      vertex 0 2.88148 9.58897
      vertex 0 3.52513 10.4749
    endloop
  endfacet
  facet normal -0.573124 0.575717 -0.583162
    outer loop
      vertex -1.45691 8 5.52513
      vertex -1.83302 8.52294 6.41103
      vertex -1.45469 8.00221 5.52513
    endloop
  endfacet
  facet normal -0.574494 0.574494 -0.583021
    outer loop
      vertex -1.83302 8.52294 6.41103
      vertex -1.45691 8 5.52513
      vertex -2.35596 8 6.41103
    endloop
  endfacet
  facet normal -0.418368 0.420261 -0.805201
    outer loop
      vertex -1.45691 8 5.52513
      vertex -1.45469 8.00221 5.52513
      vertex -1.45308 8 5.52314
    endloop
  endfacet
  facet normal -0.432276 0.848389 -0.305569
    outer loop
      vertex -2.03192 8.7967 7.45248
      vertex -1.06824 9.28772 7.45248
      vertex -1.83302 8.52294 6.41103
    endloop
  endfacet
  facet normal -0.368845 0.723904 -0.583024
    outer loop
      vertex -1.83302 8.52294 6.41103
      vertex -0.963676 8.96589 6.41103
      vertex -0.764777 8.35374 5.52513
    endloop
  endfacet
  facet normal 0.127096 -0.802462 0.58301
    outer loop
      vertex 0 2.88148 9.58897
      vertex 0.963676 3.03411 9.58897
      vertex 0.764777 3.64626 10.4749
    endloop
  endfacet
  facet normal -0.14895 -0.940447 0.305572
    outer loop
      vertex -1.06824 2.71228 8.54752
      vertex 0 2.54309 8.54752
      vertex 0 2.88148 9.58897
    endloop
  endfacet
  facet normal -0.368852 -0.723909 0.583013
    outer loop
      vertex -1.83302 3.47706 9.58897
      vertex -0.764777 3.64626 10.4749
      vertex -1.45469 3.99779 10.4749
    endloop
  endfacet
  facet normal -0.707107 -0.707107 -1.36569e-17
    outer loop
      vertex -2.03192 3.2033 7.45248
      vertex -2.28585 3.45723 8.54752
      vertex -2.28585 3.45723 7.45248
    endloop
  endfacet
  facet normal -0.707107 -0.707107 -1.36569e-17
    outer loop
      vertex -2.28585 3.45723 8.54752
      vertex -2.03192 3.2033 7.45248
      vertex -2.03192 3.2033 8.54752
    endloop
  endfacet
  facet normal 0.14895 -0.940447 0.305572
    outer loop
      vertex 0 2.54309 8.54752
      vertex 1.06824 2.71228 8.54752
      vertex 0 2.88148 9.58897
    endloop
  endfacet
  facet normal -0.127095 -0.802453 -0.583024
    outer loop
      vertex -0.963676 3.03411 6.41103
      vertex -0.764777 3.64626 5.52513
      vertex 0 2.88148 6.41103
    endloop
  endfacet
  facet normal -0.432273 -0.84839 -0.305572
    outer loop
      vertex -1.83302 3.47706 6.41103
      vertex -0.963676 3.03411 6.41103
      vertex -1.06824 2.71228 7.45248
    endloop
  endfacet
  facet normal 0.14895 -0.940447 -0.305572
    outer loop
      vertex 0 2.54309 7.45248
      vertex 0 2.88148 6.41103
      vertex 1.06824 2.71228 7.45248
    endloop
  endfacet
  facet normal 0.148951 -0.940446 -0.305573
    outer loop
      vertex 0 2.88148 6.41103
      vertex 0.963676 3.03411 6.41103
      vertex 1.06824 2.71228 7.45248
    endloop
  endfacet
  facet normal 0.271337 0.52734 -0.805163
    outer loop
      vertex 1.45035 8 5.52222
      vertex 1.45469 8.00221 5.52513
      vertex 1.45308 8 5.52314
    endloop
  endfacet
  facet normal -0.14895 0.940447 0.305572
    outer loop
      vertex -1.06824 9.28772 8.54752
      vertex 0 9.11852 9.58897
      vertex 0 9.45691 8.54752
    endloop
  endfacet
  facet normal -0.891052 0.453901 -1.11188e-18
    outer loop
      vertex -2.81296 8 7.45248
      vertex -2.7967 8.03192 8.54752
      vertex -2.7967 8.03192 7.45248
    endloop
  endfacet
  facet normal -0.891052 0.453901 -1.11188e-18
    outer loop
      vertex -2.7967 8.03192 8.54752
      vertex -2.81296 8 7.45248
      vertex -2.81296 8 8.54752
    endloop
  endfacet
  facet normal -0.848424 0.432186 -0.305601
    outer loop
      vertex -2.81296 8 7.45248
      vertex -2.7967 8.03192 7.45248
      vertex -2.75276 8 7.28535
    endloop
  endfacet
  facet normal -0.67329 0.673282 -0.305569
    outer loop
      vertex -2.75276 8 7.28535
      vertex -2.03192 8.7967 7.45248
      vertex -1.83302 8.52294 6.41103
    endloop
  endfacet
  facet normal -0.673287 0.673287 -0.305564
    outer loop
      vertex -2.75276 8 7.28535
      vertex -1.83302 8.52294 6.41103
      vertex -2.35596 8 6.41103
    endloop
  endfacet
  facet normal -0.673279 0.673279 -0.3056
    outer loop
      vertex -2.03192 8.7967 7.45248
      vertex -2.75276 8 7.28535
      vertex -2.7967 8.03192 7.45248
    endloop
  endfacet
  facet normal -0.127096 0.802462 0.58301
    outer loop
      vertex -0.963676 8.96589 9.58897
      vertex -0.764777 8.35374 10.4749
      vertex 0 9.11852 9.58897
    endloop
  endfacet
  facet normal -0.368849 0.723912 0.583011
    outer loop
      vertex -1.83302 8.52294 9.58897
      vertex -0.764777 8.35374 10.4749
      vertex -0.963676 8.96589 9.58897
    endloop
  endfacet
  facet normal 0.368852 0.723909 0.583013
    outer loop
      vertex 0.764777 8.35374 10.4749
      vertex 1.45469 8.00221 10.4749
      vertex 1.83302 8.52294 9.58897
    endloop
  endfacet
  facet normal 0.269003 0.527939 0.805554
    outer loop
      vertex 0.491017 7.5112 11.1185
      vertex 0.93397 7.2855 11.1185
      vertex 1.45469 8.00221 10.4749
    endloop
  endfacet
  facet normal -0.368852 0.723909 0.583013
    outer loop
      vertex -1.83302 8.52294 9.58897
      vertex -1.45469 8.00221 10.4749
      vertex -0.764777 8.35374 10.4749
    endloop
  endfacet
  facet normal -0.141705 0.278581 0.949901
    outer loop
      vertex -0.491017 7.5112 11.1185
      vertex -0.410052 7 11.2805
      vertex -0.324919 7 11.2932
    endloop
  endfacet
  facet normal 0.574495 -0.574509 0.583005
    outer loop
      vertex 2.00221 4.54531 10.4749
      vertex 1.88905 3.95023 10
      vertex 2.28134 4.34251 10
    endloop
  endfacet
  facet normal 0.574522 -0.574477 0.58301
    outer loop
      vertex 1.88905 3.95023 10
      vertex 1.45469 3.99779 10.4749
      vertex 1.83302 3.47706 9.58897
    endloop
  endfacet
  facet normal 0.574506 -0.574506 0.582998
    outer loop
      vertex 1.45469 3.99779 10.4749
      vertex 1.88905 3.95023 10
      vertex 2.00221 4.54531 10.4749
    endloop
  endfacet
  facet normal 0.574506 -0.574483 0.58302
    outer loop
      vertex 1.83302 3.47706 9.58897
      vertex 2.10662 3.76767 9.60572
      vertex 1.88905 3.95023 10
    endloop
  endfacet
  facet normal 0.574363 -0.574363 0.583279
    outer loop
      vertex 2.10662 3.76767 9.60572
      vertex 1.83302 3.47706 9.58897
      vertex 2.11285 3.75689 9.58897
    endloop
  endfacet
  facet normal 0.156432 0.987689 -0
    outer loop
      vertex 1.06824 9.28772 7.45248
      vertex 0 9.45691 8.54752
      vertex 1.06824 9.28772 8.54752
    endloop
  endfacet
  facet normal 0.156432 0.987689 0
    outer loop
      vertex 0 9.45691 8.54752
      vertex 1.06824 9.28772 7.45248
      vertex 0 9.45691 7.45248
    endloop
  endfacet
  facet normal 0.723913 0.368854 0.583006
    outer loop
      vertex 2.00221 7.45469 10.4749
      vertex 2.44444 7.33739 10
      vertex 2.28134 7.65749 10
    endloop
  endfacet
  facet normal 0.723935 0.368869 0.58297
    outer loop
      vertex 2.391 7 10.2798
      vertex 2.00221 7.45469 10.4749
      vertex 2.23389 7 10.4749
    endloop
  endfacet
  facet normal 0.723917 0.368835 0.583014
    outer loop
      vertex 2.00221 7.45469 10.4749
      vertex 2.391 7 10.2798
      vertex 2.44444 7.33739 10
    endloop
  endfacet
  facet normal 0.453991 0.891006 -0
    outer loop
      vertex 2.03192 8.7967 7.45248
      vertex 1.06824 9.28772 8.54752
      vertex 2.03192 8.7967 8.54752
    endloop
  endfacet
  facet normal 0.453991 0.891006 0
    outer loop
      vertex 1.06824 9.28772 8.54752
      vertex 2.03192 8.7967 7.45248
      vertex 1.06824 9.28772 7.45248
    endloop
  endfacet
  facet normal -0.0926845 0.585263 -0.805529
    outer loop
      vertex -0.24196 8 5.20795
      vertex 0 8.47487 5.52513
      vertex 0 8 5.18011
    endloop
  endfacet
  facet normal 0.148951 0.940446 -0.305573
    outer loop
      vertex 0 9.11852 6.41103
      vertex 1.06824 9.28772 7.45248
      vertex 0.963676 8.96589 6.41103
    endloop
  endfacet
  facet normal 0.574494 0.574494 -0.583021
    outer loop
      vertex 1.45691 8 5.52513
      vertex 1.83302 8.52294 6.41103
      vertex 2.35596 8 6.41103
    endloop
  endfacet
  facet normal 0.573124 0.575717 -0.583162
    outer loop
      vertex 1.83302 8.52294 6.41103
      vertex 1.45691 8 5.52513
      vertex 1.45469 8.00221 5.52513
    endloop
  endfacet
  facet normal 0.368848 0.723901 -0.583026
    outer loop
      vertex 0.764777 8.35374 5.52513
      vertex 1.83302 8.52294 6.41103
      vertex 1.45469 8.00221 5.52513
    endloop
  endfacet
  facet normal 0.432276 0.848389 0.305569
    outer loop
      vertex 1.06824 9.28772 8.54752
      vertex 1.83302 8.52294 9.58897
      vertex 2.03192 8.7967 8.54752
    endloop
  endfacet
  facet normal 0.14895 0.940447 0.305572
    outer loop
      vertex 0 9.11852 9.58897
      vertex 1.06824 9.28772 8.54752
      vertex 0 9.45691 8.54752
    endloop
  endfacet
  facet normal 0.368845 -0.723904 -0.583024
    outer loop
      vertex 0.764777 3.64626 5.52513
      vertex 1.83302 3.47706 6.41103
      vertex 0.963676 3.03411 6.41103
    endloop
  endfacet
  facet normal 0.848424 0.432186 -0.305601
    outer loop
      vertex 2.75276 8 7.28535
      vertex 2.7967 8.03192 7.45248
      vertex 2.81296 8 7.45248
    endloop
  endfacet
  facet normal 0.269001 0.527942 0.805553
    outer loop
      vertex 0.491017 7.5112 11.1185
      vertex 1.45469 8.00221 10.4749
      vertex 0.764777 8.35374 10.4749
    endloop
  endfacet
  facet normal 0.141913 0.278514 0.94989
    outer loop
      vertex 0.491017 7.5112 11.1185
      vertex 0.726542 7 11.2332
      vertex 0.93397 7.2855 11.1185
    endloop
  endfacet
  facet normal 0.141961 0.278533 0.949877
    outer loop
      vertex 0.726542 7 11.2332
      vertex 0.491017 7.5112 11.1185
      vertex 0.410052 7 11.2805
    endloop
  endfacet
  facet normal 0.0488788 0.308694 0.949905
    outer loop
      vertex 0 7 11.3099
      vertex 0.0932826 7 11.3051
      vertex 0 7.58897 11.1185
    endloop
  endfacet
  facet normal -0.418942 -0.418942 0.80559
    outer loop
      vertex -1.37638 5 11.0369
      vertex -0.93397 4.7145 11.1185
      vertex -1.21947 5 11.1185
    endloop
  endfacet
  facet normal -0.418964 -0.418987 0.805555
    outer loop
      vertex -1.37638 5 11.0369
      vertex -1.45469 3.99779 10.4749
      vertex -0.93397 4.7145 11.1185
    endloop
  endfacet
  facet normal -0.418982 -0.418982 0.805549
    outer loop
      vertex -1.45469 3.99779 10.4749
      vertex -1.37638 5 11.0369
      vertex -2.00221 4.54531 10.4749
    endloop
  endfacet
  facet normal 0.141705 0.278581 0.949901
    outer loop
      vertex 0.324919 7 11.2932
      vertex 0.410052 7 11.2805
      vertex 0.491017 7.5112 11.1185
    endloop
  endfacet
  facet normal 0.0487991 0.308763 0.949886
    outer loop
      vertex 0.491017 7.5112 11.1185
      vertex 0.0932826 7 11.3051
      vertex 0.324919 7 11.2932
    endloop
  endfacet
  facet normal 0.048893 0.308696 0.949903
    outer loop
      vertex 0.0932826 7 11.3051
      vertex 0.491017 7.5112 11.1185
      vertex 0 7.58897 11.1185
    endloop
  endfacet
  facet normal 0.0488788 -0.308694 0.949905
    outer loop
      vertex 0 4.41103 11.1185
      vertex 0.0932826 5 11.3051
      vertex 0 5 11.3099
    endloop
  endfacet
  facet normal -0.673286 -0.673286 0.305569
    outer loop
      vertex -2.28585 3.45723 8.54752
      vertex -1.83302 3.47706 9.58897
      vertex -2.11285 3.75689 9.58897
    endloop
  endfacet
  facet normal -0.673286 -0.673286 0.305569
    outer loop
      vertex -1.83302 3.47706 9.58897
      vertex -2.28585 3.45723 8.54752
      vertex -2.03192 3.2033 8.54752
    endloop
  endfacet
  facet normal 0.418982 -0.418982 0.805549
    outer loop
      vertex 1.37638 5 11.0369
      vertex 1.45469 3.99779 10.4749
      vertex 2.00221 4.54531 10.4749
    endloop
  endfacet
  facet normal 0.418942 -0.418942 0.80559
    outer loop
      vertex 0.93397 4.7145 11.1185
      vertex 1.37638 5 11.0369
      vertex 1.21947 5 11.1185
    endloop
  endfacet
  facet normal 0.418964 -0.418987 0.805555
    outer loop
      vertex 1.37638 5 11.0369
      vertex 0.93397 4.7145 11.1185
      vertex 1.45469 3.99779 10.4749
    endloop
  endfacet
  facet normal -0.368848 0.723901 -0.583026
    outer loop
      vertex -1.83302 8.52294 6.41103
      vertex -0.764777 8.35374 5.52513
      vertex -1.45469 8.00221 5.52513
    endloop
  endfacet
  facet normal -0.269001 -0.527942 0.805553
    outer loop
      vertex -1.45469 3.99779 10.4749
      vertex -0.764777 3.64626 10.4749
      vertex -0.491017 4.4888 11.1185
    endloop
  endfacet
  facet normal -0.574522 -0.574477 0.58301
    outer loop
      vertex -1.45469 3.99779 10.4749
      vertex -1.88905 3.95023 10
      vertex -1.83302 3.47706 9.58897
    endloop
  endfacet
  facet normal -0.574506 -0.574506 0.582998
    outer loop
      vertex -2.00221 4.54531 10.4749
      vertex -1.88905 3.95023 10
      vertex -1.45469 3.99779 10.4749
    endloop
  endfacet
  facet normal -0.574495 -0.574509 0.583005
    outer loop
      vertex -1.88905 3.95023 10
      vertex -2.00221 4.54531 10.4749
      vertex -2.28134 4.34251 10
    endloop
  endfacet
  facet normal -0.574506 -0.574483 0.58302
    outer loop
      vertex -2.10662 3.76767 9.60572
      vertex -1.83302 3.47706 9.58897
      vertex -1.88905 3.95023 10
    endloop
  endfacet
  facet normal -0.574363 -0.574363 0.583279
    outer loop
      vertex -1.83302 3.47706 9.58897
      vertex -2.10662 3.76767 9.60572
      vertex -2.11285 3.75689 9.58897
    endloop
  endfacet
  facet normal -0.368849 -0.723912 0.583011
    outer loop
      vertex -1.83302 3.47706 9.58897
      vertex -0.963676 3.03411 9.58897
      vertex -0.764777 3.64626 10.4749
    endloop
  endfacet
  facet normal -0.723917 -0.368835 0.583014
    outer loop
      vertex -2.00221 4.54531 10.4749
      vertex -2.391 5 10.2798
      vertex -2.44444 4.66261 10
    endloop
  endfacet
  facet normal -0.723935 -0.368869 0.58297
    outer loop
      vertex -2.391 5 10.2798
      vertex -2.00221 4.54531 10.4749
      vertex -2.23389 5 10.4749
    endloop
  endfacet
  facet normal -0.723913 -0.368854 0.583006
    outer loop
      vertex -2.00221 4.54531 10.4749
      vertex -2.44444 4.66261 10
      vertex -2.28134 4.34251 10
    endloop
  endfacet
  facet normal -0.453991 -0.891006 0
    outer loop
      vertex -2.03192 3.2033 7.45248
      vertex -1.06824 2.71228 8.54752
      vertex -2.03192 3.2033 8.54752
    endloop
  endfacet
  facet normal -0.453991 -0.891006 -0
    outer loop
      vertex -1.06824 2.71228 8.54752
      vertex -2.03192 3.2033 7.45248
      vertex -1.06824 2.71228 7.45248
    endloop
  endfacet
  facet normal -0.0926967 -0.585258 -0.805531
    outer loop
      vertex -0.764777 3.64626 5.52513
      vertex -0.491017 4.4888 4.88148
      vertex 0 3.52513 5.52513
    endloop
  endfacet
  facet normal -0.269015 -0.527969 -0.805531
    outer loop
      vertex -1.45469 3.99779 5.52513
      vertex -0.491017 4.4888 4.88148
      vertex -0.764777 3.64626 5.52513
    endloop
  endfacet
  facet normal 0.127095 -0.802453 -0.583024
    outer loop
      vertex 0 2.88148 6.41103
      vertex 0.764777 3.64626 5.52513
      vertex 0.963676 3.03411 6.41103
    endloop
  endfacet
  facet normal -0.156432 -0.987689 0
    outer loop
      vertex -1.06824 2.71228 7.45248
      vertex 0 2.54309 8.54752
      vertex -1.06824 2.71228 8.54752
    endloop
  endfacet
  facet normal -0.156432 -0.987689 -0
    outer loop
      vertex 0 2.54309 8.54752
      vertex -1.06824 2.71228 7.45248
      vertex 0 2.54309 7.45248
    endloop
  endfacet
  facet normal -0.127097 -0.802453 -0.583022
    outer loop
      vertex -0.764777 3.64626 5.52513
      vertex 0 3.52513 5.52513
      vertex 0 2.88148 6.41103
    endloop
  endfacet
  facet normal 0.673286 -0.673286 -0.305569
    outer loop
      vertex 2.28585 3.45723 7.45248
      vertex 1.83302 3.47706 6.41103
      vertex 2.11285 3.75689 6.41103
    endloop
  endfacet
  facet normal 0.673286 -0.673286 -0.305569
    outer loop
      vertex 1.83302 3.47706 6.41103
      vertex 2.28585 3.45723 7.45248
      vertex 2.03192 3.2033 7.45248
    endloop
  endfacet
  facet normal -0.148951 -0.940446 -0.305573
    outer loop
      vertex -1.06824 2.71228 7.45248
      vertex -0.963676 3.03411 6.41103
      vertex 0 2.88148 6.41103
    endloop
  endfacet
  facet normal -0.14895 -0.940447 -0.305572
    outer loop
      vertex -1.06824 2.71228 7.45248
      vertex 0 2.88148 6.41103
      vertex 0 2.54309 7.45248
    endloop
  endfacet
  facet normal 0.127095 0.802453 -0.583024
    outer loop
      vertex 0 9.11852 6.41103
      vertex 0.963676 8.96589 6.41103
      vertex 0.764777 8.35374 5.52513
    endloop
  endfacet
  facet normal -0.848424 0.432186 0.305601
    outer loop
      vertex -2.81296 8 8.54752
      vertex -2.75276 8 8.71465
      vertex -2.7967 8.03192 8.54752
    endloop
  endfacet
  facet normal -0.432276 0.848389 0.305569
    outer loop
      vertex -2.03192 8.7967 8.54752
      vertex -1.83302 8.52294 9.58897
      vertex -1.06824 9.28772 8.54752
    endloop
  endfacet
  facet normal -0.148951 0.940446 -0.305573
    outer loop
      vertex -1.06824 9.28772 7.45248
      vertex 0 9.11852 6.41103
      vertex -0.963676 8.96589 6.41103
    endloop
  endfacet
  facet normal -0.14895 0.940447 -0.305572
    outer loop
      vertex -1.06824 9.28772 7.45248
      vertex 0 9.45691 7.45248
      vertex 0 9.11852 6.41103
    endloop
  endfacet
  facet normal 0.092692 0.585229 0.805553
    outer loop
      vertex 0 8.47487 10.4749
      vertex 0.491017 7.5112 11.1185
      vertex 0.764777 8.35374 10.4749
    endloop
  endfacet
  facet normal 0.127099 0.802463 0.583009
    outer loop
      vertex 0 8.47487 10.4749
      vertex 0.764777 8.35374 10.4749
      vertex 0 9.11852 9.58897
    endloop
  endfacet
  facet normal -0.092692 0.585229 0.805553
    outer loop
      vertex -0.764777 8.35374 10.4749
      vertex -0.491017 7.5112 11.1185
      vertex 0 8.47487 10.4749
    endloop
  endfacet
  facet normal -0.0926917 0.585229 0.805553
    outer loop
      vertex -0.491017 7.5112 11.1185
      vertex 0 7.58897 11.1185
      vertex 0 8.47487 10.4749
    endloop
  endfacet
  facet normal 0.432273 -0.84839 -0.305572
    outer loop
      vertex 0.963676 3.03411 6.41103
      vertex 1.83302 3.47706 6.41103
      vertex 1.06824 2.71228 7.45248
    endloop
  endfacet
  facet normal 0.707107 0.707107 -3.43282e-17
    outer loop
      vertex 2.7967 8.03192 8.54752
      vertex 2.03192 8.7967 7.45248
      vertex 2.03192 8.7967 8.54752
    endloop
  endfacet
  facet normal 0.707107 0.707107 -3.43282e-17
    outer loop
      vertex 2.03192 8.7967 7.45248
      vertex 2.7967 8.03192 8.54752
      vertex 2.7967 8.03192 7.45248
    endloop
  endfacet
  facet normal 0.368849 0.723912 0.583011
    outer loop
      vertex 0.764777 8.35374 10.4749
      vertex 1.83302 8.52294 9.58897
      vertex 0.963676 8.96589 9.58897
    endloop
  endfacet
  facet normal 0.127096 0.802462 0.58301
    outer loop
      vertex 0 9.11852 9.58897
      vertex 0.764777 8.35374 10.4749
      vertex 0.963676 8.96589 9.58897
    endloop
  endfacet
  facet normal -0.156432 0.987689 0
    outer loop
      vertex 0 9.45691 7.45248
      vertex -1.06824 9.28772 8.54752
      vertex 0 9.45691 8.54752
    endloop
  endfacet
  facet normal -0.156432 0.987689 0
    outer loop
      vertex -1.06824 9.28772 8.54752
      vertex 0 9.45691 7.45248
      vertex -1.06824 9.28772 7.45248
    endloop
  endfacet
  facet normal 0.127097 0.802453 -0.583022
    outer loop
      vertex 0 8.47487 5.52513
      vertex 0 9.11852 6.41103
      vertex 0.764777 8.35374 5.52513
    endloop
  endfacet
  facet normal -0.127097 0.802453 -0.583022
    outer loop
      vertex -0.764777 8.35374 5.52513
      vertex 0 9.11852 6.41103
      vertex 0 8.47487 5.52513
    endloop
  endfacet
  facet normal 0.673279 0.673279 -0.3056
    outer loop
      vertex 2.75276 8 7.28535
      vertex 2.03192 8.7967 7.45248
      vertex 2.7967 8.03192 7.45248
    endloop
  endfacet
  facet normal 0.67329 0.673282 -0.305569
    outer loop
      vertex 2.03192 8.7967 7.45248
      vertex 2.75276 8 7.28535
      vertex 1.83302 8.52294 6.41103
    endloop
  endfacet
  facet normal 0.673287 0.673287 -0.305564
    outer loop
      vertex 1.83302 8.52294 6.41103
      vertex 2.75276 8 7.28535
      vertex 2.35596 8 6.41103
    endloop
  endfacet
  facet normal 0.269003 -0.527984 -0.805525
    outer loop
      vertex 0.491017 4.4888 4.88148
      vertex 1.10427 4.48011 5.09197
      vertex 1.45469 3.99779 5.52513
    endloop
  endfacet
  facet normal 0.26901 -0.52795 -0.805545
    outer loop
      vertex 1.10427 4.48011 5.09197
      vertex 0.491017 4.4888 4.88148
      vertex 0.736593 4.61393 4.88148
    endloop
  endfacet
  facet normal 0.368845 0.723904 -0.583024
    outer loop
      vertex 0.764777 8.35374 5.52513
      vertex 0.963676 8.96589 6.41103
      vertex 1.83302 8.52294 6.41103
    endloop
  endfacet
  facet normal 0.891052 0.453901 1.11188e-18
    outer loop
      vertex 2.81296 8 8.54752
      vertex 2.7967 8.03192 7.45248
      vertex 2.7967 8.03192 8.54752
    endloop
  endfacet
  facet normal 0.891052 0.453901 1.11188e-18
    outer loop
      vertex 2.7967 8.03192 7.45248
      vertex 2.81296 8 8.54752
      vertex 2.81296 8 7.45248
    endloop
  endfacet
  facet normal 0.527895 -0.269084 0.805556
    outer loop
      vertex 1.37638 5 11.0369
      vertex 2.00221 4.54531 10.4749
      vertex 1.77054 5 10.7786
    endloop
  endfacet
  facet normal 0.527976 -0.269022 0.805524
    outer loop
      vertex 1.77054 5 10.7786
      vertex 2.00221 4.54531 10.4749
      vertex 2.23389 5 10.4749
    endloop
  endfacet
  facet normal 0.432276 -0.848389 0.305569
    outer loop
      vertex 1.06824 2.71228 8.54752
      vertex 2.03192 3.2033 8.54752
      vertex 1.83302 3.47706 9.58897
    endloop
  endfacet
  facet normal 0.432273 -0.84839 0.305572
    outer loop
      vertex 0.963676 3.03411 9.58897
      vertex 1.06824 2.71228 8.54752
      vertex 1.83302 3.47706 9.58897
    endloop
  endfacet
  facet normal 0.0926917 -0.585229 0.805553
    outer loop
      vertex 0 3.52513 10.4749
      vertex 0.491017 4.4888 11.1185
      vertex 0 4.41103 11.1185
    endloop
  endfacet
  facet normal -0.14168 -0.278489 -0.949932
    outer loop
      vertex -0.491017 4.4888 4.88148
      vertex -0.456265 4.70822 4.81197
      vertex -0.419724 4.70822 4.80652
    endloop
  endfacet
  facet normal -0.527976 -0.269022 0.805524
    outer loop
      vertex -2.23389 5 10.4749
      vertex -2.00221 4.54531 10.4749
      vertex -1.77054 5 10.7786
    endloop
  endfacet
  facet normal -0.092692 -0.585229 0.805553
    outer loop
      vertex -0.764777 3.64626 10.4749
      vertex 0 3.52513 10.4749
      vertex -0.491017 4.4888 11.1185
    endloop
  endfacet
  facet normal 0.141913 -0.278514 0.94989
    outer loop
      vertex 0.726542 5 11.2332
      vertex 0.491017 4.4888 11.1185
      vertex 0.93397 4.7145 11.1185
    endloop
  endfacet
  facet normal 0.141961 -0.278533 0.949877
    outer loop
      vertex 0.491017 4.4888 11.1185
      vertex 0.726542 5 11.2332
      vertex 0.410052 5 11.2805
    endloop
  endfacet
  facet normal 0.127099 -0.802463 0.583009
    outer loop
      vertex 0 2.88148 9.58897
      vertex 0.764777 3.64626 10.4749
      vertex 0 3.52513 10.4749
    endloop
  endfacet
  facet normal -0.432276 -0.848389 0.305569
    outer loop
      vertex -2.03192 3.2033 8.54752
      vertex -1.06824 2.71228 8.54752
      vertex -1.83302 3.47706 9.58897
    endloop
  endfacet
  facet normal 0.14168 -0.278489 -0.949932
    outer loop
      vertex 0.419724 4.70822 4.80652
      vertex 0.456265 4.70822 4.81197
      vertex 0.491017 4.4888 4.88148
    endloop
  endfacet
  facet normal 0.0488912 -0.308635 -0.949923
    outer loop
      vertex 0.491017 4.4888 4.88148
      vertex 0.0470695 4.70822 4.78734
      vertex 0.419724 4.70822 4.80652
    endloop
  endfacet
  facet normal 0.048885 -0.308646 -0.94992
    outer loop
      vertex 0.0470695 4.70822 4.78734
      vertex 0.491017 4.4888 4.88148
      vertex 0 4.41103 4.88148
    endloop
  endfacet
  facet normal -0.0926964 -0.585258 -0.805531
    outer loop
      vertex -0.491017 4.4888 4.88148
      vertex 0 4.41103 4.88148
      vertex 0 3.52513 5.52513
    endloop
  endfacet
  facet normal -0.432276 -0.848389 -0.305569
    outer loop
      vertex -2.03192 3.2033 7.45248
      vertex -1.83302 3.47706 6.41103
      vertex -1.06824 2.71228 7.45248
    endloop
  endfacet
  facet normal -0.673286 -0.673286 -0.305569
    outer loop
      vertex -1.83302 3.47706 6.41103
      vertex -2.28585 3.45723 7.45248
      vertex -2.11285 3.75689 6.41103
    endloop
  endfacet
  facet normal -0.673286 -0.673286 -0.305569
    outer loop
      vertex -2.28585 3.45723 7.45248
      vertex -1.83302 3.47706 6.41103
      vertex -2.03192 3.2033 7.45248
    endloop
  endfacet
  facet normal 0.269015 -0.527969 -0.805531
    outer loop
      vertex 0.491017 4.4888 4.88148
      vertex 1.45469 3.99779 5.52513
      vertex 0.764777 3.64626 5.52513
    endloop
  endfacet
  facet normal 0.0926967 -0.585258 -0.805531
    outer loop
      vertex 0 3.52513 5.52513
      vertex 0.491017 4.4888 4.88148
      vertex 0.764777 3.64626 5.52513
    endloop
  endfacet
  facet normal -0.7239 0.368848 0.583027
    outer loop
      vertex -2.61635 7 10
      vertex -2.391 7 10.2798
      vertex -2.44444 7.33739 10
    endloop
  endfacet
  facet normal -0.141961 0.278533 0.949877
    outer loop
      vertex -0.491017 7.5112 11.1185
      vertex -0.726542 7 11.2332
      vertex -0.410052 7 11.2805
    endloop
  endfacet
  facet normal -0.141913 0.278514 0.94989
    outer loop
      vertex -0.726542 7 11.2332
      vertex -0.491017 7.5112 11.1185
      vertex -0.93397 7.2855 11.1185
    endloop
  endfacet
  facet normal -0.221031 0.221031 0.94989
    outer loop
      vertex -1.21947 7 11.1185
      vertex -0.726542 7 11.2332
      vertex -0.93397 7.2855 11.1185
    endloop
  endfacet
  facet normal 0.707107 -0.707107 1.36569e-17
    outer loop
      vertex 2.03192 3.2033 8.54752
      vertex 2.28585 3.45723 7.45248
      vertex 2.28585 3.45723 8.54752
    endloop
  endfacet
  facet normal 0.707107 -0.707107 1.36569e-17
    outer loop
      vertex 2.28585 3.45723 7.45248
      vertex 2.03192 3.2033 8.54752
      vertex 2.03192 3.2033 7.45248
    endloop
  endfacet
  facet normal 0.432276 -0.848389 -0.305569
    outer loop
      vertex 1.06824 2.71228 7.45248
      vertex 1.83302 3.47706 6.41103
      vertex 2.03192 3.2033 7.45248
    endloop
  endfacet
  facet normal 0.673286 -0.673286 0.305569
    outer loop
      vertex 1.83302 3.47706 9.58897
      vertex 2.28585 3.45723 8.54752
      vertex 2.11285 3.75689 9.58897
    endloop
  endfacet
  facet normal 0.673286 -0.673286 0.305569
    outer loop
      vertex 2.28585 3.45723 8.54752
      vertex 1.83302 3.47706 9.58897
      vertex 2.03192 3.2033 8.54752
    endloop
  endfacet
  facet normal 0.418368 0.420261 -0.805201
    outer loop
      vertex 1.45308 8 5.52314
      vertex 1.45469 8.00221 5.52513
      vertex 1.45691 8 5.52513
    endloop
  endfacet
  facet normal -0.141705 -0.278581 0.949901
    outer loop
      vertex -0.491017 4.4888 11.1185
      vertex -0.324919 5 11.2932
      vertex -0.410052 5 11.2805
    endloop
  endfacet
  facet normal -0.0488004 -0.308684 0.949912
    outer loop
      vertex -0.324919 5 11.2932
      vertex 0 4.41103 11.1185
      vertex -0.0932826 5 11.3051
    endloop
  endfacet
  facet normal -0.0488988 -0.308732 0.949891
    outer loop
      vertex 0 4.41103 11.1185
      vertex -0.324919 5 11.2932
      vertex -0.491017 4.4888 11.1185
    endloop
  endfacet
  facet normal 0.368852 -0.723909 0.583013
    outer loop
      vertex 0.764777 3.64626 10.4749
      vertex 1.83302 3.47706 9.58897
      vertex 1.45469 3.99779 10.4749
    endloop
  endfacet
  facet normal 0.368849 -0.723912 0.583011
    outer loop
      vertex 0.764777 3.64626 10.4749
      vertex 0.963676 3.03411 9.58897
      vertex 1.83302 3.47706 9.58897
    endloop
  endfacet
  facet normal -0.269003 -0.527939 0.805554
    outer loop
      vertex -1.45469 3.99779 10.4749
      vertex -0.491017 4.4888 11.1185
      vertex -0.93397 4.7145 11.1185
    endloop
  endfacet
  facet normal -0.26901 -0.52795 -0.805545
    outer loop
      vertex -0.491017 4.4888 4.88148
      vertex -1.10427 4.48011 5.09197
      vertex -0.736593 4.61393 4.88148
    endloop
  endfacet
  facet normal -0.269003 -0.527984 -0.805525
    outer loop
      vertex -1.10427 4.48011 5.09197
      vertex -0.491017 4.4888 4.88148
      vertex -1.45469 3.99779 5.52513
    endloop
  endfacet
  facet normal 0.141874 -0.278438 -0.949918
    outer loop
      vertex 0.491017 4.4888 4.88148
      vertex 0.477532 4.70822 4.81515
      vertex 0.736593 4.61393 4.88148
    endloop
  endfacet
  facet normal 0.142036 -0.278422 -0.949898
    outer loop
      vertex 0.477532 4.70822 4.81515
      vertex 0.491017 4.4888 4.88148
      vertex 0.456265 4.70822 4.81197
    endloop
  endfacet
  facet normal 0.368848 -0.723901 -0.583026
    outer loop
      vertex 0.764777 3.64626 5.52513
      vertex 1.45469 3.99779 5.52513
      vertex 1.83302 3.47706 6.41103
    endloop
  endfacet
  facet normal 0.527976 0.269022 0.805524
    outer loop
      vertex 1.77054 7 10.7786
      vertex 2.23389 7 10.4749
      vertex 2.00221 7.45469 10.4749
    endloop
  endfacet
  facet normal 0.527895 0.269084 0.805556
    outer loop
      vertex 1.37638 7 11.0369
      vertex 1.77054 7 10.7786
      vertex 2.00221 7.45469 10.4749
    endloop
  endfacet
  facet normal 0.0927026 0.585262 -0.805527
    outer loop
      vertex 0.24196 8 5.20795
      vertex 0.764777 8.35374 5.52513
      vertex 0.649839 8 5.25489
    endloop
  endfacet
  facet normal 0.0926981 0.585267 -0.805525
    outer loop
      vertex 0.764777 8.35374 5.52513
      vertex 0.24196 8 5.20795
      vertex 0 8.47487 5.52513
    endloop
  endfacet
  facet normal 0.269743 0.529398 -0.804349
    outer loop
      vertex 1.45035 8 5.52222
      vertex 0.764777 8.35374 5.52513
      vertex 1.45469 8.00221 5.52513
    endloop
  endfacet
  facet normal 0.269005 0.527978 -0.805528
    outer loop
      vertex 0.764777 8.35374 5.52513
      vertex 1.45035 8 5.52222
      vertex 0.649839 8 5.25489
    endloop
  endfacet
  facet normal 0.0487991 -0.308763 0.949886
    outer loop
      vertex 0.0932826 5 11.3051
      vertex 0.491017 4.4888 11.1185
      vertex 0.324919 5 11.2932
    endloop
  endfacet
  facet normal 0.048893 -0.308696 0.949903
    outer loop
      vertex 0.491017 4.4888 11.1185
      vertex 0.0932826 5 11.3051
      vertex 0 4.41103 11.1185
    endloop
  endfacet
  facet normal 0.141705 -0.278581 0.949901
    outer loop
      vertex 0.324919 5 11.2932
      vertex 0.491017 4.4888 11.1185
      vertex 0.410052 5 11.2805
    endloop
  endfacet
  facet normal -0.527895 -0.269084 0.805556
    outer loop
      vertex -2.00221 4.54531 10.4749
      vertex -1.37638 5 11.0369
      vertex -1.77054 5 10.7786
    endloop
  endfacet
  facet normal -0.221031 -0.221031 0.94989
    outer loop
      vertex -1.21947 5 11.1185
      vertex -0.93397 4.7145 11.1185
      vertex -0.726542 5 11.2332
    endloop
  endfacet
  facet normal -0.141961 -0.278533 0.949877
    outer loop
      vertex -0.726542 5 11.2332
      vertex -0.491017 4.4888 11.1185
      vertex -0.410052 5 11.2805
    endloop
  endfacet
  facet normal -0.141913 -0.278514 0.94989
    outer loop
      vertex -0.491017 4.4888 11.1185
      vertex -0.726542 5 11.2332
      vertex -0.93397 4.7145 11.1185
    endloop
  endfacet
  facet normal -0.142036 -0.278422 -0.949898
    outer loop
      vertex -0.491017 4.4888 4.88148
      vertex -0.477532 4.70822 4.81515
      vertex -0.456265 4.70822 4.81197
    endloop
  endfacet
  facet normal -0.141874 -0.278438 -0.949918
    outer loop
      vertex -0.477532 4.70822 4.81515
      vertex -0.491017 4.4888 4.88148
      vertex -0.736593 4.61393 4.88148
    endloop
  endfacet
  facet normal -0.048891 -0.308647 -0.949919
    outer loop
      vertex 0 4.41103 4.88148
      vertex -0.419724 4.70822 4.80652
      vertex -0.0470695 4.70822 4.78734
    endloop
  endfacet
  facet normal -0.0488837 -0.308637 -0.949923
    outer loop
      vertex -0.419724 4.70822 4.80652
      vertex 0 4.41103 4.88148
      vertex -0.491017 4.4888 4.88148
    endloop
  endfacet
  facet normal 0.418987 -0.419011 -0.80553
    outer loop
      vertex 1.45469 3.99779 5.52513
      vertex 1.375 4.38157 5.28405
      vertex 1.62701 4.1701 5.52513
    endloop
  endfacet
  facet normal 0.419003 -0.419005 -0.805526
    outer loop
      vertex 1.375 4.38157 5.28405
      vertex 1.45469 3.99779 5.52513
      vertex 1.10427 4.48011 5.09197
    endloop
  endfacet
  facet normal 0.0488388 -0.30864 -0.949924
    outer loop
      vertex 0 4.41103 4.88148
      vertex 0 4.70822 4.78492
      vertex 0.0470695 4.70822 4.78734
    endloop
  endfacet
  facet normal -0.0488388 -0.30864 -0.949924
    outer loop
      vertex -0.0470695 4.70822 4.78734
      vertex 0 4.70822 4.78492
      vertex 0 4.41103 4.88148
    endloop
  endfacet
  facet normal 0 -1 0
    outer loop
      vertex -0.0932826 7 11.3051
      vertex 0.0932826 7 11.3051
      vertex 0 7 11.3099
    endloop
  endfacet
  facet normal 0 -1 0
    outer loop
      vertex -0.410052 7 11.2805
      vertex -0.0932826 7 11.3051
      vertex -0.324919 7 11.2932
    endloop
  endfacet
  facet normal 0 -1 -0
    outer loop
      vertex -0.0932826 7 11.3051
      vertex -0.410052 7 11.2805
      vertex 0.0932826 7 11.3051
    endloop
  endfacet
  facet normal 0 -1 0
    outer loop
      vertex 0.410052 7 11.2805
      vertex 0.0932826 7 11.3051
      vertex -0.410052 7 11.2805
    endloop
  endfacet
  facet normal 0 -1 0
    outer loop
      vertex 0.0932826 7 11.3051
      vertex 0.410052 7 11.2805
      vertex 0.324919 7 11.2932
    endloop
  endfacet
  facet normal 0 -1 0
    outer loop
      vertex -1.77054 7 10.7786
      vertex -0.410052 7 11.2805
      vertex -0.726542 7 11.2332
    endloop
  endfacet
  facet normal 0 -1 -0
    outer loop
      vertex -0.410052 7 11.2805
      vertex -1.77054 7 10.7786
      vertex 0.410052 7 11.2805
    endloop
  endfacet
  facet normal 0 -1 0
    outer loop
      vertex -1.37638 7 11.0369
      vertex -0.726542 7 11.2332
      vertex -1.21947 7 11.1185
    endloop
  endfacet
  facet normal 0 -1 0
    outer loop
      vertex -1.77054 7 10.7786
      vertex -0.726542 7 11.2332
      vertex -1.37638 7 11.0369
    endloop
  endfacet
  facet normal 0 -1 0
    outer loop
      vertex 1.77054 7 10.7786
      vertex 0.410052 7 11.2805
      vertex -1.77054 7 10.7786
    endloop
  endfacet
  facet normal 0 -1 0
    outer loop
      vertex 0.726542 7 11.2332
      vertex 1.37638 7 11.0369
      vertex 1.21947 7 11.1185
    endloop
  endfacet
  facet normal 0 -1 0
    outer loop
      vertex 0.410052 7 11.2805
      vertex 1.77054 7 10.7786
      vertex 0.726542 7 11.2332
    endloop
  endfacet
  facet normal 0 -1 0
    outer loop
      vertex 0.726542 7 11.2332
      vertex 1.77054 7 10.7786
      vertex 1.37638 7 11.0369
    endloop
  endfacet
  facet normal 0 -1 0
    outer loop
      vertex -2.391 7 10.2798
      vertex -1.77054 7 10.7786
      vertex -2.23389 7 10.4749
    endloop
  endfacet
  facet normal 0 -1 0
    outer loop
      vertex -2.61635 7 10
      vertex -1.77054 7 10.7786
      vertex -2.391 7 10.2798
    endloop
  endfacet
  facet normal 0 -1 -0
    outer loop
      vertex -1.77054 7 10.7786
      vertex -2.61635 7 10
      vertex 1.77054 7 10.7786
    endloop
  endfacet
  facet normal 0 -1 0
    outer loop
      vertex 1.77054 7 10.7786
      vertex 2.391 7 10.2798
      vertex 2.23389 7 10.4749
    endloop
  endfacet
  facet normal 0 -1 0
    outer loop
      vertex 2.61635 7 10
      vertex 1.77054 7 10.7786
      vertex -2.61635 7 10
    endloop
  endfacet
  facet normal 0 -1 0
    outer loop
      vertex 1.77054 7 10.7786
      vertex 2.61635 7 10
      vertex 2.391 7 10.2798
    endloop
  endfacet
  facet normal 0 1 0
    outer loop
      vertex 0.0932826 5 11.3051
      vertex -0.0932826 5 11.3051
      vertex 0 5 11.3099
    endloop
  endfacet
  facet normal 0 1 0
    outer loop
      vertex 0.410052 5 11.2805
      vertex 0.0932826 5 11.3051
      vertex 0.324919 5 11.2932
    endloop
  endfacet
  facet normal 0 1 0
    outer loop
      vertex 0.0932826 5 11.3051
      vertex 0.410052 5 11.2805
      vertex -0.0932826 5 11.3051
    endloop
  endfacet
  facet normal 0 1 0
    outer loop
      vertex -0.410052 5 11.2805
      vertex -0.0932826 5 11.3051
      vertex 0.410052 5 11.2805
    endloop
  endfacet
  facet normal 0 1 0
    outer loop
      vertex -0.0932826 5 11.3051
      vertex -0.410052 5 11.2805
      vertex -0.324919 5 11.2932
    endloop
  endfacet
  facet normal 0 1 0
    outer loop
      vertex 1.77054 5 10.7786
      vertex 0.410052 5 11.2805
      vertex 0.726542 5 11.2332
    endloop
  endfacet
  facet normal 0 1 0
    outer loop
      vertex 0.410052 5 11.2805
      vertex 1.77054 5 10.7786
      vertex -0.410052 5 11.2805
    endloop
  endfacet
  facet normal 0 1 0
    outer loop
      vertex 1.37638 5 11.0369
      vertex 0.726542 5 11.2332
      vertex 1.21947 5 11.1185
    endloop
  endfacet
  facet normal 0 1 0
    outer loop
      vertex 1.77054 5 10.7786
      vertex 0.726542 5 11.2332
      vertex 1.37638 5 11.0369
    endloop
  endfacet
  facet normal 0 1 0
    outer loop
      vertex -1.77054 5 10.7786
      vertex -0.410052 5 11.2805
      vertex 1.77054 5 10.7786
    endloop
  endfacet
  facet normal 0 1 0
    outer loop
      vertex -0.726542 5 11.2332
      vertex -1.37638 5 11.0369
      vertex -1.21947 5 11.1185
    endloop
  endfacet
  facet normal 0 1 0
    outer loop
      vertex -0.410052 5 11.2805
      vertex -1.77054 5 10.7786
      vertex -0.726542 5 11.2332
    endloop
  endfacet
  facet normal 0 1 0
    outer loop
      vertex -0.726542 5 11.2332
      vertex -1.77054 5 10.7786
      vertex -1.37638 5 11.0369
    endloop
  endfacet
  facet normal 0 1 0
    outer loop
      vertex 2.391 5 10.2798
      vertex 1.77054 5 10.7786
      vertex 2.23389 5 10.4749
    endloop
  endfacet
  facet normal 0 1 0
    outer loop
      vertex 2.61635 5 10
      vertex 1.77054 5 10.7786
      vertex 2.391 5 10.2798
    endloop
  endfacet
  facet normal 0 1 0
    outer loop
      vertex 1.77054 5 10.7786
      vertex 2.61635 5 10
      vertex -1.77054 5 10.7786
    endloop
  endfacet
  facet normal 0 1 0
    outer loop
      vertex -1.77054 5 10.7786
      vertex -2.391 5 10.2798
      vertex -2.23389 5 10.4749
    endloop
  endfacet
  facet normal 0 1 0
    outer loop
      vertex -2.61635 5 10
      vertex -1.77054 5 10.7786
      vertex 2.61635 5 10
    endloop
  endfacet
  facet normal 0 1 0
    outer loop
      vertex -1.77054 5 10.7786
      vertex -2.61635 5 10
      vertex -2.391 5 10.2798
    endloop
  endfacet
  facet normal 0.432281 0.848388 -0.305567
    outer loop
      vertex 1.06824 -1.71228 -8.54752
      vertex 1.75538 -2.0624 -8.54752
      vertex 1.57212 -2.21616 -9.23368
    endloop
  endfacet
  facet normal -0.891 -0.454002 6.29821e-18
    outer loop
      vertex -3.06772 -6.5 -8.54752
      vertex -3.28772 -6.06824 -7.45248
      vertex -3.28772 -6.06824 -8.54752
    endloop
  endfacet
  facet normal -0.891 -0.454002 6.29821e-18
    outer loop
      vertex -3.28772 -6.06824 -7.45248
      vertex -3.06772 -6.5 -8.54752
      vertex -3.06772 -6.5 -7.45248
    endloop
  endfacet
  facet normal 0.574417 0.574544 0.583047
    outer loop
      vertex 1.45469 -2.99779 -5.52513
      vertex 1.5 -3.04309 -5.52513
      vertex 1.5 -2.93543 -5.63122
    endloop
  endfacet
  facet normal -0.848386 -0.432289 -0.30556
    outer loop
      vertex -3.28772 -6.06824 -8.54752
      vertex -2.85596 -6.5 -9.13547
      vertex -3.06772 -6.5 -8.54752
    endloop
  endfacet
  facet normal 0.585229 0.0926912 -0.805553
    outer loop
      vertex 1.5112 -4.50898 -11.1185
      vertex 2.47487 -5 -10.4749
      vertex 1.58897 -5 -11.1185
    endloop
  endfacet
  facet normal -0.30865 0.0488718 0.949919
    outer loop
      vertex -1.5 -4.98591 -4.8533
      vertex -0.520722 -4.83081 -4.54309
      vertex -1.5 -4.51262 -4.87765
    endloop
  endfacet
  facet normal -0.127096 0.802462 -0.58301
    outer loop
      vertex -0.963676 -2.03411 -9.58897
      vertex 0 -1.88148 -9.58897
      vertex -0.764777 -2.64626 -10.4749
    endloop
  endfacet
  facet normal 0.0926917 0.585229 -0.805553
    outer loop
      vertex 0 -3.41103 -11.1185
      vertex 0 -2.52513 -10.4749
      vertex 0.491017 -3.4888 -11.1185
    endloop
  endfacet
  facet normal 0.148951 0.940446 0.305573
    outer loop
      vertex 0 -1.88148 -6.41103
      vertex 0.963676 -2.03411 -6.41103
      vertex 1.06824 -1.71228 -7.45248
    endloop
  endfacet
  facet normal 0.940446 -0.148943 0.305578
    outer loop
      vertex 3.07768 -6 -6.7728
      vertex 3.28772 -6.06824 -7.45248
      vertex 3.27691 -6 -7.38595
    endloop
  endfacet
  facet normal 0.308657 -0.0488866 -0.949916
    outer loop
      vertex 0.520722 -5.16919 -11.4569
      vertex 1.58897 -5 -11.1185
      vertex 1.5112 -5.49102 -11.1185
    endloop
  endfacet
  facet normal 0.0926964 0.585258 0.805531
    outer loop
      vertex 0 -3.41103 -4.88148
      vertex 0.491017 -3.4888 -4.88148
      vertex 0 -2.52513 -5.52513
    endloop
  endfacet
  facet normal 0.220969 -0.220969 0.949919
    outer loop
      vertex 0.442953 -5.32182 -4.54309
      vertex 0.93397 -6.2855 -4.88148
      vertex 1.2855 -5.93397 -4.88148
    endloop
  endfacet
  facet normal 0.22097 -0.220968 0.949918
    outer loop
      vertex 0.93397 -6.2855 -4.88148
      vertex 0.442953 -5.32182 -4.54309
      vertex 0.321824 -5.44295 -4.54309
    endloop
  endfacet
  facet normal -0.0492115 -0.308643 0.949904
    outer loop
      vertex 0 -5.54752 -4.54309
      vertex -0.0140908 -6.5 -4.8533
      vertex 0 -6.5 -4.85257
    endloop
  endfacet
  facet normal -0.0488905 -0.308652 0.949918
    outer loop
      vertex -0.0140908 -6.5 -4.8533
      vertex 0 -5.54752 -4.54309
      vertex -0.169192 -5.52072 -4.54309
    endloop
  endfacet
  facet normal -0.0488855 0.308649 0.949919
    outer loop
      vertex -0.491017 -3.4888 -4.88148
      vertex -0.169192 -4.47928 -4.54309
      vertex 0 -3.41103 -4.88148
    endloop
  endfacet
  facet normal -0.308652 0.0488874 0.949918
    outer loop
      vertex -1.5 -4.98591 -4.8533
      vertex -0.54752 -5 -4.54309
      vertex -0.520722 -4.83081 -4.54309
    endloop
  endfacet
  facet normal -0.308643 0.0492143 0.949904
    outer loop
      vertex -0.54752 -5 -4.54309
      vertex -1.5 -4.98591 -4.8533
      vertex -1.5 -5 -4.85257
    endloop
  endfacet
  facet normal -0.148951 0.940446 0.305573
    outer loop
      vertex -1.06824 -1.71228 -7.45248
      vertex -0.963676 -2.03411 -6.41103
      vertex 0 -1.88148 -6.41103
    endloop
  endfacet
  facet normal 0.723915 -0.368857 -0.583002
    outer loop
      vertex 2.06457 -6.5 -10.3688
      vertex 2.35374 -5.76478 -10.4749
      vertex 2.47019 -6.5 -9.86514
    endloop
  endfacet
  facet normal 0.723916 -0.368857 -0.583
    outer loop
      vertex 2.35374 -5.76478 -10.4749
      vertex 2.06457 -6.5 -10.3688
      vertex 2.00221 -6.45469 -10.4749
    endloop
  endfacet
  facet normal -0.432276 0.848389 -0.305572
    outer loop
      vertex -0.963676 -2.03411 -9.58897
      vertex -1.57212 -2.21616 -9.23368
      vertex -1.06824 -1.71228 -8.54752
    endloop
  endfacet
  facet normal -0.432272 0.848394 -0.305563
    outer loop
      vertex -1.57212 -2.21616 -9.23368
      vertex -0.963676 -2.03411 -9.58897
      vertex -1.5 -2.27668 -9.50374
    endloop
  endfacet
  facet normal -0.432272 0.848384 -0.30559
    outer loop
      vertex -1.5 -2.27668 -9.50374
      vertex -0.963676 -2.03411 -9.58897
      vertex -1.5 -2.30738 -9.58897
    endloop
  endfacet
  facet normal -0.04889 0.308649 0.949919
    outer loop
      vertex -0.169192 -4.47928 -4.54309
      vertex 0 -4.45248 -4.54309
      vertex 0 -3.41103 -4.88148
    endloop
  endfacet
  facet normal 0.723897 -0.36885 0.583029
    outer loop
      vertex 2.00221 -6.45469 -5.52513
      vertex 2.391 -6 -5.7202
      vertex 2.23389 -6 -5.52513
    endloop
  endfacet
  facet normal 0.723894 -0.368844 0.583037
    outer loop
      vertex 2.06457 -6.5 -5.63122
      vertex 2.391 -6 -5.7202
      vertex 2.00221 -6.45469 -5.52513
    endloop
  endfacet
  facet normal 0.723905 -0.368855 0.583016
    outer loop
      vertex 2.391 -6 -5.7202
      vertex 2.06457 -6.5 -5.63122
      vertex 2.47019 -6.5 -6.13486
    endloop
  endfacet
  facet normal 0.269012 -0.527962 0.805537
    outer loop
      vertex 0.512993 -6.5 -4.88148
      vertex 1.08981 -6.5 -5.07411
      vertex 0.93397 -6.2855 -4.88148
    endloop
  endfacet
  facet normal -0.527942 -0.269002 -0.805553
    outer loop
      vertex -2.35374 -5.76478 -10.4749
      vertex -1.5112 -5.49102 -11.1185
      vertex -2.00221 -6.45469 -10.4749
    endloop
  endfacet
  facet normal -0.527938 0.269005 -0.805554
    outer loop
      vertex -2.00221 -3.54531 -10.4749
      vertex -1.2855 -4.06603 -11.1185
      vertex -1.5112 -4.50898 -11.1185
    endloop
  endfacet
  facet normal 0.308658 -0.0488883 -0.949916
    outer loop
      vertex 0.520722 -5.16919 -11.4569
      vertex 0.54752 -5 -11.4569
      vertex 1.58897 -5 -11.1185
    endloop
  endfacet
  facet normal -0.802468 -0.127099 -0.583002
    outer loop
      vertex -2.47487 -5 -10.4749
      vertex -2.76369 -5.35483 -10
      vertex -2.81989 -5 -10
    endloop
  endfacet
  facet normal -0.802468 -0.127099 -0.583002
    outer loop
      vertex -2.76369 -5.35483 -10
      vertex -2.47487 -5 -10.4749
      vertex -2.35374 -5.76478 -10.4749
    endloop
  endfacet
  facet normal -0.308658 -0.0488883 -0.949916
    outer loop
      vertex -1.58897 -5 -11.1185
      vertex -0.54752 -5 -11.4569
      vertex -0.520722 -5.16919 -11.4569
    endloop
  endfacet
  facet normal -0.418952 -0.418952 -0.80558
    outer loop
      vertex -1.08981 -6.5 -10.9259
      vertex -1.2855 -5.93397 -11.1185
      vertex -0.93397 -6.2855 -11.1185
    endloop
  endfacet
  facet normal -0.41899 -0.418957 -0.805557
    outer loop
      vertex -1.95691 -6.5 -10.4749
      vertex -1.2855 -5.93397 -11.1185
      vertex -1.08981 -6.5 -10.9259
    endloop
  endfacet
  facet normal -0.419018 -0.418926 -0.805559
    outer loop
      vertex -1.2855 -5.93397 -11.1185
      vertex -1.95691 -6.5 -10.4749
      vertex -2.00221 -6.45469 -10.4749
    endloop
  endfacet
  facet normal -0.092692 0.585229 -0.805553
    outer loop
      vertex -0.764777 -2.64626 -10.4749
      vertex 0 -2.52513 -10.4749
      vertex -0.491017 -3.4888 -11.1185
    endloop
  endfacet
  facet normal -0.723926 0.368845 -0.582996
    outer loop
      vertex -2.68187 -4.12861 -10
      vertex -2.44444 -3.66261 -10
      vertex -2.35374 -4.23522 -10.4749
    endloop
  endfacet
  facet normal -0.269003 0.527939 -0.805554
    outer loop
      vertex -1.45469 -2.99779 -10.4749
      vertex -0.491017 -3.4888 -11.1185
      vertex -0.93397 -3.7145 -11.1185
    endloop
  endfacet
  facet normal -0.269017 0.527966 0.805532
    outer loop
      vertex -1.45469 -2.99779 -5.52513
      vertex -0.93397 -3.7145 -4.88148
      vertex -0.491017 -3.4888 -4.88148
    endloop
  endfacet
  facet normal -0.432272 0.848384 0.30559
    outer loop
      vertex -0.963676 -2.03411 -6.41103
      vertex -1.5 -2.27668 -6.49626
      vertex -1.5 -2.30738 -6.41103
    endloop
  endfacet
  facet normal -0.432272 0.848394 0.305563
    outer loop
      vertex -0.963676 -2.03411 -6.41103
      vertex -1.57212 -2.21616 -6.76632
      vertex -1.5 -2.27668 -6.49626
    endloop
  endfacet
  facet normal -0.432276 0.848389 0.305572
    outer loop
      vertex -1.57212 -2.21616 -6.76632
      vertex -0.963676 -2.03411 -6.41103
      vertex -1.06824 -1.71228 -7.45248
    endloop
  endfacet
  facet normal -0.527962 0.26901 0.805537
    outer loop
      vertex -1.5 -4.48701 -4.88148
      vertex -1.2855 -4.06603 -4.88148
      vertex -1.5 -3.91019 -5.07411
    endloop
  endfacet
  facet normal 0.940491 -0.148847 -0.305486
    outer loop
      vertex 3.27691 -6 -8.61405
      vertex 3.29852 -6 -8.54752
      vertex 3.28772 -6.06824 -8.54752
    endloop
  endfacet
  facet normal 0.802468 0.127099 -0.583002
    outer loop
      vertex 2.47487 -5 -10.4749
      vertex 2.76369 -4.64517 -10
      vertex 2.81989 -5 -10
    endloop
  endfacet
  facet normal 0.802468 0.127099 -0.583002
    outer loop
      vertex 2.76369 -4.64517 -10
      vertex 2.47487 -5 -10.4749
      vertex 2.35374 -4.23522 -10.4749
    endloop
  endfacet
  facet normal 0.30865 -0.0488718 0.949919
    outer loop
      vertex 0.520722 -5.16919 -4.54309
      vertex 1.5 -5.48738 -4.87765
      vertex 1.5 -5.01409 -4.8533
    endloop
  endfacet
  facet normal 0.278644 0.141976 0.949842
    outer loop
      vertex 1.2855 -4.06603 -4.88148
      vertex 1.5 -4.51076 -4.87793
      vertex 1.5 -4.48701 -4.88148
    endloop
  endfacet
  facet normal 0.278434 0.141876 0.949919
    outer loop
      vertex 1.5 -4.51076 -4.87793
      vertex 1.2855 -4.06603 -4.88148
      vertex 0.442953 -4.67818 -4.54309
    endloop
  endfacet
  facet normal -0.269015 0.527969 0.805531
    outer loop
      vertex -1.45469 -2.99779 -5.52513
      vertex -0.491017 -3.4888 -4.88148
      vertex -0.764777 -2.64626 -5.52513
    endloop
  endfacet
  facet normal 0.723904 -0.368856 0.583017
    outer loop
      vertex 2.47019 -6.5 -6.13486
      vertex 2.94738 -6 -6.41103
      vertex 2.391 -6 -5.7202
    endloop
  endfacet
  facet normal 0.723898 -0.36884 0.583034
    outer loop
      vertex 2.94738 -6 -6.41103
      vertex 2.47019 -6.5 -6.13486
      vertex 2.69262 -6.5 -6.41103
    endloop
  endfacet
  facet normal 0.848392 -0.432273 0.305568
    outer loop
      vertex 2.69262 -6.5 -6.41103
      vertex 3.07768 -6 -6.7728
      vertex 2.94738 -6 -6.41103
    endloop
  endfacet
  facet normal 0.848392 -0.432271 0.305571
    outer loop
      vertex 3.07768 -6 -6.7728
      vertex 2.69262 -6.5 -6.41103
      vertex 2.85596 -6.5 -6.86453
    endloop
  endfacet
  facet normal 0.84839 -0.432271 0.305576
    outer loop
      vertex 3.07768 -6 -6.7728
      vertex 2.85596 -6.5 -6.86453
      vertex 3.28772 -6.06824 -7.45248
    endloop
  endfacet
  facet normal -0.585229 0.0926917 -0.805553
    outer loop
      vertex -2.47487 -5 -10.4749
      vertex -2.35374 -4.23522 -10.4749
      vertex -1.5112 -4.50898 -11.1185
    endloop
  endfacet
  facet normal -0.84839 -0.432271 0.305576
    outer loop
      vertex -2.85596 -6.5 -6.86453
      vertex -3.07768 -6 -6.7728
      vertex -3.28772 -6.06824 -7.45248
    endloop
  endfacet
  facet normal -0.848392 -0.432271 0.305571
    outer loop
      vertex -2.69262 -6.5 -6.41103
      vertex -3.07768 -6 -6.7728
      vertex -2.85596 -6.5 -6.86453
    endloop
  endfacet
  facet normal -0.848392 -0.432273 0.305568
    outer loop
      vertex -3.07768 -6 -6.7728
      vertex -2.69262 -6.5 -6.41103
      vertex -2.94738 -6 -6.41103
    endloop
  endfacet
  facet normal -0.940491 -0.148847 0.305486
    outer loop
      vertex -3.29852 -6 -7.45248
      vertex -3.28772 -6.06824 -7.45248
      vertex -3.27691 -6 -7.38595
    endloop
  endfacet
  facet normal -0.723898 -0.36884 0.583034
    outer loop
      vertex -2.47019 -6.5 -6.13486
      vertex -2.94738 -6 -6.41103
      vertex -2.69262 -6.5 -6.41103
    endloop
  endfacet
  facet normal -0.723904 -0.368856 0.583017
    outer loop
      vertex -2.94738 -6 -6.41103
      vertex -2.47019 -6.5 -6.13486
      vertex -2.391 -6 -5.7202
    endloop
  endfacet
  facet normal 0.574563 -0.574436 -0.58301
    outer loop
      vertex 1.95691 -6.5 -10.4749
      vertex 2.00221 -6.45469 -10.4749
      vertex 2.06457 -6.5 -10.3688
    endloop
  endfacet
  facet normal -0.574563 -0.574436 -0.58301
    outer loop
      vertex -2.06457 -6.5 -10.3688
      vertex -2.00221 -6.45469 -10.4749
      vertex -1.95691 -6.5 -10.4749
    endloop
  endfacet
  facet normal 0.987707 -0.156319 3.40084e-19
    outer loop
      vertex 3.28772 -6.06824 -7.45248
      vertex 3.29852 -6 -8.54752
      vertex 3.29852 -6 -7.45248
    endloop
  endfacet
  facet normal 0.987707 -0.156319 3.40084e-19
    outer loop
      vertex 3.29852 -6 -8.54752
      vertex 3.28772 -6.06824 -7.45248
      vertex 3.28772 -6.06824 -8.54752
    endloop
  endfacet
  facet normal -0.0488868 0.308657 -0.949916
    outer loop
      vertex -0.491017 -3.4888 -11.1185
      vertex 0 -3.41103 -11.1185
      vertex -0.169192 -4.47928 -11.4569
    endloop
  endfacet
  facet normal 0.308657 0.0488866 -0.949916
    outer loop
      vertex 0.520722 -4.83081 -11.4569
      vertex 1.5112 -4.50898 -11.1185
      vertex 1.58897 -5 -11.1185
    endloop
  endfacet
  facet normal -0.269001 0.527942 -0.805553
    outer loop
      vertex -1.45469 -2.99779 -10.4749
      vertex -0.764777 -2.64626 -10.4749
      vertex -0.491017 -3.4888 -11.1185
    endloop
  endfacet
  facet normal -0.453995 0.891004 0
    outer loop
      vertex -1.06824 -1.71228 -8.54752
      vertex -1.75538 -2.0624 -7.45248
      vertex -1.06824 -1.71228 -7.45248
    endloop
  endfacet
  facet normal -0.453995 0.891004 0
    outer loop
      vertex -1.75538 -2.0624 -7.45248
      vertex -1.06824 -1.71228 -8.54752
      vertex -1.75538 -2.0624 -8.54752
    endloop
  endfacet
  facet normal -0.418947 0.419039 0.805537
    outer loop
      vertex -1.5 -3.04309 -5.52513
      vertex -0.93397 -3.7145 -4.88148
      vertex -1.45469 -2.99779 -5.52513
    endloop
  endfacet
  facet normal -0.418995 0.418997 0.805534
    outer loop
      vertex -1.5 -3.91019 -5.07411
      vertex -0.93397 -3.7145 -4.88148
      vertex -1.5 -3.04309 -5.52513
    endloop
  endfacet
  facet normal -0.418994 0.418994 0.805536
    outer loop
      vertex -0.93397 -3.7145 -4.88148
      vertex -1.5 -3.91019 -5.07411
      vertex -1.2855 -4.06603 -4.88148
    endloop
  endfacet
  facet normal -0.127097 0.802453 0.583022
    outer loop
      vertex -0.764777 -2.64626 -5.52513
      vertex 0 -2.52513 -5.52513
      vertex 0 -1.88148 -6.41103
    endloop
  endfacet
  facet normal -0.574417 0.574544 0.583047
    outer loop
      vertex -1.5 -3.04309 -5.52513
      vertex -1.45469 -2.99779 -5.52513
      vertex -1.5 -2.93543 -5.63122
    endloop
  endfacet
  facet normal 0.848386 -0.432289 -0.30556
    outer loop
      vertex 2.85596 -6.5 -9.13547
      vertex 3.28772 -6.06824 -8.54752
      vertex 3.06772 -6.5 -8.54752
    endloop
  endfacet
  facet normal 0.432272 0.848384 0.30559
    outer loop
      vertex 1.5 -2.27668 -6.49626
      vertex 0.963676 -2.03411 -6.41103
      vertex 1.5 -2.30738 -6.41103
    endloop
  endfacet
  facet normal 0.432272 0.848394 0.305563
    outer loop
      vertex 1.57212 -2.21616 -6.76632
      vertex 0.963676 -2.03411 -6.41103
      vertex 1.5 -2.27668 -6.49626
    endloop
  endfacet
  facet normal 0.432276 0.848389 0.305572
    outer loop
      vertex 0.963676 -2.03411 -6.41103
      vertex 1.57212 -2.21616 -6.76632
      vertex 1.06824 -1.71228 -7.45248
    endloop
  endfacet
  facet normal 0.14895 0.940447 -0.305572
    outer loop
      vertex 0 -1.88148 -9.58897
      vertex 0 -1.54309 -8.54752
      vertex 1.06824 -1.71228 -8.54752
    endloop
  endfacet
  facet normal 0.723926 0.368845 -0.582996
    outer loop
      vertex 2.35374 -4.23522 -10.4749
      vertex 2.44444 -3.66261 -10
      vertex 2.68187 -4.12861 -10
    endloop
  endfacet
  facet normal 0.432272 0.848394 -0.305563
    outer loop
      vertex 0.963676 -2.03411 -9.58897
      vertex 1.57212 -2.21616 -9.23368
      vertex 1.5 -2.27668 -9.50374
    endloop
  endfacet
  facet normal 0.432272 0.848384 -0.30559
    outer loop
      vertex 0.963676 -2.03411 -9.58897
      vertex 1.5 -2.27668 -9.50374
      vertex 1.5 -2.30738 -9.58897
    endloop
  endfacet
  facet normal 0.432276 0.848389 -0.305572
    outer loop
      vertex 1.57212 -2.21616 -9.23368
      vertex 0.963676 -2.03411 -9.58897
      vertex 1.06824 -1.71228 -8.54752
    endloop
  endfacet
  facet normal 0.418947 0.419039 0.805537
    outer loop
      vertex 0.93397 -3.7145 -4.88148
      vertex 1.5 -3.04309 -5.52513
      vertex 1.45469 -2.99779 -5.52513
    endloop
  endfacet
  facet normal 0.418995 0.418997 0.805534
    outer loop
      vertex 1.5 -3.04309 -5.52513
      vertex 0.93397 -3.7145 -4.88148
      vertex 1.5 -3.91019 -5.07411
    endloop
  endfacet
  facet normal 0.418994 0.418994 0.805536
    outer loop
      vertex 1.5 -3.91019 -5.07411
      vertex 0.93397 -3.7145 -4.88148
      vertex 1.2855 -4.06603 -4.88148
    endloop
  endfacet
  facet normal 0.30865 0.0488718 0.949919
    outer loop
      vertex 0.520722 -4.83081 -4.54309
      vertex 1.5 -4.98591 -4.8533
      vertex 1.5 -4.51262 -4.87765
    endloop
  endfacet
  facet normal 0.220969 0.220969 0.949919
    outer loop
      vertex 0.93397 -3.7145 -4.88148
      vertex 0.442953 -4.67818 -4.54309
      vertex 1.2855 -4.06603 -4.88148
    endloop
  endfacet
  facet normal 0.22097 0.220968 0.949918
    outer loop
      vertex 0.442953 -4.67818 -4.54309
      vertex 0.93397 -3.7145 -4.88148
      vertex 0.321824 -4.55705 -4.54309
    endloop
  endfacet
  facet normal -0.278434 -0.141869 0.94992
    outer loop
      vertex -1.5 -5.48738 -4.87765
      vertex -0.442953 -5.32182 -4.54309
      vertex -0.520722 -5.16919 -4.54309
    endloop
  endfacet
  facet normal -0.278226 -0.142983 0.949814
    outer loop
      vertex -0.442953 -5.32182 -4.54309
      vertex -1.5 -5.48738 -4.87765
      vertex -1.5 -5.48924 -4.87793
    endloop
  endfacet
  facet normal -0.574502 0.574502 -0.583006
    outer loop
      vertex -2.00221 -3.54531 -10.4749
      vertex -1.65749 -2.71866 -10
      vertex -1.45469 -2.99779 -10.4749
    endloop
  endfacet
  facet normal -0.574502 0.574502 -0.583006
    outer loop
      vertex -1.65749 -2.71866 -10
      vertex -2.00221 -3.54531 -10.4749
      vertex -2.28134 -3.34251 -10
    endloop
  endfacet
  facet normal -0.418977 0.418977 -0.805554
    outer loop
      vertex -1.2855 -4.06603 -11.1185
      vertex -1.45469 -2.99779 -10.4749
      vertex -0.93397 -3.7145 -11.1185
    endloop
  endfacet
  facet normal -0.418977 0.418977 -0.805554
    outer loop
      vertex -1.45469 -2.99779 -10.4749
      vertex -1.2855 -4.06603 -11.1185
      vertex -2.00221 -3.54531 -10.4749
    endloop
  endfacet
  facet normal -0.432281 0.848388 -0.305567
    outer loop
      vertex -1.75538 -2.0624 -8.54752
      vertex -1.06824 -1.71228 -8.54752
      vertex -1.57212 -2.21616 -9.23368
    endloop
  endfacet
  facet normal -0.368843 0.723897 -0.583034
    outer loop
      vertex -0.963676 -2.03411 -9.58897
      vertex -1.5 -2.52981 -9.86514
      vertex -1.5 -2.30738 -9.58897
    endloop
  endfacet
  facet normal -0.368864 0.723906 -0.583009
    outer loop
      vertex -1.5 -2.52981 -9.86514
      vertex -0.963676 -2.03411 -9.58897
      vertex -0.764777 -2.64626 -10.4749
    endloop
  endfacet
  facet normal -0.987707 -0.156319 -3.40084e-19
    outer loop
      vertex -3.28772 -6.06824 -8.54752
      vertex -3.29852 -6 -7.45248
      vertex -3.29852 -6 -8.54752
    endloop
  endfacet
  facet normal -0.987707 -0.156319 -3.40084e-19
    outer loop
      vertex -3.29852 -6 -7.45248
      vertex -3.28772 -6.06824 -8.54752
      vertex -3.28772 -6.06824 -7.45248
    endloop
  endfacet
  facet normal -0.80247 0.127106 -0.582997
    outer loop
      vertex -2.76369 -4.64517 -10
      vertex -2.68187 -4.12861 -10
      vertex -2.35374 -4.23522 -10.4749
    endloop
  endfacet
  facet normal -0.802468 0.127099 -0.583002
    outer loop
      vertex -2.47487 -5 -10.4749
      vertex -2.76369 -4.64517 -10
      vertex -2.35374 -4.23522 -10.4749
    endloop
  endfacet
  facet normal -0.802468 0.127099 -0.583002
    outer loop
      vertex -2.76369 -4.64517 -10
      vertex -2.47487 -5 -10.4749
      vertex -2.81989 -5 -10
    endloop
  endfacet
  facet normal -0.848386 -0.432289 0.30556
    outer loop
      vertex -3.28772 -6.06824 -7.45248
      vertex -3.06772 -6.5 -7.45248
      vertex -2.85596 -6.5 -6.86453
    endloop
  endfacet
  facet normal -0.940446 -0.148943 0.305578
    outer loop
      vertex -3.28772 -6.06824 -7.45248
      vertex -3.07768 -6 -6.7728
      vertex -3.27691 -6 -7.38595
    endloop
  endfacet
  facet normal -0.940491 -0.148847 -0.305486
    outer loop
      vertex -3.29852 -6 -8.54752
      vertex -3.27691 -6 -8.61405
      vertex -3.28772 -6.06824 -8.54752
    endloop
  endfacet
  facet normal -0.585229 -0.0926912 -0.805553
    outer loop
      vertex -2.47487 -5 -10.4749
      vertex -1.58897 -5 -11.1185
      vertex -1.5112 -5.49102 -11.1185
    endloop
  endfacet
  facet normal -0.278444 -0.141874 -0.949916
    outer loop
      vertex -1.5112 -5.49102 -11.1185
      vertex -0.520722 -5.16919 -11.4569
      vertex -0.442953 -5.32182 -11.4569
    endloop
  endfacet
  facet normal -0.723916 -0.368857 -0.583
    outer loop
      vertex -2.06457 -6.5 -10.3688
      vertex -2.35374 -5.76478 -10.4749
      vertex -2.00221 -6.45469 -10.4749
    endloop
  endfacet
  facet normal -0.723915 -0.368857 -0.583002
    outer loop
      vertex -2.35374 -5.76478 -10.4749
      vertex -2.06457 -6.5 -10.3688
      vertex -2.47019 -6.5 -9.86514
    endloop
  endfacet
  facet normal -0.585229 -0.0926917 -0.805553
    outer loop
      vertex -2.47487 -5 -10.4749
      vertex -1.5112 -5.49102 -11.1185
      vertex -2.35374 -5.76478 -10.4749
    endloop
  endfacet
  facet normal 0.527938 -0.269005 -0.805554
    outer loop
      vertex 1.2855 -5.93397 -11.1185
      vertex 1.5112 -5.49102 -11.1185
      vertex 2.00221 -6.45469 -10.4749
    endloop
  endfacet
  facet normal -0.278443 -0.141877 -0.949916
    outer loop
      vertex -1.5112 -5.49102 -11.1185
      vertex -0.442953 -5.32182 -11.4569
      vertex -1.2855 -5.93397 -11.1185
    endloop
  endfacet
  facet normal 0.527938 0.269005 -0.805554
    outer loop
      vertex 1.2855 -4.06603 -11.1185
      vertex 2.00221 -3.54531 -10.4749
      vertex 1.5112 -4.50898 -11.1185
    endloop
  endfacet
  facet normal 0.269003 0.527939 -0.805554
    outer loop
      vertex 0.491017 -3.4888 -11.1185
      vertex 1.45469 -2.99779 -10.4749
      vertex 0.93397 -3.7145 -11.1185
    endloop
  endfacet
  facet normal -0.14895 0.940447 0.305572
    outer loop
      vertex -1.06824 -1.71228 -7.45248
      vertex 0 -1.88148 -6.41103
      vertex 0 -1.54309 -7.45248
    endloop
  endfacet
  facet normal -0.127095 0.802453 0.583024
    outer loop
      vertex -0.963676 -2.03411 -6.41103
      vertex -0.764777 -2.64626 -5.52513
      vertex 0 -1.88148 -6.41103
    endloop
  endfacet
  facet normal -0.368852 0.723901 0.583023
    outer loop
      vertex -0.963676 -2.03411 -6.41103
      vertex -1.5 -2.52981 -6.13486
      vertex -0.764777 -2.64626 -5.52513
    endloop
  endfacet
  facet normal -0.368843 0.723897 0.583034
    outer loop
      vertex -1.5 -2.52981 -6.13486
      vertex -0.963676 -2.03411 -6.41103
      vertex -1.5 -2.30738 -6.41103
    endloop
  endfacet
  facet normal 0.368844 0.723894 0.583037
    outer loop
      vertex 1.5 -2.93543 -5.63122
      vertex 0.764777 -2.64626 -5.52513
      vertex 1.45469 -2.99779 -5.52513
    endloop
  endfacet
  facet normal 0.368847 0.723907 0.583018
    outer loop
      vertex 0.764777 -2.64626 -5.52513
      vertex 1.5 -2.93543 -5.63122
      vertex 1.5 -2.52981 -6.13486
    endloop
  endfacet
  facet normal 0.269017 0.527966 0.805532
    outer loop
      vertex 0.491017 -3.4888 -4.88148
      vertex 0.93397 -3.7145 -4.88148
      vertex 1.45469 -2.99779 -5.52513
    endloop
  endfacet
  facet normal -0.278437 0.141871 0.949919
    outer loop
      vertex -1.5 -4.48701 -4.88148
      vertex -0.442953 -4.67818 -4.54309
      vertex -1.2855 -4.06603 -4.88148
    endloop
  endfacet
  facet normal -0.278413 0.141986 0.949908
    outer loop
      vertex -0.442953 -4.67818 -4.54309
      vertex -1.5 -4.48701 -4.88148
      vertex -1.5 -4.51076 -4.87793
    endloop
  endfacet
  facet normal -0.278435 0.14187 0.949919
    outer loop
      vertex -1.5 -4.51076 -4.87793
      vertex -0.520722 -4.83081 -4.54309
      vertex -0.442953 -4.67818 -4.54309
    endloop
  endfacet
  facet normal -0.27805 0.14299 0.949864
    outer loop
      vertex -0.520722 -4.83081 -4.54309
      vertex -1.5 -4.51076 -4.87793
      vertex -1.5 -4.51262 -4.87765
    endloop
  endfacet
  facet normal -0.368844 0.723894 0.583037
    outer loop
      vertex -0.764777 -2.64626 -5.52513
      vertex -1.5 -2.93543 -5.63122
      vertex -1.45469 -2.99779 -5.52513
    endloop
  endfacet
  facet normal -0.368847 0.723907 0.583018
    outer loop
      vertex -1.5 -2.93543 -5.63122
      vertex -0.764777 -2.64626 -5.52513
      vertex -1.5 -2.52981 -6.13486
    endloop
  endfacet
  facet normal -0.141871 0.278436 0.949919
    outer loop
      vertex -0.491017 -3.4888 -4.88148
      vertex -0.321824 -4.55705 -4.54309
      vertex -0.169192 -4.47928 -4.54309
    endloop
  endfacet
  facet normal 0.574544 -0.574417 0.583047
    outer loop
      vertex 1.95691 -6.5 -5.52513
      vertex 2.06457 -6.5 -5.63122
      vertex 2.00221 -6.45469 -5.52513
    endloop
  endfacet
  facet normal 0.940491 -0.148847 0.305486
    outer loop
      vertex 3.27691 -6 -7.38595
      vertex 3.28772 -6.06824 -7.45248
      vertex 3.29852 -6 -7.45248
    endloop
  endfacet
  facet normal 0.156432 0.987689 -0
    outer loop
      vertex 1.06824 -1.71228 -8.54752
      vertex 0 -1.54309 -7.45248
      vertex 1.06824 -1.71228 -7.45248
    endloop
  endfacet
  facet normal 0.156432 0.987689 0
    outer loop
      vertex 0 -1.54309 -7.45248
      vertex 1.06824 -1.71228 -8.54752
      vertex 0 -1.54309 -8.54752
    endloop
  endfacet
  facet normal 0.453995 0.891004 -0
    outer loop
      vertex 1.75538 -2.0624 -8.54752
      vertex 1.06824 -1.71228 -7.45248
      vertex 1.75538 -2.0624 -7.45248
    endloop
  endfacet
  facet normal 0.453995 0.891004 0
    outer loop
      vertex 1.06824 -1.71228 -7.45248
      vertex 1.75538 -2.0624 -8.54752
      vertex 1.06824 -1.71228 -8.54752
    endloop
  endfacet
  facet normal -0.0926917 0.585229 -0.805553
    outer loop
      vertex -0.491017 -3.4888 -11.1185
      vertex 0 -2.52513 -10.4749
      vertex 0 -3.41103 -11.1185
    endloop
  endfacet
  facet normal 0.148951 0.940446 -0.305573
    outer loop
      vertex 0 -1.88148 -9.58897
      vertex 1.06824 -1.71228 -8.54752
      vertex 0.963676 -2.03411 -9.58897
    endloop
  endfacet
  facet normal 0.574502 0.574502 -0.583006
    outer loop
      vertex 2.00221 -3.54531 -10.4749
      vertex 1.65749 -2.71866 -10
      vertex 2.28134 -3.34251 -10
    endloop
  endfacet
  facet normal 0.574502 0.574502 -0.583006
    outer loop
      vertex 1.65749 -2.71866 -10
      vertex 2.00221 -3.54531 -10.4749
      vertex 1.45469 -2.99779 -10.4749
    endloop
  endfacet
  facet normal 0.368834 0.723925 -0.583004
    outer loop
      vertex 1.65749 -2.71866 -10
      vertex 1.45469 -2.99779 -10.4749
      vertex 1.5 -2.63842 -10
    endloop
  endfacet
  facet normal 0.368856 0.723917 -0.583
    outer loop
      vertex 0.764777 -2.64626 -10.4749
      vertex 1.5 -2.63842 -10
      vertex 1.45469 -2.99779 -10.4749
    endloop
  endfacet
  facet normal 0.368859 0.723912 -0.583005
    outer loop
      vertex 1.5 -2.63842 -10
      vertex 0.764777 -2.64626 -10.4749
      vertex 1.5 -2.52981 -9.86514
    endloop
  endfacet
  facet normal 0.432281 0.848388 0.305567
    outer loop
      vertex 1.06824 -1.71228 -7.45248
      vertex 1.57212 -2.21616 -6.76632
      vertex 1.75538 -2.0624 -7.45248
    endloop
  endfacet
  facet normal 0.14895 0.940447 0.305572
    outer loop
      vertex 0 -1.88148 -6.41103
      vertex 1.06824 -1.71228 -7.45248
      vertex 0 -1.54309 -7.45248
    endloop
  endfacet
  facet normal 0.723913 0.368854 -0.583006
    outer loop
      vertex 2.44444 -3.66261 -10
      vertex 2.00221 -3.54531 -10.4749
      vertex 2.28134 -3.34251 -10
    endloop
  endfacet
  facet normal 0.723913 0.368856 -0.583006
    outer loop
      vertex 2.00221 -3.54531 -10.4749
      vertex 2.44444 -3.66261 -10
      vertex 2.35374 -4.23522 -10.4749
    endloop
  endfacet
  facet normal 0.278443 0.141877 -0.949916
    outer loop
      vertex 0.442953 -4.67818 -11.4569
      vertex 1.2855 -4.06603 -11.1185
      vertex 1.5112 -4.50898 -11.1185
    endloop
  endfacet
  facet normal 0.269015 0.527969 0.805531
    outer loop
      vertex 0.491017 -3.4888 -4.88148
      vertex 1.45469 -2.99779 -5.52513
      vertex 0.764777 -2.64626 -5.52513
    endloop
  endfacet
  facet normal 0.141873 0.278436 0.949919
    outer loop
      vertex 0.321824 -4.55705 -4.54309
      vertex 0.93397 -3.7145 -4.88148
      vertex 0.491017 -3.4888 -4.88148
    endloop
  endfacet
  facet normal 0.04889 0.308649 0.949919
    outer loop
      vertex 0 -4.45248 -4.54309
      vertex 0.169192 -4.47928 -4.54309
      vertex 0 -3.41103 -4.88148
    endloop
  endfacet
  facet normal -0.418994 -0.418994 0.805536
    outer loop
      vertex -1.2855 -5.93397 -4.88148
      vertex -1.08981 -6.5 -5.07411
      vertex -0.93397 -6.2855 -4.88148
    endloop
  endfacet
  facet normal -0.418997 -0.418995 0.805534
    outer loop
      vertex -1.2855 -5.93397 -4.88148
      vertex -1.95691 -6.5 -5.52513
      vertex -1.08981 -6.5 -5.07411
    endloop
  endfacet
  facet normal -0.419039 -0.418947 0.805537
    outer loop
      vertex -1.95691 -6.5 -5.52513
      vertex -1.2855 -5.93397 -4.88148
      vertex -2.00221 -6.45469 -5.52513
    endloop
  endfacet
  facet normal 0.141871 0.278436 0.949919
    outer loop
      vertex 0.169192 -4.47928 -4.54309
      vertex 0.321824 -4.55705 -4.54309
      vertex 0.491017 -3.4888 -4.88148
    endloop
  endfacet
  facet normal 0.0488855 0.308649 0.949919
    outer loop
      vertex 0 -3.41103 -4.88148
      vertex 0.169192 -4.47928 -4.54309
      vertex 0.491017 -3.4888 -4.88148
    endloop
  endfacet
  facet normal 0.0488905 -0.308652 0.949918
    outer loop
      vertex 0 -5.54752 -4.54309
      vertex 0.0140908 -6.5 -4.8533
      vertex 0.169192 -5.52072 -4.54309
    endloop
  endfacet
  facet normal 0.0492115 -0.308643 0.949904
    outer loop
      vertex 0.0140908 -6.5 -4.8533
      vertex 0 -5.54752 -4.54309
      vertex 0 -6.5 -4.85257
    endloop
  endfacet
  facet normal 0 0 1
    outer loop
      vertex 0.520722 -4.83081 -4.54309
      vertex 0.520722 -5.16919 -4.54309
      vertex 0.54752 -5 -4.54309
    endloop
  endfacet
  facet normal 0 0 1
    outer loop
      vertex 0.442953 -4.67818 -4.54309
      vertex 0.520722 -5.16919 -4.54309
      vertex 0.520722 -4.83081 -4.54309
    endloop
  endfacet
  facet normal 0 0 1
    outer loop
      vertex 0.442953 -4.67818 -4.54309
      vertex 0.442953 -5.32182 -4.54309
      vertex 0.520722 -5.16919 -4.54309
    endloop
  endfacet
  facet normal 0 0 1
    outer loop
      vertex 0.321824 -4.55705 -4.54309
      vertex 0.442953 -5.32182 -4.54309
      vertex 0.442953 -4.67818 -4.54309
    endloop
  endfacet
  facet normal 0 0 1
    outer loop
      vertex 0.321824 -4.55705 -4.54309
      vertex 0.321824 -5.44295 -4.54309
      vertex 0.442953 -5.32182 -4.54309
    endloop
  endfacet
  facet normal 0 0 1
    outer loop
      vertex 0.169192 -4.47928 -4.54309
      vertex 0.321824 -5.44295 -4.54309
      vertex 0.321824 -4.55705 -4.54309
    endloop
  endfacet
  facet normal 0 0 1
    outer loop
      vertex 0.169192 -4.47928 -4.54309
      vertex 0.169192 -5.52072 -4.54309
      vertex 0.321824 -5.44295 -4.54309
    endloop
  endfacet
  facet normal 0 0 1
    outer loop
      vertex 0 -4.45248 -4.54309
      vertex 0.169192 -5.52072 -4.54309
      vertex 0.169192 -4.47928 -4.54309
    endloop
  endfacet
  facet normal 0 0 1
    outer loop
      vertex 0 -4.45248 -4.54309
      vertex 0 -5.54752 -4.54309
      vertex 0.169192 -5.52072 -4.54309
    endloop
  endfacet
  facet normal -0 0 1
    outer loop
      vertex -0.169192 -4.47928 -4.54309
      vertex 0 -5.54752 -4.54309
      vertex 0 -4.45248 -4.54309
    endloop
  endfacet
  facet normal 0 0 1
    outer loop
      vertex -0.169192 -4.47928 -4.54309
      vertex -0.169192 -5.52072 -4.54309
      vertex 0 -5.54752 -4.54309
    endloop
  endfacet
  facet normal -0 0 1
    outer loop
      vertex -0.321824 -4.55705 -4.54309
      vertex -0.169192 -5.52072 -4.54309
      vertex -0.169192 -4.47928 -4.54309
    endloop
  endfacet
  facet normal 0 0 1
    outer loop
      vertex -0.321824 -4.55705 -4.54309
      vertex -0.321824 -5.44295 -4.54309
      vertex -0.169192 -5.52072 -4.54309
    endloop
  endfacet
  facet normal -0 0 1
    outer loop
      vertex -0.442953 -4.67818 -4.54309
      vertex -0.321824 -5.44295 -4.54309
      vertex -0.321824 -4.55705 -4.54309
    endloop
  endfacet
  facet normal 0 0 1
    outer loop
      vertex -0.442953 -4.67818 -4.54309
      vertex -0.442953 -5.32182 -4.54309
      vertex -0.321824 -5.44295 -4.54309
    endloop
  endfacet
  facet normal -0 0 1
    outer loop
      vertex -0.520722 -4.83081 -4.54309
      vertex -0.442953 -5.32182 -4.54309
      vertex -0.442953 -4.67818 -4.54309
    endloop
  endfacet
  facet normal 0 0 1
    outer loop
      vertex -0.520722 -4.83081 -4.54309
      vertex -0.520722 -5.16919 -4.54309
      vertex -0.442953 -5.32182 -4.54309
    endloop
  endfacet
  facet normal 0 -0 1
    outer loop
      vertex -0.520722 -5.16919 -4.54309
      vertex -0.520722 -4.83081 -4.54309
      vertex -0.54752 -5 -4.54309
    endloop
  endfacet
  facet normal 0.308643 0.0492143 0.949904
    outer loop
      vertex 1.5 -4.98591 -4.8533
      vertex 0.54752 -5 -4.54309
      vertex 1.5 -5 -4.85257
    endloop
  endfacet
  facet normal 0.308652 0.0488874 0.949918
    outer loop
      vertex 0.54752 -5 -4.54309
      vertex 1.5 -4.98591 -4.8533
      vertex 0.520722 -4.83081 -4.54309
    endloop
  endfacet
  facet normal 0.27805 -0.14299 0.949864
    outer loop
      vertex 0.520722 -5.16919 -4.54309
      vertex 1.5 -5.48924 -4.87793
      vertex 1.5 -5.48738 -4.87765
    endloop
  endfacet
  facet normal 0.278435 -0.14187 0.949919
    outer loop
      vertex 1.5 -5.48924 -4.87793
      vertex 0.520722 -5.16919 -4.54309
      vertex 0.442953 -5.32182 -4.54309
    endloop
  endfacet
  facet normal 0.419039 -0.418947 0.805537
    outer loop
      vertex 1.2855 -5.93397 -4.88148
      vertex 1.95691 -6.5 -5.52513
      vertex 2.00221 -6.45469 -5.52513
    endloop
  endfacet
  facet normal 0.418997 -0.418995 0.805534
    outer loop
      vertex 1.2855 -5.93397 -4.88148
      vertex 1.08981 -6.5 -5.07411
      vertex 1.95691 -6.5 -5.52513
    endloop
  endfacet
  facet normal 0.418994 -0.418994 0.805536
    outer loop
      vertex 1.08981 -6.5 -5.07411
      vertex 1.2855 -5.93397 -4.88148
      vertex 0.93397 -6.2855 -4.88148
    endloop
  endfacet
  facet normal 0.585229 -0.0926917 -0.805553
    outer loop
      vertex 1.5112 -5.49102 -11.1185
      vertex 2.47487 -5 -10.4749
      vertex 2.35374 -5.76478 -10.4749
    endloop
  endfacet
  facet normal -0.368859 0.723912 -0.583005
    outer loop
      vertex -0.764777 -2.64626 -10.4749
      vertex -1.5 -2.63842 -10
      vertex -1.5 -2.52981 -9.86514
    endloop
  endfacet
  facet normal -0.368856 0.723917 -0.583
    outer loop
      vertex -1.45469 -2.99779 -10.4749
      vertex -1.5 -2.63842 -10
      vertex -0.764777 -2.64626 -10.4749
    endloop
  endfacet
  facet normal -0.368834 0.723925 -0.583004
    outer loop
      vertex -1.5 -2.63842 -10
      vertex -1.45469 -2.99779 -10.4749
      vertex -1.65749 -2.71866 -10
    endloop
  endfacet
  facet normal -0.940446 -0.148943 -0.305578
    outer loop
      vertex -3.28772 -6.06824 -8.54752
      vertex -3.27691 -6 -8.61405
      vertex -3.07768 -6 -9.2272
    endloop
  endfacet
  facet normal -0.848392 -0.432273 -0.305568
    outer loop
      vertex -2.69262 -6.5 -9.58897
      vertex -3.07768 -6 -9.2272
      vertex -2.94738 -6 -9.58897
    endloop
  endfacet
  facet normal -0.848392 -0.432271 -0.305571
    outer loop
      vertex -3.07768 -6 -9.2272
      vertex -2.69262 -6.5 -9.58897
      vertex -2.85596 -6.5 -9.13547
    endloop
  endfacet
  facet normal -0.84839 -0.432271 -0.305576
    outer loop
      vertex -3.07768 -6 -9.2272
      vertex -2.85596 -6.5 -9.13547
      vertex -3.28772 -6.06824 -8.54752
    endloop
  endfacet
  facet normal -0.527942 0.269002 -0.805553
    outer loop
      vertex -2.35374 -4.23522 -10.4749
      vertex -2.00221 -3.54531 -10.4749
      vertex -1.5112 -4.50898 -11.1185
    endloop
  endfacet
  facet normal -0.723913 0.368854 -0.583006
    outer loop
      vertex -2.00221 -3.54531 -10.4749
      vertex -2.44444 -3.66261 -10
      vertex -2.28134 -3.34251 -10
    endloop
  endfacet
  facet normal -0.723913 0.368856 -0.583006
    outer loop
      vertex -2.44444 -3.66261 -10
      vertex -2.00221 -3.54531 -10.4749
      vertex -2.35374 -4.23522 -10.4749
    endloop
  endfacet
  facet normal -0.574544 -0.574417 0.583047
    outer loop
      vertex -2.06457 -6.5 -5.63122
      vertex -1.95691 -6.5 -5.52513
      vertex -2.00221 -6.45469 -5.52513
    endloop
  endfacet
  facet normal -0.278434 -0.141876 0.949919
    outer loop
      vertex -1.5 -5.48924 -4.87793
      vertex -1.2855 -5.93397 -4.88148
      vertex -0.442953 -5.32182 -4.54309
    endloop
  endfacet
  facet normal -0.278644 -0.141976 0.949842
    outer loop
      vertex -1.2855 -5.93397 -4.88148
      vertex -1.5 -5.48924 -4.87793
      vertex -1.5 -5.51299 -4.88148
    endloop
  endfacet
  facet normal -0.723897 -0.36885 0.583029
    outer loop
      vertex -2.391 -6 -5.7202
      vertex -2.00221 -6.45469 -5.52513
      vertex -2.23389 -6 -5.52513
    endloop
  endfacet
  facet normal -0.723905 -0.368855 0.583016
    outer loop
      vertex -2.06457 -6.5 -5.63122
      vertex -2.391 -6 -5.7202
      vertex -2.47019 -6.5 -6.13486
    endloop
  endfacet
  facet normal -0.723894 -0.368844 0.583037
    outer loop
      vertex -2.391 -6 -5.7202
      vertex -2.06457 -6.5 -5.63122
      vertex -2.00221 -6.45469 -5.52513
    endloop
  endfacet
  facet normal -0.585229 0.0926912 -0.805553
    outer loop
      vertex -2.47487 -5 -10.4749
      vertex -1.5112 -4.50898 -11.1185
      vertex -1.58897 -5 -11.1185
    endloop
  endfacet
  facet normal -0.80247 -0.127106 -0.582997
    outer loop
      vertex -2.76369 -5.35483 -10
      vertex -2.35374 -5.76478 -10.4749
      vertex -2.68187 -5.87139 -10
    endloop
  endfacet
  facet normal -0.723942 -0.36881 -0.582998
    outer loop
      vertex -2.35374 -5.76478 -10.4749
      vertex -2.61635 -6 -10
      vertex -2.68187 -5.87139 -10
    endloop
  endfacet
  facet normal -0.72391 -0.368862 -0.583006
    outer loop
      vertex -2.47019 -6.5 -9.86514
      vertex -2.61635 -6 -10
      vertex -2.35374 -5.76478 -10.4749
    endloop
  endfacet
  facet normal -0.723906 -0.368862 -0.58301
    outer loop
      vertex -2.47019 -6.5 -9.86514
      vertex -2.94738 -6 -9.58897
      vertex -2.61635 -6 -10
    endloop
  endfacet
  facet normal -0.723898 -0.36884 -0.583034
    outer loop
      vertex -2.94738 -6 -9.58897
      vertex -2.47019 -6.5 -9.86514
      vertex -2.69262 -6.5 -9.58897
    endloop
  endfacet
  facet normal -0.308657 -0.0488866 -0.949916
    outer loop
      vertex -1.58897 -5 -11.1185
      vertex -0.520722 -5.16919 -11.4569
      vertex -1.5112 -5.49102 -11.1185
    endloop
  endfacet
  facet normal 0.127096 0.802462 -0.58301
    outer loop
      vertex 0 -1.88148 -9.58897
      vertex 0.963676 -2.03411 -9.58897
      vertex 0.764777 -2.64626 -10.4749
    endloop
  endfacet
  facet normal -0.432281 0.848388 0.305567
    outer loop
      vertex -1.75538 -2.0624 -7.45248
      vertex -1.57212 -2.21616 -6.76632
      vertex -1.06824 -1.71228 -7.45248
    endloop
  endfacet
  facet normal -0.148951 0.940446 -0.305573
    outer loop
      vertex -1.06824 -1.71228 -8.54752
      vertex 0 -1.88148 -9.58897
      vertex -0.963676 -2.03411 -9.58897
    endloop
  endfacet
  facet normal -0.14895 0.940447 -0.305572
    outer loop
      vertex -1.06824 -1.71228 -8.54752
      vertex 0 -1.54309 -8.54752
      vertex 0 -1.88148 -9.58897
    endloop
  endfacet
  facet normal 0.0926967 0.585258 0.805531
    outer loop
      vertex 0 -2.52513 -5.52513
      vertex 0.491017 -3.4888 -4.88148
      vertex 0.764777 -2.64626 -5.52513
    endloop
  endfacet
  facet normal 0.127097 0.802453 0.583022
    outer loop
      vertex 0 -2.52513 -5.52513
      vertex 0.764777 -2.64626 -5.52513
      vertex 0 -1.88148 -6.41103
    endloop
  endfacet
  facet normal -0.0926967 0.585258 0.805531
    outer loop
      vertex -0.764777 -2.64626 -5.52513
      vertex -0.491017 -3.4888 -4.88148
      vertex 0 -2.52513 -5.52513
    endloop
  endfacet
  facet normal -0.0926964 0.585258 0.805531
    outer loop
      vertex -0.491017 -3.4888 -4.88148
      vertex 0 -3.41103 -4.88148
      vertex 0 -2.52513 -5.52513
    endloop
  endfacet
  facet normal 0.940446 -0.148943 -0.305578
    outer loop
      vertex 3.07768 -6 -9.2272
      vertex 3.27691 -6 -8.61405
      vertex 3.28772 -6.06824 -8.54752
    endloop
  endfacet
  facet normal 0.308643 -0.0492143 0.949904
    outer loop
      vertex 0.54752 -5 -4.54309
      vertex 1.5 -5.01409 -4.8533
      vertex 1.5 -5 -4.85257
    endloop
  endfacet
  facet normal 0.308652 -0.0488874 0.949918
    outer loop
      vertex 1.5 -5.01409 -4.8533
      vertex 0.54752 -5 -4.54309
      vertex 0.520722 -5.16919 -4.54309
    endloop
  endfacet
  facet normal 0.368843 0.723897 0.583034
    outer loop
      vertex 0.963676 -2.03411 -6.41103
      vertex 1.5 -2.52981 -6.13486
      vertex 1.5 -2.30738 -6.41103
    endloop
  endfacet
  facet normal 0.368852 0.723901 0.583023
    outer loop
      vertex 1.5 -2.52981 -6.13486
      vertex 0.963676 -2.03411 -6.41103
      vertex 0.764777 -2.64626 -5.52513
    endloop
  endfacet
  facet normal 0.127095 0.802453 0.583024
    outer loop
      vertex 0 -1.88148 -6.41103
      vertex 0.764777 -2.64626 -5.52513
      vertex 0.963676 -2.03411 -6.41103
    endloop
  endfacet
  facet normal -0.156432 0.987689 0
    outer loop
      vertex 0 -1.54309 -8.54752
      vertex -1.06824 -1.71228 -7.45248
      vertex 0 -1.54309 -7.45248
    endloop
  endfacet
  facet normal -0.156432 0.987689 0
    outer loop
      vertex -1.06824 -1.71228 -7.45248
      vertex 0 -1.54309 -8.54752
      vertex -1.06824 -1.71228 -8.54752
    endloop
  endfacet
  facet normal 0.127099 0.802463 -0.583009
    outer loop
      vertex 0 -2.52513 -10.4749
      vertex 0 -1.88148 -9.58897
      vertex 0.764777 -2.64626 -10.4749
    endloop
  endfacet
  facet normal -0.127099 0.802463 -0.583009
    outer loop
      vertex -0.764777 -2.64626 -10.4749
      vertex 0 -1.88148 -9.58897
      vertex 0 -2.52513 -10.4749
    endloop
  endfacet
  facet normal 0.80247 0.127106 -0.582997
    outer loop
      vertex 2.35374 -4.23522 -10.4749
      vertex 2.68187 -4.12861 -10
      vertex 2.76369 -4.64517 -10
    endloop
  endfacet
  facet normal 0.585229 -0.0926912 -0.805553
    outer loop
      vertex 1.5112 -5.49102 -11.1185
      vertex 1.58897 -5 -11.1185
      vertex 2.47487 -5 -10.4749
    endloop
  endfacet
  facet normal 0.268985 -0.527908 -0.805581
    outer loop
      vertex 0.512993 -6.5 -11.1185
      vertex 0.93397 -6.2855 -11.1185
      vertex 1.08981 -6.5 -10.9259
    endloop
  endfacet
  facet normal 0.802468 -0.127099 -0.583002
    outer loop
      vertex 2.76369 -5.35483 -10
      vertex 2.47487 -5 -10.4749
      vertex 2.81989 -5 -10
    endloop
  endfacet
  facet normal 0.802468 -0.127099 -0.583002
    outer loop
      vertex 2.47487 -5 -10.4749
      vertex 2.76369 -5.35483 -10
      vertex 2.35374 -5.76478 -10.4749
    endloop
  endfacet
  facet normal 0.80247 -0.127106 -0.582997
    outer loop
      vertex 2.35374 -5.76478 -10.4749
      vertex 2.76369 -5.35483 -10
      vertex 2.68187 -5.87139 -10
    endloop
  endfacet
  facet normal 0.368843 0.723897 -0.583034
    outer loop
      vertex 1.5 -2.52981 -9.86514
      vertex 0.963676 -2.03411 -9.58897
      vertex 1.5 -2.30738 -9.58897
    endloop
  endfacet
  facet normal 0.368864 0.723906 -0.583009
    outer loop
      vertex 0.963676 -2.03411 -9.58897
      vertex 1.5 -2.52981 -9.86514
      vertex 0.764777 -2.64626 -10.4749
    endloop
  endfacet
  facet normal 0.278644 -0.141976 0.949842
    outer loop
      vertex 1.5 -5.48924 -4.87793
      vertex 1.2855 -5.93397 -4.88148
      vertex 1.5 -5.51299 -4.88148
    endloop
  endfacet
  facet normal 0.278434 -0.141876 0.949919
    outer loop
      vertex 1.2855 -5.93397 -4.88148
      vertex 1.5 -5.48924 -4.87793
      vertex 0.442953 -5.32182 -4.54309
    endloop
  endfacet
  facet normal 0.527967 -0.269013 0.805533
    outer loop
      vertex 1.5 -5.51299 -4.88148
      vertex 1.2855 -5.93397 -4.88148
      vertex 1.5 -6 -5.04412
    endloop
  endfacet
  facet normal 0.527943 -0.269047 0.805537
    outer loop
      vertex 1.5 -6 -5.04412
      vertex 2.00221 -6.45469 -5.52513
      vertex 1.77054 -6 -5.22143
    endloop
  endfacet
  facet normal 0.527965 -0.269018 0.805532
    outer loop
      vertex 2.00221 -6.45469 -5.52513
      vertex 1.5 -6 -5.04412
      vertex 1.2855 -5.93397 -4.88148
    endloop
  endfacet
  facet normal 0.527976 -0.269022 0.805524
    outer loop
      vertex 1.77054 -6 -5.22143
      vertex 2.00221 -6.45469 -5.52513
      vertex 2.23389 -6 -5.52513
    endloop
  endfacet
  facet normal 0.27805 0.14299 0.949864
    outer loop
      vertex 1.5 -4.51076 -4.87793
      vertex 0.520722 -4.83081 -4.54309
      vertex 1.5 -4.51262 -4.87765
    endloop
  endfacet
  facet normal 0.278435 0.14187 0.949919
    outer loop
      vertex 0.520722 -4.83081 -4.54309
      vertex 1.5 -4.51076 -4.87793
      vertex 0.442953 -4.67818 -4.54309
    endloop
  endfacet
  facet normal -0.141884 -0.278463 -0.949909
    outer loop
      vertex -0.487379 -6.5 -11.1223
      vertex -0.321824 -5.44295 -11.4569
      vertex -0.169192 -5.52072 -11.4569
    endloop
  endfacet
  facet normal -0.102185 -0.285621 -0.952879
    outer loop
      vertex -0.321824 -5.44295 -11.4569
      vertex -0.487379 -6.5 -11.1223
      vertex -0.489244 -6.5 -11.1221
    endloop
  endfacet
  facet normal -0.527976 -0.269022 0.805524
    outer loop
      vertex -2.23389 -6 -5.52513
      vertex -2.00221 -6.45469 -5.52513
      vertex -1.77054 -6 -5.22143
    endloop
  endfacet
  facet normal 0.141982 -0.278653 0.949839
    outer loop
      vertex 0.93397 -6.2855 -4.88148
      vertex 0.489244 -6.5 -4.87793
      vertex 0.512993 -6.5 -4.88148
    endloop
  endfacet
  facet normal 0.141876 -0.278433 0.949919
    outer loop
      vertex 0.489244 -6.5 -4.87793
      vertex 0.93397 -6.2855 -4.88148
      vertex 0.321824 -5.44295 -4.54309
    endloop
  endfacet
  facet normal -0.527938 -0.269005 -0.805554
    outer loop
      vertex -2.00221 -6.45469 -10.4749
      vertex -1.5112 -5.49102 -11.1185
      vertex -1.2855 -5.93397 -11.1185
    endloop
  endfacet
  facet normal 0.0488868 0.308657 -0.949916
    outer loop
      vertex 0 -3.41103 -11.1185
      vertex 0.491017 -3.4888 -11.1185
      vertex 0.169192 -4.47928 -11.4569
    endloop
  endfacet
  facet normal 0.220975 0.220975 -0.949916
    outer loop
      vertex 0.442953 -4.67818 -11.4569
      vertex 0.93397 -3.7145 -11.1185
      vertex 1.2855 -4.06603 -11.1185
    endloop
  endfacet
  facet normal 0.220976 0.220974 -0.949916
    outer loop
      vertex 0.93397 -3.7145 -11.1185
      vertex 0.442953 -4.67818 -11.4569
      vertex 0.321824 -4.55705 -11.4569
    endloop
  endfacet
  facet normal 0.527942 -0.269002 -0.805553
    outer loop
      vertex 1.5112 -5.49102 -11.1185
      vertex 2.35374 -5.76478 -10.4749
      vertex 2.00221 -6.45469 -10.4749
    endloop
  endfacet
  facet normal 0.102185 -0.285621 -0.952879
    outer loop
      vertex 0.487379 -6.5 -11.1223
      vertex 0.321824 -5.44295 -11.4569
      vertex 0.489244 -6.5 -11.1221
    endloop
  endfacet
  facet normal 0.141884 -0.278463 -0.949909
    outer loop
      vertex 0.321824 -5.44295 -11.4569
      vertex 0.487379 -6.5 -11.1223
      vertex 0.169192 -5.52072 -11.4569
    endloop
  endfacet
  facet normal 0.048972 -0.308654 -0.949913
    outer loop
      vertex 0.0140908 -6.5 -11.1467
      vertex 0.169192 -5.52072 -11.4569
      vertex 0.487379 -6.5 -11.1223
    endloop
  endfacet
  facet normal -0.141873 0.278436 0.949919
    outer loop
      vertex -0.93397 -3.7145 -4.88148
      vertex -0.321824 -4.55705 -4.54309
      vertex -0.491017 -3.4888 -4.88148
    endloop
  endfacet
  facet normal -0.22097 0.220968 0.949918
    outer loop
      vertex -0.93397 -3.7145 -4.88148
      vertex -0.442953 -4.67818 -4.54309
      vertex -0.321824 -4.55705 -4.54309
    endloop
  endfacet
  facet normal -0.220969 0.220969 0.949919
    outer loop
      vertex -0.442953 -4.67818 -4.54309
      vertex -0.93397 -3.7145 -4.88148
      vertex -1.2855 -4.06603 -4.88148
    endloop
  endfacet
  facet normal 0.848386 -0.432289 0.30556
    outer loop
      vertex 2.85596 -6.5 -6.86453
      vertex 3.06772 -6.5 -7.45248
      vertex 3.28772 -6.06824 -7.45248
    endloop
  endfacet
  facet normal 0.418977 0.418977 -0.805554
    outer loop
      vertex 1.2855 -4.06603 -11.1185
      vertex 1.45469 -2.99779 -10.4749
      vertex 2.00221 -3.54531 -10.4749
    endloop
  endfacet
  facet normal 0.418977 0.418977 -0.805554
    outer loop
      vertex 1.45469 -2.99779 -10.4749
      vertex 1.2855 -4.06603 -11.1185
      vertex 0.93397 -3.7145 -11.1185
    endloop
  endfacet
  facet normal 0.891 -0.454002 -6.29821e-18
    outer loop
      vertex 3.06772 -6.5 -7.45248
      vertex 3.28772 -6.06824 -8.54752
      vertex 3.28772 -6.06824 -7.45248
    endloop
  endfacet
  facet normal 0.891 -0.454002 -6.29821e-18
    outer loop
      vertex 3.28772 -6.06824 -8.54752
      vertex 3.06772 -6.5 -7.45248
      vertex 3.06772 -6.5 -8.54752
    endloop
  endfacet
  facet normal -0.30865 -0.0488718 0.949919
    outer loop
      vertex -1.5 -5.48738 -4.87765
      vertex -0.520722 -5.16919 -4.54309
      vertex -1.5 -5.01409 -4.8533
    endloop
  endfacet
  facet normal -0.308643 -0.0492143 0.949904
    outer loop
      vertex -1.5 -5.01409 -4.8533
      vertex -0.54752 -5 -4.54309
      vertex -1.5 -5 -4.85257
    endloop
  endfacet
  facet normal -0.308652 -0.0488874 0.949918
    outer loop
      vertex -0.54752 -5 -4.54309
      vertex -1.5 -5.01409 -4.8533
      vertex -0.520722 -5.16919 -4.54309
    endloop
  endfacet
  facet normal -0.141869 -0.278433 0.94992
    outer loop
      vertex -0.321824 -5.44295 -4.54309
      vertex -0.487379 -6.5 -4.87765
      vertex -0.169192 -5.52072 -4.54309
    endloop
  endfacet
  facet normal -0.142605 -0.278296 0.94985
    outer loop
      vertex -0.487379 -6.5 -4.87765
      vertex -0.321824 -5.44295 -4.54309
      vertex -0.489244 -6.5 -4.87793
    endloop
  endfacet
  facet normal -0.048872 -0.30865 0.949919
    outer loop
      vertex -0.487379 -6.5 -4.87765
      vertex -0.0140908 -6.5 -4.8533
      vertex -0.169192 -5.52072 -4.54309
    endloop
  endfacet
  facet normal -0.269012 -0.527962 0.805537
    outer loop
      vertex -1.08981 -6.5 -5.07411
      vertex -0.512993 -6.5 -4.88148
      vertex -0.93397 -6.2855 -4.88148
    endloop
  endfacet
  facet normal 0.141877 0.278443 -0.949916
    outer loop
      vertex 0.321824 -4.55705 -11.4569
      vertex 0.491017 -3.4888 -11.1185
      vertex 0.93397 -3.7145 -11.1185
    endloop
  endfacet
  facet normal -0.268985 -0.527908 -0.805581
    outer loop
      vertex -1.08981 -6.5 -10.9259
      vertex -0.93397 -6.2855 -11.1185
      vertex -0.512993 -6.5 -11.1185
    endloop
  endfacet
  facet normal 0.585229 0.0926917 -0.805553
    outer loop
      vertex 1.5112 -4.50898 -11.1185
      vertex 2.35374 -4.23522 -10.4749
      vertex 2.47487 -5 -10.4749
    endloop
  endfacet
  facet normal 0.527942 0.269002 -0.805553
    outer loop
      vertex 1.5112 -4.50898 -11.1185
      vertex 2.00221 -3.54531 -10.4749
      vertex 2.35374 -4.23522 -10.4749
    endloop
  endfacet
  facet normal 0.143782 -0.282187 -0.948524
    outer loop
      vertex 0.489244 -6.5 -11.1221
      vertex 0.93397 -6.2855 -11.1185
      vertex 0.512993 -6.5 -11.1185
    endloop
  endfacet
  facet normal 0.14196 -0.278385 -0.949921
    outer loop
      vertex 0.93397 -6.2855 -11.1185
      vertex 0.489244 -6.5 -11.1221
      vertex 0.321824 -5.44295 -11.4569
    endloop
  endfacet
  facet normal 0.278444 0.141874 -0.949916
    outer loop
      vertex 0.442953 -4.67818 -11.4569
      vertex 1.5112 -4.50898 -11.1185
      vertex 0.520722 -4.83081 -11.4569
    endloop
  endfacet
  facet normal 0.141874 0.278444 -0.949916
    outer loop
      vertex 0.169192 -4.47928 -11.4569
      vertex 0.491017 -3.4888 -11.1185
      vertex 0.321824 -4.55705 -11.4569
    endloop
  endfacet
  facet normal 0.278443 -0.141877 -0.949916
    outer loop
      vertex 0.442953 -5.32182 -11.4569
      vertex 1.5112 -5.49102 -11.1185
      vertex 1.2855 -5.93397 -11.1185
    endloop
  endfacet
  facet normal 0.527962 0.26901 0.805537
    outer loop
      vertex 1.2855 -4.06603 -4.88148
      vertex 1.5 -4.48701 -4.88148
      vertex 1.5 -3.91019 -5.07411
    endloop
  endfacet
  facet normal 0.092692 0.585229 -0.805553
    outer loop
      vertex 0 -2.52513 -10.4749
      vertex 0.764777 -2.64626 -10.4749
      vertex 0.491017 -3.4888 -11.1185
    endloop
  endfacet
  facet normal 0.269001 0.527942 -0.805553
    outer loop
      vertex 0.491017 -3.4888 -11.1185
      vertex 0.764777 -2.64626 -10.4749
      vertex 1.45469 -2.99779 -10.4749
    endloop
  endfacet
  facet normal 0.723898 -0.36884 -0.583034
    outer loop
      vertex 2.47019 -6.5 -9.86514
      vertex 2.94738 -6 -9.58897
      vertex 2.69262 -6.5 -9.58897
    endloop
  endfacet
  facet normal 0.723942 -0.36881 -0.582998
    outer loop
      vertex 2.61635 -6 -10
      vertex 2.35374 -5.76478 -10.4749
      vertex 2.68187 -5.87139 -10
    endloop
  endfacet
  facet normal 0.723906 -0.368862 -0.58301
    outer loop
      vertex 2.94738 -6 -9.58897
      vertex 2.47019 -6.5 -9.86514
      vertex 2.61635 -6 -10
    endloop
  endfacet
  facet normal 0.72391 -0.368862 -0.583006
    outer loop
      vertex 2.61635 -6 -10
      vertex 2.47019 -6.5 -9.86514
      vertex 2.35374 -5.76478 -10.4749
    endloop
  endfacet
  facet normal 0.84839 -0.432271 -0.305576
    outer loop
      vertex 2.85596 -6.5 -9.13547
      vertex 3.07768 -6 -9.2272
      vertex 3.28772 -6.06824 -8.54752
    endloop
  endfacet
  facet normal 0.848392 -0.432271 -0.305571
    outer loop
      vertex 2.69262 -6.5 -9.58897
      vertex 3.07768 -6 -9.2272
      vertex 2.85596 -6.5 -9.13547
    endloop
  endfacet
  facet normal 0.848392 -0.432273 -0.305568
    outer loop
      vertex 3.07768 -6 -9.2272
      vertex 2.69262 -6.5 -9.58897
      vertex 2.94738 -6 -9.58897
    endloop
  endfacet
  facet normal 0.048872 -0.30865 0.949919
    outer loop
      vertex 0.0140908 -6.5 -4.8533
      vertex 0.487379 -6.5 -4.87765
      vertex 0.169192 -5.52072 -4.54309
    endloop
  endfacet
  facet normal 0.142605 -0.278296 0.94985
    outer loop
      vertex 0.321824 -5.44295 -4.54309
      vertex 0.487379 -6.5 -4.87765
      vertex 0.489244 -6.5 -4.87793
    endloop
  endfacet
  facet normal 0.141869 -0.278433 0.94992
    outer loop
      vertex 0.487379 -6.5 -4.87765
      vertex 0.321824 -5.44295 -4.54309
      vertex 0.169192 -5.52072 -4.54309
    endloop
  endfacet
  facet normal -0.527967 -0.269013 0.805533
    outer loop
      vertex -1.5 -6 -5.04412
      vertex -1.2855 -5.93397 -4.88148
      vertex -1.5 -5.51299 -4.88148
    endloop
  endfacet
  facet normal -0.527965 -0.269018 0.805532
    outer loop
      vertex -1.5 -6 -5.04412
      vertex -2.00221 -6.45469 -5.52513
      vertex -1.2855 -5.93397 -4.88148
    endloop
  endfacet
  facet normal -0.527943 -0.269047 0.805537
    outer loop
      vertex -2.00221 -6.45469 -5.52513
      vertex -1.5 -6 -5.04412
      vertex -1.77054 -6 -5.22143
    endloop
  endfacet
  facet normal -0.22097 -0.220968 0.949918
    outer loop
      vertex -0.442953 -5.32182 -4.54309
      vertex -0.93397 -6.2855 -4.88148
      vertex -0.321824 -5.44295 -4.54309
    endloop
  endfacet
  facet normal -0.220969 -0.220969 0.949919
    outer loop
      vertex -0.93397 -6.2855 -4.88148
      vertex -0.442953 -5.32182 -4.54309
      vertex -1.2855 -5.93397 -4.88148
    endloop
  endfacet
  facet normal -0.141992 -0.278411 0.949908
    outer loop
      vertex -0.321824 -5.44295 -4.54309
      vertex -0.512993 -6.5 -4.88148
      vertex -0.489244 -6.5 -4.87793
    endloop
  endfacet
  facet normal -0.141872 -0.278437 0.949919
    outer loop
      vertex -0.512993 -6.5 -4.88148
      vertex -0.321824 -5.44295 -4.54309
      vertex -0.93397 -6.2855 -4.88148
    endloop
  endfacet
  facet normal -0.143965 -0.278007 -0.94973
    outer loop
      vertex -0.512993 -6.5 -11.1185
      vertex -0.321824 -5.44295 -11.4569
      vertex -0.489244 -6.5 -11.1221
    endloop
  endfacet
  facet normal -0.141875 -0.278444 -0.949916
    outer loop
      vertex -0.321824 -5.44295 -11.4569
      vertex -0.512993 -6.5 -11.1185
      vertex -0.93397 -6.2855 -11.1185
    endloop
  endfacet
  facet normal -0.220976 -0.220974 -0.949916
    outer loop
      vertex -0.93397 -6.2855 -11.1185
      vertex -0.442953 -5.32182 -11.4569
      vertex -0.321824 -5.44295 -11.4569
    endloop
  endfacet
  facet normal -0.220975 -0.220975 -0.949916
    outer loop
      vertex -0.442953 -5.32182 -11.4569
      vertex -0.93397 -6.2855 -11.1185
      vertex -1.2855 -5.93397 -11.1185
    endloop
  endfacet
  facet normal -0.048972 -0.308654 -0.949913
    outer loop
      vertex -0.487379 -6.5 -11.1223
      vertex -0.169192 -5.52072 -11.4569
      vertex -0.0140908 -6.5 -11.1467
    endloop
  endfacet
  facet normal 0.0488913 0.308658 -0.949916
    outer loop
      vertex 0 -4.45248 -11.4569
      vertex 0 -3.41103 -11.1185
      vertex 0.169192 -4.47928 -11.4569
    endloop
  endfacet
  facet normal 0.419018 -0.418926 -0.805559
    outer loop
      vertex 1.95691 -6.5 -10.4749
      vertex 1.2855 -5.93397 -11.1185
      vertex 2.00221 -6.45469 -10.4749
    endloop
  endfacet
  facet normal 0.41899 -0.418957 -0.805557
    outer loop
      vertex 1.08981 -6.5 -10.9259
      vertex 1.2855 -5.93397 -11.1185
      vertex 1.95691 -6.5 -10.4749
    endloop
  endfacet
  facet normal 0.418952 -0.418952 -0.80558
    outer loop
      vertex 1.2855 -5.93397 -11.1185
      vertex 1.08981 -6.5 -10.9259
      vertex 0.93397 -6.2855 -11.1185
    endloop
  endfacet
  facet normal 0 0 -1
    outer loop
      vertex 0.520722 -5.16919 -11.4569
      vertex 0.520722 -4.83081 -11.4569
      vertex 0.54752 -5 -11.4569
    endloop
  endfacet
  facet normal 0 0 -1
    outer loop
      vertex 0.442953 -5.32182 -11.4569
      vertex 0.520722 -4.83081 -11.4569
      vertex 0.520722 -5.16919 -11.4569
    endloop
  endfacet
  facet normal 0 0 -1
    outer loop
      vertex 0.442953 -5.32182 -11.4569
      vertex 0.442953 -4.67818 -11.4569
      vertex 0.520722 -4.83081 -11.4569
    endloop
  endfacet
  facet normal 0 0 -1
    outer loop
      vertex 0.321824 -5.44295 -11.4569
      vertex 0.442953 -4.67818 -11.4569
      vertex 0.442953 -5.32182 -11.4569
    endloop
  endfacet
  facet normal 0 0 -1
    outer loop
      vertex 0.321824 -5.44295 -11.4569
      vertex 0.321824 -4.55705 -11.4569
      vertex 0.442953 -4.67818 -11.4569
    endloop
  endfacet
  facet normal 0 0 -1
    outer loop
      vertex 0.169192 -5.52072 -11.4569
      vertex 0.321824 -4.55705 -11.4569
      vertex 0.321824 -5.44295 -11.4569
    endloop
  endfacet
  facet normal 0 0 -1
    outer loop
      vertex 0.169192 -5.52072 -11.4569
      vertex 0.169192 -4.47928 -11.4569
      vertex 0.321824 -4.55705 -11.4569
    endloop
  endfacet
  facet normal 0 0 -1
    outer loop
      vertex 0 -5.54752 -11.4569
      vertex 0.169192 -4.47928 -11.4569
      vertex 0.169192 -5.52072 -11.4569
    endloop
  endfacet
  facet normal 0 0 -1
    outer loop
      vertex 0 -5.54752 -11.4569
      vertex 0 -4.45248 -11.4569
      vertex 0.169192 -4.47928 -11.4569
    endloop
  endfacet
  facet normal 0 0 -1
    outer loop
      vertex -0.169192 -5.52072 -11.4569
      vertex 0 -4.45248 -11.4569
      vertex 0 -5.54752 -11.4569
    endloop
  endfacet
  facet normal 0 0 -1
    outer loop
      vertex -0.169192 -5.52072 -11.4569
      vertex -0.169192 -4.47928 -11.4569
      vertex 0 -4.45248 -11.4569
    endloop
  endfacet
  facet normal 0 0 -1
    outer loop
      vertex -0.321824 -5.44295 -11.4569
      vertex -0.169192 -4.47928 -11.4569
      vertex -0.169192 -5.52072 -11.4569
    endloop
  endfacet
  facet normal 0 0 -1
    outer loop
      vertex -0.321824 -5.44295 -11.4569
      vertex -0.321824 -4.55705 -11.4569
      vertex -0.169192 -4.47928 -11.4569
    endloop
  endfacet
  facet normal 0 0 -1
    outer loop
      vertex -0.442953 -5.32182 -11.4569
      vertex -0.321824 -4.55705 -11.4569
      vertex -0.321824 -5.44295 -11.4569
    endloop
  endfacet
  facet normal 0 0 -1
    outer loop
      vertex -0.442953 -5.32182 -11.4569
      vertex -0.442953 -4.67818 -11.4569
      vertex -0.321824 -4.55705 -11.4569
    endloop
  endfacet
  facet normal 0 0 -1
    outer loop
      vertex -0.520722 -5.16919 -11.4569
      vertex -0.442953 -4.67818 -11.4569
      vertex -0.442953 -5.32182 -11.4569
    endloop
  endfacet
  facet normal 0 0 -1
    outer loop
      vertex -0.520722 -5.16919 -11.4569
      vertex -0.520722 -4.83081 -11.4569
      vertex -0.442953 -4.67818 -11.4569
    endloop
  endfacet
  facet normal 0 -0 -1
    outer loop
      vertex -0.520722 -4.83081 -11.4569
      vertex -0.520722 -5.16919 -11.4569
      vertex -0.54752 -5 -11.4569
    endloop
  endfacet
  facet normal -0.220976 0.220974 -0.949916
    outer loop
      vertex -0.442953 -4.67818 -11.4569
      vertex -0.93397 -3.7145 -11.1185
      vertex -0.321824 -4.55705 -11.4569
    endloop
  endfacet
  facet normal -0.220975 0.220975 -0.949916
    outer loop
      vertex -0.93397 -3.7145 -11.1185
      vertex -0.442953 -4.67818 -11.4569
      vertex -1.2855 -4.06603 -11.1185
    endloop
  endfacet
  facet normal 0.0471935 -0.308691 -0.949991
    outer loop
      vertex 0 -5.54752 -11.4569
      vertex 0.0140908 -6.5 -11.1467
      vertex 0 -6.5 -11.1474
    endloop
  endfacet
  facet normal 0.0488891 -0.308643 -0.949921
    outer loop
      vertex 0.0140908 -6.5 -11.1467
      vertex 0 -5.54752 -11.4569
      vertex 0.169192 -5.52072 -11.4569
    endloop
  endfacet
  facet normal 0.220975 -0.220975 -0.949916
    outer loop
      vertex 0.93397 -6.2855 -11.1185
      vertex 0.442953 -5.32182 -11.4569
      vertex 1.2855 -5.93397 -11.1185
    endloop
  endfacet
  facet normal 0.220976 -0.220974 -0.949916
    outer loop
      vertex 0.442953 -5.32182 -11.4569
      vertex 0.93397 -6.2855 -11.1185
      vertex 0.321824 -5.44295 -11.4569
    endloop
  endfacet
  facet normal 0.308658 0.0488883 -0.949916
    outer loop
      vertex 0.520722 -4.83081 -11.4569
      vertex 1.58897 -5 -11.1185
      vertex 0.54752 -5 -11.4569
    endloop
  endfacet
  facet normal -0.278444 0.141874 -0.949916
    outer loop
      vertex -1.5112 -4.50898 -11.1185
      vertex -0.442953 -4.67818 -11.4569
      vertex -0.520722 -4.83081 -11.4569
    endloop
  endfacet
  facet normal 0.278444 -0.141874 -0.949916
    outer loop
      vertex 0.442953 -5.32182 -11.4569
      vertex 0.520722 -5.16919 -11.4569
      vertex 1.5112 -5.49102 -11.1185
    endloop
  endfacet
  facet normal -0.141874 0.278444 -0.949916
    outer loop
      vertex -0.491017 -3.4888 -11.1185
      vertex -0.169192 -4.47928 -11.4569
      vertex -0.321824 -4.55705 -11.4569
    endloop
  endfacet
  facet normal -0.141877 0.278443 -0.949916
    outer loop
      vertex -0.93397 -3.7145 -11.1185
      vertex -0.491017 -3.4888 -11.1185
      vertex -0.321824 -4.55705 -11.4569
    endloop
  endfacet
  facet normal -0.0471935 -0.308691 -0.949991
    outer loop
      vertex -0.0140908 -6.5 -11.1467
      vertex 0 -5.54752 -11.4569
      vertex 0 -6.5 -11.1474
    endloop
  endfacet
  facet normal -0.0488891 -0.308643 -0.949921
    outer loop
      vertex 0 -5.54752 -11.4569
      vertex -0.0140908 -6.5 -11.1467
      vertex -0.169192 -5.52072 -11.4569
    endloop
  endfacet
  facet normal -0.0488913 0.308658 -0.949916
    outer loop
      vertex -0.169192 -4.47928 -11.4569
      vertex 0 -3.41103 -11.1185
      vertex 0 -4.45248 -11.4569
    endloop
  endfacet
  facet normal -0.278443 0.141877 -0.949916
    outer loop
      vertex -1.5112 -4.50898 -11.1185
      vertex -1.2855 -4.06603 -11.1185
      vertex -0.442953 -4.67818 -11.4569
    endloop
  endfacet
  facet normal -0.308657 0.0488866 -0.949916
    outer loop
      vertex -1.58897 -5 -11.1185
      vertex -1.5112 -4.50898 -11.1185
      vertex -0.520722 -4.83081 -11.4569
    endloop
  endfacet
  facet normal -0.308658 0.0488883 -0.949916
    outer loop
      vertex -1.58897 -5 -11.1185
      vertex -0.520722 -4.83081 -11.4569
      vertex -0.54752 -5 -11.4569
    endloop
  endfacet
  facet normal -0 0.433884 0.900969
    outer loop
      vertex -1.5 -5 -9
      vertex 1.5 -5.78183 -8.62349
      vertex 1.5 -5 -9
    endloop
  endfacet
  facet normal 0 0.433884 0.900969
    outer loop
      vertex 1.5 -5.78183 -8.62349
      vertex -1.5 -5 -9
      vertex -1.5 -5.78183 -8.62349
    endloop
  endfacet
  facet normal -3.28514e-19 -0.781825 -0.623498
    outer loop
      vertex -1.5 -4.5 -7.18194
      vertex 1.5 -4.56612 -7.09903
      vertex -1.5 -4.56612 -7.09903
    endloop
  endfacet
  facet normal -3.28514e-19 -0.781825 -0.623498
    outer loop
      vertex 1.5 -4.56612 -7.09903
      vertex -1.5 -4.5 -7.18194
      vertex 1.5 -4.5 -7.18194
    endloop
  endfacet
  facet normal 0 -0.433888 0.900967
    outer loop
      vertex -1.5 -4.5 -8.75921
      vertex 1.5 -5 -9
      vertex 1.5 -4.5 -8.75921
    endloop
  endfacet
  facet normal 0 -0.433888 0.900967
    outer loop
      vertex 1.5 -5 -9
      vertex -1.5 -4.5 -8.75921
      vertex -1.5 -5 -9
    endloop
  endfacet
  facet normal 2.27649e-18 0.781829 -0.623493
    outer loop
      vertex 1.5 -5.97493 -7.77748
      vertex -1.5 -5.43388 -7.09903
      vertex 1.5 -5.43388 -7.09903
    endloop
  endfacet
  facet normal 2.27649e-18 0.781829 -0.623493
    outer loop
      vertex -1.5 -5.43388 -7.09903
      vertex 1.5 -5.97493 -7.77748
      vertex -1.5 -5.97493 -7.77748
    endloop
  endfacet
  facet normal -8.29276e-19 0.974927 0.222525
    outer loop
      vertex 1.5 -5.78183 -8.62349
      vertex -1.5 -5.97493 -7.77748
      vertex 1.5 -5.97493 -7.77748
    endloop
  endfacet
  facet normal -8.29276e-19 0.974927 0.222525
    outer loop
      vertex -1.5 -5.97493 -7.77748
      vertex 1.5 -5.78183 -8.62349
      vertex -1.5 -5.78183 -8.62349
    endloop
  endfacet
  facet normal 0 0 -1
    outer loop
      vertex -1.5 -5.43388 -7.09903
      vertex 1.5 -4.56612 -7.09903
      vertex 1.5 -5.43388 -7.09903
    endloop
  endfacet
  facet normal -0 0 -1
    outer loop
      vertex 1.5 -4.56612 -7.09903
      vertex -1.5 -5.43388 -7.09903
      vertex -1.5 -4.56612 -7.09903
    endloop
  endfacet
  facet normal 8.11115e-19 -0.781829 -0.623493
    outer loop
      vertex -1.5 -3.02507 -7.77748
      vertex 1.5 -3.56612 -7.09903
      vertex -1.5 -3.56612 -7.09903
    endloop
  endfacet
  facet normal 8.11115e-19 -0.781829 -0.623493
    outer loop
      vertex 1.5 -3.56612 -7.09903
      vertex -1.5 -3.02507 -7.77748
      vertex 1.5 -3.02507 -7.77748
    endloop
  endfacet
  facet normal 0 -0.433884 0.900969
    outer loop
      vertex -1.5 -3.21817 -8.62349
      vertex 1.5 -4 -9
      vertex 1.5 -3.21817 -8.62349
    endloop
  endfacet
  facet normal 0 -0.433884 0.900969
    outer loop
      vertex 1.5 -4 -9
      vertex -1.5 -3.21817 -8.62349
      vertex -1.5 -4 -9
    endloop
  endfacet
  facet normal 0 0 -1
    outer loop
      vertex -1.5 -4.43388 -7.09903
      vertex 1.5 -3.56612 -7.09903
      vertex 1.5 -4.43388 -7.09903
    endloop
  endfacet
  facet normal -0 0 -1
    outer loop
      vertex 1.5 -3.56612 -7.09903
      vertex -1.5 -4.43388 -7.09903
      vertex -1.5 -3.56612 -7.09903
    endloop
  endfacet
  facet normal 3.28514e-19 0.781825 -0.623498
    outer loop
      vertex 1.5 -4.5 -7.18194
      vertex -1.5 -4.43388 -7.09903
      vertex 1.5 -4.43388 -7.09903
    endloop
  endfacet
  facet normal 3.28514e-19 0.781825 -0.623498
    outer loop
      vertex -1.5 -4.43388 -7.09903
      vertex 1.5 -4.5 -7.18194
      vertex -1.5 -4.5 -7.18194
    endloop
  endfacet
  facet normal -0 0.433888 0.900967
    outer loop
      vertex -1.5 -4 -9
      vertex 1.5 -4.5 -8.75921
      vertex 1.5 -4 -9
    endloop
  endfacet
  facet normal 0 0.433888 0.900967
    outer loop
      vertex 1.5 -4.5 -8.75921
      vertex -1.5 -4 -9
      vertex -1.5 -4.5 -8.75921
    endloop
  endfacet
  facet normal 1.60033e-18 -0.974927 0.222525
    outer loop
      vertex -1.5 -3.21817 -8.62349
      vertex 1.5 -3.02507 -7.77748
      vertex -1.5 -3.02507 -7.77748
    endloop
  endfacet
  facet normal 1.60033e-18 -0.974927 0.222525
    outer loop
      vertex 1.5 -3.02507 -7.77748
      vertex -1.5 -3.21817 -8.62349
      vertex 1.5 -3.21817 -8.62349
    endloop
  endfacet
  facet normal 0 -1 0
    outer loop
      vertex -0.0140908 -6.5 -4.8533
      vertex 0.0140908 -6.5 -4.8533
      vertex 0 -6.5 -4.85257
    endloop
  endfacet
  facet normal 0 -1 0
    outer loop
      vertex -1.08981 -6.5 -5.07411
      vertex -0.0140908 -6.5 -4.8533
      vertex -0.487379 -6.5 -4.87765
    endloop
  endfacet
  facet normal 0 -1 -0
    outer loop
      vertex -0.0140908 -6.5 -4.8533
      vertex -1.08981 -6.5 -5.07411
      vertex 0.0140908 -6.5 -4.8533
    endloop
  endfacet
  facet normal 0 -1 0
    outer loop
      vertex -1.08981 -6.5 -5.07411
      vertex -0.487379 -6.5 -4.87765
      vertex -0.489244 -6.5 -4.87793
    endloop
  endfacet
  facet normal 0 -1 0
    outer loop
      vertex 1.08981 -6.5 -5.07411
      vertex 0.0140908 -6.5 -4.8533
      vertex -1.08981 -6.5 -5.07411
    endloop
  endfacet
  facet normal 0 -1 0
    outer loop
      vertex -1.08981 -6.5 -5.07411
      vertex -0.489244 -6.5 -4.87793
      vertex -0.512993 -6.5 -4.88148
    endloop
  endfacet
  facet normal 0 -1 0
    outer loop
      vertex 0.0140908 -6.5 -4.8533
      vertex 1.08981 -6.5 -5.07411
      vertex 0.487379 -6.5 -4.87765
    endloop
  endfacet
  facet normal 0 -1 0
    outer loop
      vertex 0.487379 -6.5 -4.87765
      vertex 1.08981 -6.5 -5.07411
      vertex 0.489244 -6.5 -4.87793
    endloop
  endfacet
  facet normal 0 -1 0
    outer loop
      vertex 0.489244 -6.5 -4.87793
      vertex 1.08981 -6.5 -5.07411
      vertex 0.512993 -6.5 -4.88148
    endloop
  endfacet
  facet normal 0 -1 0
    outer loop
      vertex -2.06457 -6.5 -5.63122
      vertex -1.08981 -6.5 -5.07411
      vertex -1.95691 -6.5 -5.52513
    endloop
  endfacet
  facet normal 0 -1 0
    outer loop
      vertex -2.47019 -6.5 -6.13486
      vertex -1.08981 -6.5 -5.07411
      vertex -2.06457 -6.5 -5.63122
    endloop
  endfacet
  facet normal 0 -1 -0
    outer loop
      vertex -1.08981 -6.5 -5.07411
      vertex -2.47019 -6.5 -6.13486
      vertex 1.08981 -6.5 -5.07411
    endloop
  endfacet
  facet normal 0 -1 0
    outer loop
      vertex 1.08981 -6.5 -5.07411
      vertex 2.06457 -6.5 -5.63122
      vertex 1.95691 -6.5 -5.52513
    endloop
  endfacet
  facet normal 0 -1 0
    outer loop
      vertex 2.47019 -6.5 -6.13486
      vertex 1.08981 -6.5 -5.07411
      vertex -2.47019 -6.5 -6.13486
    endloop
  endfacet
  facet normal 0 -1 0
    outer loop
      vertex 1.08981 -6.5 -5.07411
      vertex 2.47019 -6.5 -6.13486
      vertex 2.06457 -6.5 -5.63122
    endloop
  endfacet
  facet normal 0 -1 0
    outer loop
      vertex -2.85596 -6.5 -6.86453
      vertex -2.47019 -6.5 -6.13486
      vertex -2.69262 -6.5 -6.41103
    endloop
  endfacet
  facet normal 0 -1 -0
    outer loop
      vertex -2.47019 -6.5 -6.13486
      vertex -2.85596 -6.5 -6.86453
      vertex 2.47019 -6.5 -6.13486
    endloop
  endfacet
  facet normal 0 -1 0
    outer loop
      vertex 2.85596 -6.5 -6.86453
      vertex 2.47019 -6.5 -6.13486
      vertex -2.85596 -6.5 -6.86453
    endloop
  endfacet
  facet normal 0 -1 0
    outer loop
      vertex 2.47019 -6.5 -6.13486
      vertex 2.85596 -6.5 -6.86453
      vertex 2.69262 -6.5 -6.41103
    endloop
  endfacet
  facet normal 0 -1 0
    outer loop
      vertex -2.85596 -6.5 -9.13547
      vertex -2.85596 -6.5 -6.86453
      vertex -3.06772 -6.5 -7.45248
    endloop
  endfacet
  facet normal 0 -1 0
    outer loop
      vertex -2.85596 -6.5 -6.86453
      vertex -2.85596 -6.5 -9.13547
      vertex 2.85596 -6.5 -6.86453
    endloop
  endfacet
  facet normal 0 -1 0
    outer loop
      vertex -2.85596 -6.5 -9.13547
      vertex -3.06772 -6.5 -7.45248
      vertex -3.06772 -6.5 -8.54752
    endloop
  endfacet
  facet normal 0 -1 0
    outer loop
      vertex 2.85596 -6.5 -9.13547
      vertex 2.85596 -6.5 -6.86453
      vertex -2.85596 -6.5 -9.13547
    endloop
  endfacet
  facet normal 0 -1 0
    outer loop
      vertex 2.85596 -6.5 -6.86453
      vertex 2.85596 -6.5 -9.13547
      vertex 3.06772 -6.5 -7.45248
    endloop
  endfacet
  facet normal 0 -1 -0
    outer loop
      vertex 3.06772 -6.5 -7.45248
      vertex 2.85596 -6.5 -9.13547
      vertex 3.06772 -6.5 -8.54752
    endloop
  endfacet
  facet normal 0 -1 0
    outer loop
      vertex -2.47019 -6.5 -9.86514
      vertex -2.85596 -6.5 -9.13547
      vertex -2.69262 -6.5 -9.58897
    endloop
  endfacet
  facet normal 0 -1 0
    outer loop
      vertex -2.85596 -6.5 -9.13547
      vertex -2.47019 -6.5 -9.86514
      vertex 2.85596 -6.5 -9.13547
    endloop
  endfacet
  facet normal 0 -1 0
    outer loop
      vertex 2.47019 -6.5 -9.86514
      vertex 2.85596 -6.5 -9.13547
      vertex -2.47019 -6.5 -9.86514
    endloop
  endfacet
  facet normal 0 -1 0
    outer loop
      vertex 2.85596 -6.5 -9.13547
      vertex 2.47019 -6.5 -9.86514
      vertex 2.69262 -6.5 -9.58897
    endloop
  endfacet
  facet normal 0 -1 0
    outer loop
      vertex -1.08981 -6.5 -10.9259
      vertex -2.47019 -6.5 -9.86514
      vertex -2.06457 -6.5 -10.3688
    endloop
  endfacet
  facet normal 0 -1 0
    outer loop
      vertex -2.47019 -6.5 -9.86514
      vertex -1.08981 -6.5 -10.9259
      vertex 2.47019 -6.5 -9.86514
    endloop
  endfacet
  facet normal 0 -1 0
    outer loop
      vertex -1.08981 -6.5 -10.9259
      vertex -2.06457 -6.5 -10.3688
      vertex -1.95691 -6.5 -10.4749
    endloop
  endfacet
  facet normal 0 -1 0
    outer loop
      vertex 1.08981 -6.5 -10.9259
      vertex 2.47019 -6.5 -9.86514
      vertex -1.08981 -6.5 -10.9259
    endloop
  endfacet
  facet normal 0 -1 0
    outer loop
      vertex 2.47019 -6.5 -9.86514
      vertex 1.08981 -6.5 -10.9259
      vertex 2.06457 -6.5 -10.3688
    endloop
  endfacet
  facet normal 0 -1 0
    outer loop
      vertex 2.06457 -6.5 -10.3688
      vertex 1.08981 -6.5 -10.9259
      vertex 1.95691 -6.5 -10.4749
    endloop
  endfacet
  facet normal 0 -1 0
    outer loop
      vertex -0.489244 -6.5 -11.1221
      vertex -1.08981 -6.5 -10.9259
      vertex -0.512993 -6.5 -11.1185
    endloop
  endfacet
  facet normal 0 -1 0
    outer loop
      vertex -1.08981 -6.5 -10.9259
      vertex -0.0140908 -6.5 -11.1467
      vertex 1.08981 -6.5 -10.9259
    endloop
  endfacet
  facet normal 0 -1 0
    outer loop
      vertex -0.487379 -6.5 -11.1223
      vertex -1.08981 -6.5 -10.9259
      vertex -0.489244 -6.5 -11.1221
    endloop
  endfacet
  facet normal 0 -1 0
    outer loop
      vertex 0.0140908 -6.5 -11.1467
      vertex 1.08981 -6.5 -10.9259
      vertex -0.0140908 -6.5 -11.1467
    endloop
  endfacet
  facet normal 0 -1 0
    outer loop
      vertex -1.08981 -6.5 -10.9259
      vertex -0.487379 -6.5 -11.1223
      vertex -0.0140908 -6.5 -11.1467
    endloop
  endfacet
  facet normal -0 -1 0
    outer loop
      vertex 0.487379 -6.5 -11.1223
      vertex 1.08981 -6.5 -10.9259
      vertex 0.0140908 -6.5 -11.1467
    endloop
  endfacet
  facet normal 0 -1 0
    outer loop
      vertex 1.08981 -6.5 -10.9259
      vertex 0.489244 -6.5 -11.1221
      vertex 0.512993 -6.5 -11.1185
    endloop
  endfacet
  facet normal 0 -1 0
    outer loop
      vertex 1.08981 -6.5 -10.9259
      vertex 0.487379 -6.5 -11.1223
      vertex 0.489244 -6.5 -11.1221
    endloop
  endfacet
  facet normal -0 -1 0
    outer loop
      vertex 0.0140908 -6.5 -11.1467
      vertex -0.0140908 -6.5 -11.1467
      vertex 0 -6.5 -11.1474
    endloop
  endfacet
  facet normal -0.165327 0.724308 0.669361
    outer loop
      vertex -10.2386 8.29919 4.92388
      vertex -9.91484 8.37309 4.92388
      vertex -9.79442 8.90072 4.38268
    endloop
  endfacet
  facet normal -0.519901 -0.715261 0.467017
    outer loop
      vertex -10.576 7.27768 4.38268
      vertex -10.8364 6 2.13596
      vertex -10.7382 6 2.24528
    endloop
  endfacet
  facet normal -0.519513 -0.715477 0.467117
    outer loop
      vertex -10.6004 5.71418 1.96075
      vertex -10.576 7.27768 4.38268
      vertex -10.7382 6 2.24528
    endloop
  endfacet
  facet normal -0.519949 -0.715252 0.466976
    outer loop
      vertex -10.576 7.27768 4.38268
      vertex -10.6004 5.71418 1.96075
      vertex -10.415 5.3292 1.57752
    endloop
  endfacet
  facet normal 0.742939 -0 0.669359
    outer loop
      vertex -9.65521 7.83396 4.92388
      vertex -9.16761 8.40086 4.38268
      vertex -9.65521 8.16604 4.92388
    endloop
  endfacet
  facet normal 0.742939 0 0.669359
    outer loop
      vertex -9.16761 8.40086 4.38268
      vertex -9.65521 7.83396 4.92388
      vertex -9.16761 7.59914 4.38268
    endloop
  endfacet
  facet normal -0.165327 -0.724308 0.669361
    outer loop
      vertex -10.2386 7.70081 4.92388
      vertex -9.79442 7.09928 4.38268
      vertex -9.91484 7.62691 4.92388
    endloop
  endfacet
  facet normal 0.463212 -0.580854 0.669361
    outer loop
      vertex -9.79442 7.09928 4.38268
      vertex -9.16761 7.59914 4.38268
      vertex -9.65521 7.83396 4.92388
    endloop
  endfacet
  facet normal 0.463219 -0.580852 0.669357
    outer loop
      vertex -9.91484 7.62691 4.92388
      vertex -9.79442 7.09928 4.38268
      vertex -9.65521 7.83396 4.92388
    endloop
  endfacet
  facet normal 0.86252 -0.404532 0.303995
    outer loop
      vertex -9.16761 7.59914 4.38268
      vertex -9.01824 5.28671 0.881678
      vertex -8.78647 5.11832 0
    endloop
  endfacet
  facet normal 0.561584 -0.77295 -0.29525
    outer loop
      vertex -9.53647 4.57341 0
      vertex -9.01824 5.28671 -0.881678
      vertex -8.78647 5.11832 0
    endloop
  endfacet
  facet normal -0.669353 0.322389 0.669353
    outer loop
      vertex -10.9239 8 4.38268
      vertex -10.3827 8 4.92388
      vertex -10.576 8.72232 4.38268
    endloop
  endfacet
  facet normal -0.165327 -0.724308 0.669361
    outer loop
      vertex -10.576 7.27768 4.38268
      vertex -9.79442 7.09928 4.38268
      vertex -10.2386 7.70081 4.92388
    endloop
  endfacet
  facet normal -0.95087 0.308983 -0.0193984
    outer loop
      vertex -11.5 6 0
      vertex -10.9239 8 3.61732
      vertex -11.2135 6.88168 0
    endloop
  endfacet
  facet normal 0.988596 -0 0.150592
    outer loop
      vertex -9.16761 7.59914 4.38268
      vertex -8.5 6 0
      vertex -9.16761 8.40086 4.38268
    endloop
  endfacet
  facet normal -0.561568 0.772978 -0.295206
    outer loop
      vertex -11.2135 6.88168 0
      vertex -10.375 7.15413 -0.881678
      vertex -10.9818 6.71329 -0.881678
    endloop
  endfacet
  facet normal -0.8784 -0.37063 0.30174
    outer loop
      vertex -11.1249 6 1.34093
      vertex -10.9665 6 1.80205
      vertex -10.9239 8 4.38268
    endloop
  endfacet
  facet normal -0.165327 0.724308 0.669361
    outer loop
      vertex -10.576 8.72232 4.38268
      vertex -10.2386 8.29919 4.92388
      vertex -9.79442 8.90072 4.38268
    endloop
  endfacet
  facet normal -0.18535 -0.812029 0.553402
    outer loop
      vertex -10.415 5.3292 1.57752
      vertex -9.79442 7.09928 4.38268
      vertex -10.576 7.27768 4.38268
    endloop
  endfacet
  facet normal -0.185279 -0.812048 0.553398
    outer loop
      vertex -9.79442 7.09928 4.38268
      vertex -10.415 5.3292 1.57752
      vertex -10.3015 5.13114 1.32489
    endloop
  endfacet
  facet normal 0.623487 0.781834 -0
    outer loop
      vertex -9.16761 8.40086 3.61732
      vertex -9.79442 8.90072 4.38268
      vertex -9.16761 8.40086 4.38268
    endloop
  endfacet
  facet normal 0.623487 0.781834 0
    outer loop
      vertex -9.79442 8.90072 4.38268
      vertex -9.16761 8.40086 3.61732
      vertex -9.79442 8.90072 3.61732
    endloop
  endfacet
  facet normal 0.356823 -0.491121 -0.794655
    outer loop
      vertex -9.85676 5.55916 -1.42658
      vertex -9.01824 5.28671 -0.881678
      vertex -9.625 4.84587 -0.881678
    endloop
  endfacet
  facet normal -0.85015 -0.409297 0.331241
    outer loop
      vertex -10.8364 6 2.13596
      vertex -10.9239 8 4.38268
      vertex -10.9665 6 1.80205
    endloop
  endfacet
  facet normal -0.850048 -0.409419 0.331354
    outer loop
      vertex -10.9239 8 4.38268
      vertex -10.8364 6 2.13596
      vertex -10.576 7.27768 4.38268
    endloop
  endfacet
  facet normal 2.26259e-06 -0.840876 0.541227
    outer loop
      vertex -9.625 4.84587 0.881678
      vertex -10.3015 5.13114 1.32489
      vertex -10.2702 5.08389 1.25148
    endloop
  endfacet
  facet normal 0 -0.840878 0.541224
    outer loop
      vertex -9.625 4.84587 0.881678
      vertex -10.2702 5.08389 1.25148
      vertex -10.2325 4.84587 0.881678
    endloop
  endfacet
  facet normal 2.75449e-06 -0.840876 0.541228
    outer loop
      vertex -10.3015 5.13114 1.32489
      vertex -9.625 4.84587 0.881678
      vertex -9.79442 7.09928 4.38268
    endloop
  endfacet
  facet normal -1.86748e-17 -0.955421 0.295248
    outer loop
      vertex -10.1893 4.57341 0
      vertex -9.625 4.84587 0.881678
      vertex -10.2325 4.84587 0.881678
    endloop
  endfacet
  facet normal -1.73781e-17 -0.955421 0.295248
    outer loop
      vertex -9.625 4.84587 0.881678
      vertex -10.1893 4.57341 0
      vertex -9.53647 4.57341 0
    endloop
  endfacet
  facet normal -0.908675 0.295167 -0.295273
    outer loop
      vertex -11.5 6 0
      vertex -10.9818 6.71329 -0.881678
      vertex -11.2135 6 -0.881678
    endloop
  endfacet
  facet normal 0.561577 0.772955 -0.295249
    outer loop
      vertex -9.53647 7.42658 0
      vertex -8.78647 6.88168 0
      vertex -9.01824 6.71329 -0.881678
    endloop
  endfacet
  facet normal 0.474199 0.826617 -0.30305
    outer loop
      vertex -9.79442 8.90072 3.61732
      vertex -9.53647 7.42658 0
      vertex -9.625 7.15413 -0.881678
    endloop
  endfacet
  facet normal 0.564856 0.777467 -0.276556
    outer loop
      vertex -9.79442 8.90072 3.61732
      vertex -8.78647 6.88168 0
      vertex -9.53647 7.42658 0
    endloop
  endfacet
  facet normal 0 0.932216 -0.361903
    outer loop
      vertex -10.375 7.15413 -0.881678
      vertex -9.79442 8.90072 3.61732
      vertex -9.625 7.15413 -0.881678
    endloop
  endfacet
  facet normal -0.90867 0.29527 -0.295186
    outer loop
      vertex -11.5 6 0
      vertex -11.2135 6.88168 0
      vertex -10.9818 6.71329 -0.881678
    endloop
  endfacet
  facet normal -0.561728 0.773162 -0.29442
    outer loop
      vertex -11.2135 6.88168 0
      vertex -10.576 8.72232 3.61732
      vertex -10.4635 7.42658 0
    endloop
  endfacet
  facet normal 0.603032 0.756185 -0.254039
    outer loop
      vertex -9.79442 8.90072 3.61732
      vertex -9.16761 8.40086 3.61732
      vertex -8.78647 6.88168 0
    endloop
  endfacet
  facet normal -0.899217 0.433101 -0.0619056
    outer loop
      vertex -11.2135 6.88168 0
      vertex -10.9239 8 3.61732
      vertex -10.576 8.72232 3.61732
    endloop
  endfacet
  facet normal 0.515211 -0.709122 0.481356
    outer loop
      vertex -9.79442 7.09928 4.38268
      vertex -9.625 4.84587 0.881678
      vertex -9.01824 5.28671 0.881678
    endloop
  endfacet
  facet normal 0.547919 -0.687075 0.477193
    outer loop
      vertex -9.79442 7.09928 4.38268
      vertex -9.01824 5.28671 0.881678
      vertex -9.16761 7.59914 4.38268
    endloop
  endfacet
  facet normal 0.356828 0.491113 -0.794659
    outer loop
      vertex -9.85676 6.44084 -1.42658
      vertex -9.01824 6.71329 -0.881678
      vertex -9.625 6.27245 -1.42658
    endloop
  endfacet
  facet normal 0.577342 0.187602 -0.794658
    outer loop
      vertex -9.625 6.27245 -1.42658
      vertex -9.01824 6.71329 -0.881678
      vertex -9.53647 6 -1.42658
    endloop
  endfacet
  facet normal -0.669354 -0.322383 0.669354
    outer loop
      vertex -10.9239 8 4.38268
      vertex -10.2386 7.70081 4.92388
      vertex -10.3827 8 4.92388
    endloop
  endfacet
  facet normal 0.950643 0.308877 -0.0295555
    outer loop
      vertex -9.16761 8.40086 3.61732
      vertex -8.5 6 0
      vertex -8.78647 6.88168 0
    endloop
  endfacet
  facet normal 0.908664 -0.295237 -0.295238
    outer loop
      vertex -8.78647 5.11832 0
      vertex -8.78647 6 -0.881678
      vertex -8.5 6 0
    endloop
  endfacet
  facet normal -0.669357 0.322385 0.669349
    outer loop
      vertex -10.576 8.72232 4.38268
      vertex -10.3827 8 4.92388
      vertex -10.2386 8.29919 4.92388
    endloop
  endfacet
  facet normal 0.463212 0.580854 0.669361
    outer loop
      vertex -9.79442 8.90072 4.38268
      vertex -9.65521 8.16604 4.92388
      vertex -9.16761 8.40086 4.38268
    endloop
  endfacet
  facet normal -0.210054 0.920259 -0.330154
    outer loop
      vertex -10.576 8.72232 3.61732
      vertex -9.79442 8.90072 3.61732
      vertex -10.375 7.15413 -0.881678
    endloop
  endfacet
  facet normal 0 0.60706 -0.794656
    outer loop
      vertex -10.1432 6.44084 -1.42658
      vertex -9.625 7.15413 -0.881678
      vertex -9.85676 6.44084 -1.42658
    endloop
  endfacet
  facet normal 0 0.60706 -0.794656
    outer loop
      vertex -9.625 7.15413 -0.881678
      vertex -10.1432 6.44084 -1.42658
      vertex -10.375 7.15413 -0.881678
    endloop
  endfacet
  facet normal -0.222532 0.974925 0
    outer loop
      vertex -9.79442 8.90072 3.61732
      vertex -10.576 8.72232 4.38268
      vertex -9.79442 8.90072 4.38268
    endloop
  endfacet
  facet normal -0.222532 0.974925 0
    outer loop
      vertex -10.576 8.72232 4.38268
      vertex -9.79442 8.90072 3.61732
      vertex -10.576 8.72232 3.61732
    endloop
  endfacet
  facet normal -0.919083 -0.298643 0.257096
    outer loop
      vertex -11.5 6 0
      vertex -11.1249 6 1.34093
      vertex -10.9239 8 4.38268
    endloop
  endfacet
  facet normal -0.960929 0.276796 0
    outer loop
      vertex -11.5 6 0
      vertex -10.9239 8 4.38268
      vertex -10.9239 8 3.61732
    endloop
  endfacet
  facet normal 0.561584 -0.772949 0.295249
    outer loop
      vertex -9.625 4.84587 0.881678
      vertex -9.53647 4.57341 0
      vertex -9.01824 5.28671 0.881678
    endloop
  endfacet
  facet normal 0.561584 -0.77295 0.29525
    outer loop
      vertex -9.53647 4.57341 0
      vertex -8.78647 5.11832 0
      vertex -9.01824 5.28671 0.881678
    endloop
  endfacet
  facet normal -0.577041 -0.18744 -0.794915
    outer loop
      vertex -10.4216 5.74268 -1.39632
      vertex -10.4635 6 -1.42658
      vertex -10.375 5.72755 -1.42658
    endloop
  endfacet
  facet normal -0.576199 -0.187377 -0.795541
    outer loop
      vertex -10.4635 6 -1.42658
      vertex -10.4216 5.74268 -1.39632
      vertex -10.4705 6 -1.42151
    endloop
  endfacet
  facet normal -0.35668 -0.491123 -0.794718
    outer loop
      vertex -10.4134 5.69966 -1.39211
      vertex -10.375 5.72755 -1.42658
      vertex -10.375 5.57719 -1.33366
    endloop
  endfacet
  facet normal 0.577346 0.187598 -0.794656
    outer loop
      vertex -9.53647 6 -1.42658
      vertex -9.01824 6.71329 -0.881678
      vertex -8.78647 6 -0.881678
    endloop
  endfacet
  facet normal 0.963445 0.267906 -0
    outer loop
      vertex -9.16761 8.40086 3.61732
      vertex -9.16761 8.40086 4.38268
      vertex -8.5 6 0
    endloop
  endfacet
  facet normal 0.463219 0.580852 0.669357
    outer loop
      vertex -9.91484 8.37309 4.92388
      vertex -9.65521 8.16604 4.92388
      vertex -9.79442 8.90072 4.38268
    endloop
  endfacet
  facet normal -0.669354 -0.322389 0.669351
    outer loop
      vertex -10.9239 8 4.38268
      vertex -10.576 7.27768 4.38268
      vertex -10.2386 7.70081 4.92388
    endloop
  endfacet
  facet normal 0.908664 0.295237 -0.295238
    outer loop
      vertex -8.78647 6 -0.881678
      vertex -8.78647 6.88168 0
      vertex -8.5 6 0
    endloop
  endfacet
  facet normal -0.561582 0.772961 -0.295225
    outer loop
      vertex -11.2135 6.88168 0
      vertex -10.4635 7.42658 0
      vertex -10.375 7.15413 -0.881678
    endloop
  endfacet
  facet normal -0.552989 0.778777 -0.296159
    outer loop
      vertex -10.576 8.72232 3.61732
      vertex -10.375 7.15413 -0.881678
      vertex -10.4635 7.42658 0
    endloop
  endfacet
  facet normal -0.57708 -0.187778 -0.794807
    outer loop
      vertex -10.4216 5.74268 -1.39632
      vertex -10.375 5.72755 -1.42658
      vertex -10.4134 5.69966 -1.39211
    endloop
  endfacet
  facet normal -0 -0.955421 -0.295248
    outer loop
      vertex -9.625 4.84587 -0.881678
      vertex -10.1893 4.57341 0
      vertex -10.2325 4.84587 -0.881678
    endloop
  endfacet
  facet normal 0 -0.955421 -0.295248
    outer loop
      vertex -10.1893 4.57341 0
      vertex -9.625 4.84587 -0.881678
      vertex -9.53647 4.57341 0
    endloop
  endfacet
  facet normal 0.561584 -0.772949 -0.295249
    outer loop
      vertex -9.625 4.84587 -0.881678
      vertex -9.01824 5.28671 -0.881678
      vertex -9.53647 4.57341 0
    endloop
  endfacet
  facet normal -0.576221 0.187174 -0.795572
    outer loop
      vertex -10.4705 6 -1.42151
      vertex -10.375 6.27245 -1.42658
      vertex -10.4635 6 -1.42658
    endloop
  endfacet
  facet normal -0.577358 0.18759 -0.794649
    outer loop
      vertex -10.375 6.27245 -1.42658
      vertex -10.4705 6 -1.42151
      vertex -11.2135 6 -0.881678
    endloop
  endfacet
  facet normal -0.577353 0.187543 -0.794664
    outer loop
      vertex -11.2135 6 -0.881678
      vertex -10.9818 6.71329 -0.881678
      vertex -10.375 6.27245 -1.42658
    endloop
  endfacet
  facet normal 0.356828 -0.491113 -0.794659
    outer loop
      vertex -9.85676 5.55916 -1.42658
      vertex -9.625 5.72755 -1.42658
      vertex -9.01824 5.28671 -0.881678
    endloop
  endfacet
  facet normal 0.577342 -0.187602 -0.794658
    outer loop
      vertex -9.625 5.72755 -1.42658
      vertex -9.53647 6 -1.42658
      vertex -9.01824 5.28671 -0.881678
    endloop
  endfacet
  facet normal 0.908655 0.29525 -0.295251
    outer loop
      vertex -9.01824 6.71329 -0.881678
      vertex -8.78647 6.88168 0
      vertex -8.78647 6 -0.881678
    endloop
  endfacet
  facet normal 0.920986 -0.299241 0.249479
    outer loop
      vertex -9.16761 7.59914 4.38268
      vertex -8.78647 5.11832 0
      vertex -8.5 6 0
    endloop
  endfacet
  facet normal 0.356823 0.491121 -0.794655
    outer loop
      vertex -9.85676 6.44084 -1.42658
      vertex -9.625 7.15413 -0.881678
      vertex -9.01824 6.71329 -0.881678
    endloop
  endfacet
  facet normal 0.561586 0.772951 -0.295241
    outer loop
      vertex -9.625 7.15413 -0.881678
      vertex -9.53647 7.42658 0
      vertex -9.01824 6.71329 -0.881678
    endloop
  endfacet
  facet normal -0.356806 -0.491099 -0.794677
    outer loop
      vertex -10.321 5.405 -1.25148
      vertex -10.1432 5.55916 -1.42658
      vertex -10.2792 5.14079 -1.10697
    endloop
  endfacet
  facet normal -0.356756 -0.491148 -0.794669
    outer loop
      vertex -10.375 5.57719 -1.33366
      vertex -10.1432 5.55916 -1.42658
      vertex -10.321 5.405 -1.25148
    endloop
  endfacet
  facet normal -0.356762 -0.491107 -0.794692
    outer loop
      vertex -10.1432 5.55916 -1.42658
      vertex -10.375 5.57719 -1.33366
      vertex -10.375 5.72755 -1.42658
    endloop
  endfacet
  facet normal -7.91527e-06 -0.607061 -0.794655
    outer loop
      vertex -10.2792 5.14079 -1.10697
      vertex -9.85676 5.55916 -1.42658
      vertex -9.625 4.84587 -0.881678
    endloop
  endfacet
  facet normal -1.27966e-17 -0.60705 -0.794663
    outer loop
      vertex -10.2792 5.14079 -1.10697
      vertex -9.625 4.84587 -0.881678
      vertex -10.2325 4.84587 -0.881678
    endloop
  endfacet
  facet normal -0 -0.607067 -0.794651
    outer loop
      vertex -9.85676 5.55916 -1.42658
      vertex -10.2792 5.14079 -1.10697
      vertex -10.1432 5.55916 -1.42658
    endloop
  endfacet
  facet normal -0.900945 0.433933 1.52331e-17
    outer loop
      vertex -10.9239 8 3.61732
      vertex -10.576 8.72232 4.38268
      vertex -10.576 8.72232 3.61732
    endloop
  endfacet
  facet normal -0.900945 0.433933 1.52331e-17
    outer loop
      vertex -10.576 8.72232 4.38268
      vertex -10.9239 8 3.61732
      vertex -10.9239 8 4.38268
    endloop
  endfacet
  facet normal 0 0 1
    outer loop
      vertex -9.91484 8.37309 4.92388
      vertex -9.65521 7.83396 4.92388
      vertex -9.65521 8.16604 4.92388
    endloop
  endfacet
  facet normal 0 0 1
    outer loop
      vertex -9.91484 8.37309 4.92388
      vertex -9.91484 7.62691 4.92388
      vertex -9.65521 7.83396 4.92388
    endloop
  endfacet
  facet normal -0 0 1
    outer loop
      vertex -10.2386 8.29919 4.92388
      vertex -9.91484 7.62691 4.92388
      vertex -9.91484 8.37309 4.92388
    endloop
  endfacet
  facet normal 0 0 1
    outer loop
      vertex -10.2386 8.29919 4.92388
      vertex -10.2386 7.70081 4.92388
      vertex -9.91484 7.62691 4.92388
    endloop
  endfacet
  facet normal 0 -0 1
    outer loop
      vertex -10.2386 7.70081 4.92388
      vertex -10.2386 8.29919 4.92388
      vertex -10.3827 8 4.92388
    endloop
  endfacet
  facet normal -0.356778 0.491128 -0.794671
    outer loop
      vertex -10.375 6.27245 -1.42658
      vertex -10.375 7.15413 -0.881678
      vertex -10.1432 6.44084 -1.42658
    endloop
  endfacet
  facet normal 0 0 -1
    outer loop
      vertex -9.625 5.72755 -1.42658
      vertex -9.625 6.27245 -1.42658
      vertex -9.53647 6 -1.42658
    endloop
  endfacet
  facet normal 0 0 -1
    outer loop
      vertex -9.85676 5.55916 -1.42658
      vertex -9.625 6.27245 -1.42658
      vertex -9.625 5.72755 -1.42658
    endloop
  endfacet
  facet normal 0 0 -1
    outer loop
      vertex -9.85676 5.55916 -1.42658
      vertex -9.85676 6.44084 -1.42658
      vertex -9.625 6.27245 -1.42658
    endloop
  endfacet
  facet normal 0 0 -1
    outer loop
      vertex -10.1432 5.55916 -1.42658
      vertex -9.85676 6.44084 -1.42658
      vertex -9.85676 5.55916 -1.42658
    endloop
  endfacet
  facet normal 0 0 -1
    outer loop
      vertex -10.1432 5.55916 -1.42658
      vertex -10.1432 6.44084 -1.42658
      vertex -9.85676 6.44084 -1.42658
    endloop
  endfacet
  facet normal 0 0 -1
    outer loop
      vertex -10.375 5.72755 -1.42658
      vertex -10.1432 6.44084 -1.42658
      vertex -10.1432 5.55916 -1.42658
    endloop
  endfacet
  facet normal 0 0 -1
    outer loop
      vertex -10.375 5.72755 -1.42658
      vertex -10.375 6.27245 -1.42658
      vertex -10.1432 6.44084 -1.42658
    endloop
  endfacet
  facet normal 0 -0 -1
    outer loop
      vertex -10.375 6.27245 -1.42658
      vertex -10.375 5.72755 -1.42658
      vertex -10.4635 6 -1.42658
    endloop
  endfacet
  facet normal -0.356801 0.491124 -0.794664
    outer loop
      vertex -10.9818 6.71329 -0.881678
      vertex -10.375 7.15413 -0.881678
      vertex -10.375 6.27245 -1.42658
    endloop
  endfacet
  facet normal 0.577346 -0.187598 -0.794656
    outer loop
      vertex -9.53647 6 -1.42658
      vertex -8.78647 6 -0.881678
      vertex -9.01824 5.28671 -0.881678
    endloop
  endfacet
  facet normal 0.908655 -0.29525 -0.295251
    outer loop
      vertex -9.01824 5.28671 -0.881678
      vertex -8.78647 6 -0.881678
      vertex -8.78647 5.11832 0
    endloop
  endfacet
endsolid OpenSCAD_Model
